file_name,label,image_sha256,text_sha256,logp_0,logp_1,tokens_0,tokens_1,log_odds_1,score_1,prediction_at_0_5
1377.jpg,1,68e4ab7866b2cafe21d630eb017a1115f16077c00a1866b5ad34549229017a6c,a0edc11d1d77e8f6f2aa3373587f4b69132586267e3b85b09c69cb8c447d35ab,-4.785610198974609,-0.008797895163297653,8,7,4.776812303811312,0.9916475455355944,1
5498.jpg,1,9ec7f222cdfe794a8ffaf3b8bd101aaecc57d3f3ab187b1ee18c45243cfc1542,41e3fdaae2f1523f242e675e5dcef6c97753665bcd982bde46987d603b4682d2,-2.728888511657715,-0.0686514601111412,8,7,2.6602370515465736,0.93463914926341,1
5697.jpg,1,dd06e04065588d5efaeca7ee496d61f2cce1c70a73de910d5d85a64c675b48a7,9da2c79e4c10d487c22d36ffe4aa663c97729ef1e25ed5b523fdced77285d78f,-0.6915653944015503,-0.700016975402832,8,7,-0.008451581001281738,0.4978871173264616,0
5182.jpg,1,dadab09241703dcdbf1e83ec76a956ce40698c4fc0af571067d3c8565c522604,0776f88e1ceca9a86d8da2f022e3884e41ec4a29de27eb0c2bea1bc0327278ee,-5.144617557525635,-0.006323270965367556,8,7,5.138294286560267,0.9941665391589521,1
6162.jpg,1,a06e969da1b6448a07e03b43d5c95ef9d3db49a9a6d4c048f75a2af61dce700f,b8accbaa5523e842fc2385f01a431fded142de06d5c9f27a6e2ada2d028c0fdf,-3.1740224361419678,-0.044143740087747574,8,7,3.12987869605422,0.9581085244872563,1
6772.jpg,0,818b124c71e12d190757fd00712f830517db1fcf55d571fdd69d2b2db6482eea,518030c87edeb5d4c1cbec23594887c00d4b7fa410180f967bed521567fb8ccc,-0.023694263771176338,-3.851968288421631,8,7,-3.8282740246504545,0.02128424720549893,0
3932.jpg,0,e53dfa202d611f4906a292b9942a21ebc1b99112fa4fe391a6ea02b2dcfaa7c6,fb292cb86c068c3ab9c92fa85cf2262cbb0b73cb5a6ec2264b1a04b312fb8c1d,-0.00046508375089615583,-8.381338119506836,8,7,-8.38087303575594,0.00022915722470191925,0
5457.jpg,0,ae00abf1b18a235dba1614235f14dea13753ac1a80aeb877d766c9fe6328271e,e6cd88c41e8849461a20ae17fd3a13b898770dd38fa08610898d2d9494ed4c18,-0.000605453213211149,-8.035380363464355,8,7,-8.034774910251144,0.0003238925104046793,0
10007.jpg,0,a4d053b4e462cde3c460f9c4dc3a9e64416c697c9063560ab1132d54f112fa14,b1e5794c8c41deb3239de662b85526b22c11332b0d95eb8ac8182a6921af1809,-0.016593264415860176,-4.251190185546875,8,7,-4.234596921131015,0.0142788100649787,0
7391.jpg,0,3059efce07faaf5062547f38413687fd04845a954e2f018a5c2b5998c524177e,c953be9c5f95fa7ed69fd25c738caf2bf5baf633dfa6a1ab98b2d82901ddcb3a,-0.011500217020511627,-4.6018829345703125,8,7,-4.590382717549801,0.010047006636252832,0
2991.jpg,1,b52520686a0b3abc2be628a1d50fa058360133e85f0219ba84574f647bf657c1,d130f2bd41222deae611aa7d65dd1d5b599f5d3cbf2696ca906fefcf7a33857f,-5.203545570373535,-0.006068795919418335,8,7,5.197476774454117,0.9944999166863202,1
6324.jpg,0,7d3f059a7150714d8d572661f0e33cce01c2800e46347126099aaab55e350b5c,66cf7807f13d2f86931e439cfc75d0b3e1a2ace5adc66da671b7f9eedc82d96b,-0.12814058363437653,-2.142636299133301,8,7,-2.0144957154989243,0.11768934620888712,0
1804.jpg,1,33c635d34e77a44b09efb7b77df2e4f135f431e9c83b5a5e8eb1a3b226f77447,614d779a774b7d990b42c46fd2c00b2279e13c1c9951bd7d2749c36f6c73e043,-3.03116774559021,-0.0506640300154686,8,7,2.9805037155747414,0.951685537480796,1
552.jpg,1,74cb243fa6670de809039b9cec7556fed0f350474330b6502788c526b9471afa,4bc008a63e9280abe0868b10180deea5bdc18254fe1df9f0f02844ab901f4f2c,-0.39854252338409424,-1.1217398643493652,8,7,-0.723197340965271,0.32668929560620374,0
13261.jpg,1,500000cdbb594bb9176a27f0f1eff3f054aba211a6c7056b9de4fbd7816235d0,f1c3f10d012af2b342c67d3380a75df75070276b86db3187a2377c0944837f14,-6.053477764129639,-0.002644158434122801,8,7,6.050833605695516,0.9976496399086869,1
10285.jpg,0,f00ea41de4ffcf60fca82929e6dd6c90d60c51b2c6d85966c54b63f9e7d73629,8daac9cd7ab3d0a2d10e68954fe41398b99d34efe9ed64e9b9fc78e4d52b3947,-0.00015770914615131915,-10.095489501953125,8,7,-10.095331792806974,4.1270068115079484e-05,0
6225.jpg,0,f1a167e8acf42ace13813a89c5fe11a4696b845e37b1be6637b6a1ea02b01278,8946f27a04339f3bd9df9efed04cc44279e70ad9dd49946a6bfc39aecb9d2f23,-0.0013935373863205314,-6.961076736450195,8,7,-6.959683199063875,0.0009484967965614688,0
7602.jpg,1,5bceab0878c7a6a2d128ed3eeaba8b438b754e73cbf450d8c38e499388a3aac5,7856d87a1f48442f19e5bba32b662aaac4754aa6fbe53078d508e31b9c3392d5,-3.4339988231658936,-0.034423984587192535,8,7,3.399574838578701,0.9676912453154682,1
5988.jpg,1,ac46db5b97e886276d91ecfcc23682ac4be90a02abea502af99313e61673a72d,4e9b7c0ba20db1bc2e8a50b6274c75eed2caedbfe9b8e6c2f52da9f4a5369bc4,-1.2329295873641968,-0.34757688641548157,8,7,0.8853527009487152,0.7079302029948038,1
991.jpg,0,66ca463ca969398101cd07b3e345c24742ac79d6c53ddfac0cfafcd1436e80be,1470f468ecdb0f0b41c58a272888fb66e4f22c3a6b5266b0a4ef27869a841600,-0.10615300387144089,-2.3307790756225586,8,7,-2.2246260717511177,0.0975607537220787,0
10270.jpg,1,cda49f02c5fa33685baf66600cc14c88a659f2e9ffd5dc3f02f03ebebb46c336,f2c1c067138abca5e3eaaeaa6d86c6b9171a0dd75fbc1b4ee300580d1bdd4dec,-4.472922325134277,-0.011872085742652416,8,7,4.461050239391625,0.9885816580225832,1
2588.jpg,0,0427da9277ffc43a44067d6ef6202182905d85d9e6d58ecbec935925f2a0eeb6,d7cdba98b144bc7e51f5d0d661d5c6726f26a0bdce652c6060729839f9242d66,-0.0002039594401139766,-9.81914234161377,8,7,-9.818938382173656,5.440835713963423e-05,0
132.jpg,0,8702a42a70c75cad28c60726e74fc65422b384ac42250932b9c5cbefa3b776a5,3432c4363ad6575c75966d3b6b86da03b643a08b86dbe0e008e128cf2ff008a5,-0.0003274361079093069,-8.774662971496582,8,7,-8.774335535388673,0.00015462771403163336,0
10293.jpg,0,82657239f2a4df37667f2ca4d61d947150fa9e3cf43f12dbb8dbbd5b8b7adefa,f2e3bd8f5af3aa01e2d61687df645f95f602a0712e652ba8fb49ebe47af92bfe,-0.10696239024400711,-2.319880485534668,8,7,-2.212918095290661,0.0985964230150667,0
6391.jpg,1,a43d7db167fe3b0afa644e9906234468f4faef638810a958d847debb6e6a4f40,cbf062c4b364453214416ed1f08686f4f29ab7fdc704f027174e92f420bf3f94,-2.486111640930176,-0.08868575096130371,8,7,2.397425889968872,0.9166308040206369,1
7197.jpg,0,801bde428a83f664aad6127b0146d3c2a8d878c397ed44e04d1cc51f155160f4,887caa54e22339fb046371a3abcea8372cc9ed6e492ccbd8bfaed689b5f3c37c,-0.00014233343244995922,-10.92297077178955,8,7,-10.9228284383571,1.804130909305106e-05,0
7184.jpg,0,dc6267adc412fe58f2d7ff75fdd67aedcac9c9c735b12dfc5cfcf4a714c9c302,7787f6d0f692bed3b8dd792e6be165921e50d9c423aed1dfa357b3ae7eea58d9,-0.00013959049829281867,-10.624960899353027,8,7,-10.624821308854735,2.4304583263565365e-05,0
1118.jpg,1,3bc736b8f5e9659f98c5eacea1e7f0e92164e95629f3fa4fb080dcdafb360dc9,b1aef78582d237fad7bb8f44369a0d33e2e457adda287a3915bd0e139d35858d,-3.6836328506469727,-0.02623104676604271,8,7,3.65740180388093,0.9748494137171569,1
3289.jpg,0,f279e0ae701e436d26a167aff5f52a6db386f83e2dec68843d114ee407f0552b,41b7cadbbfadb22c9f9b20e39b94b8082044d176d8ce4284e99366dfca971179,-0.00014042580733075738,-10.919293403625488,8,7,-10.919152977818158,1.8107740019306394e-05,0
3029.jpg,0,d9e142155a71771a3892158e709aa6f8a691d97803c1fdffd4650f6ea2c4ee32,02ee49b2e0e029f473d7418a896b70d35bda9c47f3313ef1616dbcbfff0271c1,-0.052491720765829086,-3.04894757270813,8,7,-2.996455851942301,0.04758624301210333,0
865.jpg,1,5846469ded0a702c6983a1a163ce31612ace44fb6f192a8dcb2e1284a24571e0,84d535564838e5fc3688a14e279dd32e7dfdf017edd4523dbe3fbbd8f91f8f98,-5.183966636657715,-0.006138224620372057,8,7,5.177828412037343,0.994391392495017,1
10033.jpg,1,4b34f1ada0d90774389ad465cefdf9c522860e67fda5d9cf01caa027d21dd56d,9c60eae197ebbf08e36ed94866c617cce67a83a05d2fdba1a0678e390fc41430,-2.6816065311431885,-0.07307949662208557,8,7,2.608527034521103,0.9314083529529014,1
4599.jpg,0,18e9e3b4f6f3713c11b3d0fc146ed1c2ce56d718f9038916d79e7d34b928199c,cc9bb6e5c61f64e85c667cc403b320d26f407b821b5d7459aed9bd1227cad6ef,-0.3273555636405945,-1.28671395778656,8,7,-0.9593583941459656,0.277006673444895,0
4937.jpg,1,88ed99f48efdea330cc7ca52a1238366fdcccf49d6418e2d6db583a524a5c67a,432b22157478dcf463e85950862cc49cce99f8904d7ff7d61298d8e383c7b5db,-3.4020793437957764,-0.03484855592250824,8,7,3.367230787873268,0.9666645708016262,1
9799.jpg,0,2173d00c2d708a9953267ff26ccf8356242b996fadeae6debf0c33743f10bb9a,c6c5357b990448253af051421a6c64a1eede2a17534ea00dfafcf1258e9f8b6b,-0.05499104782938957,-2.976710557937622,8,7,-2.9217195101082325,0.05109027458994207,0
4010.jpg,1,3812fd22c116e396066823725d8094e7f3e45363812a9832483f3c05f7ed9600,d29daaa71375820bec86ad1aeabcc6e5f2a466f4c0582747508b992c71455c36,-3.634427070617676,-0.02754022367298603,8,7,3.6068868469446898,0.973580723984288,1
2460.jpg,0,eed521c1a83ea089cecec78038006e8436c616966232b67805367c317b16cc32,5fbe3930d3671db8db3040b971491764f651a374ca02deb301a1e90d3f42b65e,-0.24781973659992218,-1.5384422540664673,8,7,-1.290622517466545,0.21574746192096614,0
220.jpg,1,3410ee307ca0f923dcaea325b634e004e634163965ce93b2aad3f6ca987462c1,0bcdd27b55bc3b6116b4ecd1e6fee305ab30d7151d3e3e4c5bb96976c7ee3ff0,-6.677555084228516,-0.0015695813344791532,8,7,6.6759855028940365,0.9987407582666972,1
8245.jpg,1,6acef259be19a3abbd8e0e737df5188eef7d332ccde52bf1c5a9e822aeed91ef,fe56e3d450366c69a57989884d22641dfc4a3ae9a22b954869133471d4ec3f1f,-2.86173152923584,-0.0605531670153141,8,7,2.8011783622205257,0.9427394673682699,1
4824.jpg,1,798c372b5b758d9c293a1dbe2e52b1c137256a11c76e59f3be8b25195842e9ba,cf3bd98557be36b70427cef561e629d188db106391195ead944bc10b8019dbd0,-1.211976170539856,-0.35636216402053833,8,7,0.8556140065193176,0.7017434808314686,1
9923.jpg,1,c9c3822592b3880a0375dfe7ce14769cea6237fd5c5859347ae886620cd8ba4c,9c5c24c38a0bde255764d791ebd95ec3a4ffa4224f69f1daa356cf1c3e699e8a,-2.4416873455047607,-0.09313519299030304,8,7,2.3485521525144577,0.9128190761086613,1
1317.jpg,0,7f8511f80ec154ee07a4c41fb29649a56df25bdaef6c743146d5ad230a0ad3a4,0891bbc0ba08711bdf75cbf25db6f1495b70826b40345d46bcd45c40cac4b367,-0.00010073059820570052,-11.761982917785645,8,7,-11.761882187187439,7.796076346795052e-06,0
6504.jpg,0,1897bff48c2b9fc3b08791289a8ab5a662ea9cd25d9b8132cbfbac66982e25aa,9d7ccadcea33868d66ba4434a44d8cae00bbd7b085f0e0b1e51d59ddb29471c5,-0.00020419832435436547,-10.19594669342041,8,7,-10.195742495096056,3.73275154624492e-05,0
2732.jpg,0,7aef9e9818d7d943d8888a3e5659d59411a6e252bb8b67d35485e64cc0cf3af4,f44fcdcd2b85379718f2e2b09b706ccf9b249ed4815b83f9248954ebeda422de,-0.3598145544528961,-1.2052767276763916,8,7,-0.8454621732234955,0.3003856357774167,0
5201.jpg,0,9de25d52c3a6347a82fc5d65399f6892c45f646ad4cbbc6b1301abe34d19b1b4,f700a19e3d1ba5ce2b837bd486f56b40b29f456bef52a08985e7a9768e583298,-0.0007789063383825123,-7.636409759521484,8,7,-7.635630853183102,0.0004827007456907536,0
11512.jpg,0,d3d0a12f663860a17c192f34d15886dc15417c7bbd49702ace7890c040611389,df33bf04487ef9d3a50c6fc53f2c5121d3476c2c5eec85f79b74c85e6d6b334d,-0.9189490675926208,-0.5140519738197327,8,7,0.4048970937728882,0.5998636688193928,1
5025.jpg,0,ff427dd7034a9b2ccdf078199f4ba908f532ebed8dd0938c544dc819d6875c15,2849f2523a331bd9a2e733fbfc3e7957cdedb6bd6a7b49b3dadc1d8b57ab032d,-0.013956902548670769,-4.409617900848389,8,7,-4.395660998299718,0.012180532223398774,0
6119.jpg,0,a2bb5b96216f373b5dc24bf50fd3ee104b10e09fc8935627a53e88d514b40e4c,b39400fa21de9e9215c1e1a965e764fb9e5c1a5889c487c2dac7dffa6bb2cc06,-0.08757950365543365,-2.5191972255706787,8,7,-2.431617721915245,0.08079324446727328,0
3990.jpg,1,52bc6806b088b5e5b30f0d5acf64003b8a2b2c7d60273e2d78fc4c6db71de721,bc64b4d6c536e3c71e689a43aedfb0fa445ee327238f2307bb185bc51699e38c,-2.6162400245666504,-0.07738742977380753,8,7,2.538852594792843,0.9268210433016383,1
3238.jpg,1,d654109bcaed9aa7a349b7380d760a6f9ccfc62acb5ec3cfc3d1de8e3c3acfdb,6267c570d6cfb826a8c85fea029ce2def4441c3568d964ffab71c3743554ddf4,-3.0811920166015625,-0.04807780683040619,8,7,3.0331142097711563,0.9540478947192778,1
22.jpg,0,b04fb8528cc8e740c0e80b07cefcdc0a0f883cadf70b0866bc193b27c0f0d249,fa3a5e33173f08c377f20639368800945ed4cb3558514d446ddc218561c98247,-0.030423883348703384,-3.589096784591675,8,7,-3.5586729012429714,0.027688127420045682,0
8806.jpg,1,cee8b741a395608d8b2c5f2d82c6539f845eca44a7bef3b0105fd4e31cd81842,60768c83c5be85baea30529047f2b30f0c553f51031bb424cb373ca1fbb74dab,-3.23996639251709,-0.0407438725233078,8,7,3.199222519993782,0.9608050087701787,1
4576.jpg,1,d235dca6f64f1c1179e7dedc9e62574090fead6fcbab4d75f90447f7b94570fb,38e1b78c82e46a884a439d473fcb764efd8e1018be4d310cb835ebf84b0d9482,-3.707366466522217,-0.025823619216680527,8,7,3.6815428473055363,0.9754345683905876,1
3739.jpg,1,ad9a9b4d6362fe8a9500759dfd719afa05ccd8274c678daccc7a338ccce5a2fe,45caa0743112668e0be16582bf689324f19358a4d1683282646c08b2c2539c03,-6.770059108734131,-0.0014771743444725871,8,7,6.768581934389658,0.9988519961159078,1
4296.jpg,1,c6612f5bdc4a489ab4b635ce89af0ccacc4179b0abe9c6b1ef29dcb42171c06e,71930af8f0c40edf776e3fa3602f9ef3dd95a87e671842f3045cf7c3774d053e,-0.5841213464736938,-0.822111964225769,8,7,-0.2379906177520752,0.4407815906564935,0
6483.jpg,0,7517e654ec73b65e9535299a1ca107af2235edbbdf934c97c44a57c0ce5fd91b,560d04fce44bbf491f44faa837607227aa0df67e4bc46331cc5230b7065159b0,-0.00011610792716965079,-10.848306655883789,8,7,-10.84819054795662,1.9439373486363203e-05,0
5967.jpg,1,d1ff1d68a1dde9533613593d3a507b626e4035cf61b57d34670da83a76312715,db894d7beadeab7bb2dc45ca8233afb1a3672666d1350547b60993a6d5d28e06,-0.47233691811561584,-0.9863268136978149,8,7,-0.5139898955821991,0.3742586676337715,0
8308.jpg,0,08e7ffe9dc0759a107d47139676c0ca3978b5f65c82334f5590c3dfed40c06e7,5a73ee000f11955f3513d99e580c0a8378c6431b25e3a792dbf3b010f26cfb5e,-0.002202969277277589,-6.427779674530029,8,7,-6.425576705252752,0.0016169801179642131,0
10574.jpg,1,62bdadcaabd2e53e74190aa7914f8d743738e091c71dc73ca5a4abb58edd4c9a,d835962e2a0c7d1976e52723c61d3db9b75636dae6c01d7e38d981f4de58bdef,-3.277263879776001,-0.039521876722574234,8,7,3.2377420030534267,0.9622301320154354,1
1892.jpg,0,1e4854074f9e6d00073db1970aa92dc2aa3a3b5d935cc4e0a2a90476f67a8f47,153997bbc0cd1c2cfb0849e571fcb7da3be2d7f547ffef0f2b21abeeb5fa8d4b,-0.00016200204845517874,-10.374750137329102,8,7,-10.374588135280646,3.121476460601679e-05,0
1381.jpg,0,2463f3d6449d8d7a116e57de27c1755cc586ad41e83a515d9c36e2c590e90b8e,20548fb8bab1fa5c480b49c2c2d9a4f81df6ab832e20796e519901b885e86d15,-0.00025819524307735264,-9.655776023864746,8,7,-9.655517828621669,6.406695192222752e-05,0
1590.jpg,0,013f74a82b9817cbf4c8251a1a46f7e62fa749d1dbfc592609e20650cda047d1,7069f59108034e023543dd0743a304bb49cea912b833f75376383c5dc851ed07,-1.4229029417037964,-0.2782239317893982,8,7,1.1446790099143982,0.7585376747690675,1
8909.jpg,0,0f806c00b9111481d0a828f5cbda2ad6aece99a92aa1639e69805a30fdb4f17b,99b8fa0abfcf42eabd58cb7927a5a4178bb79c30536593e35434631dc5aaa914,-0.0009312471374869347,-7.512998104095459,8,7,-7.512066856957972,0.0005461520406827558,0
3462.jpg,1,7e12683bdd6dd342f3abf4091c21d718f8b158d2d04254bdc238f3abf6d91a78,f8f7633afac1349f8bede09f97dd6d8dbcacedf87924c3155bd9c85cccb871e4,-1.991476058959961,-0.14904625713825226,8,7,1.8424298018217087,0.8632358224531694,1
3552.jpg,0,9035c3722800cf7a737e1115508fce536d2c7aa95d386f77e111b6c0406f7fe6,98fdb6671d71050be859f88f4fcc78ce93f8f319b99890ebce5a1dca30c18bdc,-0.00018500632722862065,-10.130436897277832,8,7,-10.130251890950603,3.9853842009774485e-05,0
8068.jpg,1,1e1e16a4179ec4295454d77a4daaa8e4b2da5d6cda07a2ce69465ab64d9f4c13,4588700079a06b0dee4b1c54411abce4082cdf741ad54210938f821a97ef258a,-3.6631546020507812,-0.02702787145972252,8,7,3.6361267305910587,0.974322487365353,1
732.jpg,0,41ae9edb289b89945160a86f72a5bc679a51a9f2daa5e37d7624642c98dfc59a,a51781ad378057398e589cfbd2c26a85a302bb7590fafd0e12d6da023a9be8b8,-0.5905042886734009,-0.8147400617599487,8,7,-0.22423577308654785,0.4441747764462022,0
11600.jpg,1,e28821ad4d0385b2e21a3c4c87163ad3a505bf92af2e7e16347bfda66381a178,f1b33c8c89b833a6d28e369f40819a31bc37f08f4371bc495d4b322fca0081f3,-0.009801427833735943,-4.750355243682861,8,7,-4.740553815849125,0.008658188965195478,0
8180.jpg,0,1e889b6a26bf24e3316acd02660a412ad2f914a02fba2c11c7077dbfc969846e,98a2b44c9dcc6d75468a9402b47350027bc2795ff3d8b6f8a420a2a8671516a3,-1.3410967588424683,-0.30702316761016846,8,7,1.0340735912322998,0.7377048839197159,1
6190.jpg,0,3d9e912a41e06045f3b7f589bcd9f864ad776908ee489b697f5480c5a60e6ba4,ff6905eca4780466203c52aecab44b8dd9bc8a060a7590ebd87f06d1aaa8230d,-0.0021411017514765263,-6.39949369430542,8,7,-6.397352592553943,0.0016631911070956386,0
464.jpg,0,b0d814c9c300b975bb35d5d08294382d8dc6204e72757e641b2981f3f79d5934,f27a965687d1fae3b5e0e9270e54c7f6525126f1a666d8f28a97fbb0c7bff5ba,-0.8733033537864685,-0.5453844666481018,8,7,0.3279188871383667,0.581252924034112,1
9711.jpg,0,42adee6ab1c0aafb8fc00463e67a408060cba223f5e925d6adf1d54ebb4bbcbc,0505317da6c0a81b8e3a860bf862d6ed83b184fa3f60506735233e4cd615a332,-0.0003510338137857616,-8.879743576049805,8,7,-8.879392542236019,0.0001392093335064011,0
7635.jpg,1,b1d7fede21aa10ce852e9793700a353e51ab481732f24c40427601185c87c4ab,b35742bf0a2ce85ab1ff909d25ab5c0b9ed7755a795abcc1a8b9994bfc51e4a5,-0.10215988755226135,-2.362088680267334,8,7,-2.2599287927150726,0.09449646175946634,0
8982.jpg,1,78e697ae09be3764e5a9365081e603e98369785d2028db8a14a6428444a942f7,7173d1637a4084286481bed61ee3d9e59c18e315ef61f906215d5e82f0ae6817,-4.928703784942627,-0.007689140737056732,8,7,4.92101464420557,0.9927610558341405,1
83.jpg,1,f6c727b85fb9bbddc85fe98e5dc626609d67fb412e2f03af3548f979c41aed2f,ee9d21c8a880f9aa7252fcb4aead0158026e9c23dbefdd3dd98acd518aa2f6a9,-2.9100074768066406,-0.057892102748155594,8,7,2.852115374058485,0.9454279262075376,1
8730.jpg,0,7d91df9388ff6d6d8b13704d99b23b389b3f5343cd3ecda9f16715cb80a8b7c5,f0587ea32897ca41727882ddee4917166153b55416de122e900e067dc9649acb,-0.0003292225010227412,-8.867798805236816,8,7,-8.867469582735794,0.00014087881975406393,0
3235.jpg,1,b23217c15880a8b685ca969521c8dd645c7e74fc50b2fa486bfc2914b0a59970,451044dca014c07d2dd29fc34a412d0728fc4a20b9bcbf9e2184d77060bd7b91,-0.013851015828549862,-4.4121809005737305,8,7,-4.398329884745181,0.012148461509375557,0
5488.jpg,1,9475f1d99e2ddf7e87abcbaa7828afcd1566e101baf2e8495b113bd12ae23230,f0949d2201376af6a4c3edcf89602baaa1a43341ccac30f3cbe5555b4993b250,-1.475919246673584,-0.26361432671546936,8,7,1.2123049199581146,0.770706523969507,1
7713.jpg,1,8b5be6aba93fbe8226bff339c31cd88efd91943b1b864ed04bbdb598c7e42370,00bbe8d1438d3eeab0f3c1b88e8b059510def038f19d792ca2e3629b555cf374,-0.026873990893363953,-3.70052433013916,8,7,-3.673650339245796,0.024755262992470793,0
3791.jpg,0,3f74df978cefd23cbeeac09c103c0b1e56625aa4ed25251347d83d18e6d1593d,38c07fb053a885a147e6ea50f42f738d53aae588e77b2220a178dba3fa625682,-0.01756669394671917,-4.14968204498291,8,7,-4.132115351036191,0.015795395224739862,0
7674.jpg,0,168904879d60747f401ca7d0557ba0423c127fe9bab1dd056ab80f3a572e52cb,3bc749ee3ee58aeb57ab7e348faa287b11b0e7f6add9d39abe0979a5632939aa,-0.00020193142700009048,-9.673609733581543,8,7,-9.673407802154543,6.293105882074625e-05,0
6131.jpg,1,c2abde98f5112fe27062b50cdbcf424e6c5cb77bd7c14e3bcfcbb929705ac2a6,5fd786d76270689f3c04b5b65a7bc8684e4a14e3074d772dd6c716ceee415d8f,-0.912140429019928,-0.5190051198005676,8,7,0.39313530921936035,0.5970372327684759,1
7491.jpg,0,d7c3f5c9be02daf48af3f5279603a70c9508699460cfca88775eb938bf9ec45d,b8a44ff277a5e4f78fd89ad9cf18b32b68201ee7294d72731f8ade9d8a1f7051,-0.00013398872397374362,-10.912178993225098,8,7,-10.912045004501124,1.823690551355714e-05,0
2814.jpg,1,a4e9514d1e2e54ff577246bf2bd9e81ca21c27fc26c18663d2b04a1b50ca1206,cdd4d0cf0bc34b95e791b552459d763f1c06f2b249bc5d5d492d6b0494c4137b,-2.2673332691192627,-0.11227824538946152,8,7,2.155055023729801,0.8961402058195149,1
1023.jpg,0,b575e4429a57c05c8696870bfe545afa171a6a4e59c593c3f5e302df191ec8b4,d507b067732f26651bf13bc6113903b9a004983299ccc63153df2a451bb2d453,-0.07506028562784195,-2.6575872898101807,8,7,-2.5825270041823387,0.07027145378625266,0
9007.jpg,1,c5f3dbb1b7b12ffa3cdc601482e3fe9e53a631fc149144bb1818a886fa69392f,d78ef5844240c97cad18f0e3e7f25c710a0775c963a584e7f4c5d0e7ab5c7cec,-2.1359872817993164,-0.12848441302776337,8,7,2.007502868771553,0.8815825831425133,1
11694.jpg,0,aafa1674d6d7483d3c487b9abaac76f80edd9be34523fea850749739af2eb9e8,9608c9d2479c5d62b00eaa3322ada8a9f31a9447d62ef6ecc8470f3ec05cfcf4,-0.01990843191742897,-4.031039237976074,8,7,-4.011130806058645,0.017790660983489522,0
8039.jpg,1,37c35d810acce303e61afd1f39c127a05a57afcd03a0ee05ab8377d894e9cad3,ab7d848306c4d24fb5e487726aff30fd1438cd76508bea7497bbe0921f52d043,-0.6624318957328796,-0.730975329875946,8,7,-0.0685434341430664,0.4828708472913081,0
8380.jpg,0,005e28610e1f9eaa5a5a073ccfa334c924d784055098b6c2b4ba5ec712970bc6,88ab41dc3f4943aeb589af03bb759ffc41c27d4653b82bd39de75d0c91642297,-0.00019203891861252487,-9.933839797973633,8,7,-9.93364775905502,4.8512150172156685e-05,0
10174.jpg,1,610cc04e553ee08a479cbe02e5a06b67c120ce0900cb189dd139aaabc13fa5e6,7934c426628e75a9b5a2db1731a776bfb5cba891d166a9a288961bf18da4b745,-3.431628465652466,-0.03370553255081177,8,7,3.397922933101654,0.9676395587371269,1
1599.jpg,1,85286e7141cbcc2f332d61f665ee49b084012da3b1fdf8e483ed9135222d5b92,ec59439fb66364ad857174040e9535da64759c8369014737b7176f887b1799f5,-0.005719314329326153,-5.39452600479126,8,7,-5.388806690461934,0.004546653951266661,0
13360.jpg,1,04e409de3d6bd19583f9254deff5f2bc69c0b452a454d1165aa448297981b3b4,74db123286c2ca9ae0efb674080e1a8d6432d2727496482a032cd856f1413703,-3.5942201614379883,-0.02935555763542652,8,7,3.5648646038025618,0.9724780758912025,1
4421.jpg,1,b5f8a67a1d245184925c8879de81fcb0e1ffc9fca363a5346055daff86ca0afa,faa50a701f7f5a55ec329afaf7673ed19859f300b000a4670b0c48ddfa062ff6,-2.404850721359253,-0.0974121242761612,8,7,2.3074385970830917,0.9094912294995416,1
7865.jpg,1,c33dddf68f12c7f3e2257a14681a7b0080f8031cf28353f5770b9634761192fc,e46de6e481cf4ab5e4e24947adaabbc12592232444f093b13e733c638fa780b1,-2.866389274597168,-0.05979965999722481,8,7,2.806589614599943,0.9430308774532707,1
1614.jpg,1,d091b92ddb5e9928337776ed7d6f89ef9056d503f72f100155896cd4d901fb0d,fc5a58dbc783813a2436aec5de0620711cabddb6a36644332c3c0689242dcb41,-4.557005405426025,-0.011271831579506397,8,7,4.545733573846519,0.9894990551760791,1
9340.jpg,0,9619acad8bccb02c2496b2dfb8a153783a5b0530adacf0c1f25d3ac9f4249da9,f1e312ee9bc47747f9b927a55222efab7ea2f19653db90f241fe63292626dda2,-0.0001814297283999622,-10.141378402709961,8,7,-10.141196972981561,3.942003399768137e-05,0
7487.jpg,1,43c30978bcd17d9a81a5089ff427f79600e0cb3f5ab427e4487640b4a18afda5,a2e9c63ac7c75db2f58580d2b5b2b37cf2e06e149c4a86bcd6d161353d0dd1ef,-2.004254102706909,-0.14838583767414093,8,7,1.8558682650327682,0.8648146334300465,1
2645.jpg,0,afc50838a4d057c484205b3f385364b6b160ebf028941efc1a89c4b9a1f782cf,466d924d1a791dad8f75453e21932732a8f2f7a39fa5d8aa4455f0c10fd3093a,-0.0001695110695436597,-11.604640007019043,8,7,-11.6044704959495,9.125118966919276e-06,0
5302.jpg,1,4bfc746d254d06430bfa040e31c39443df4df98fa8587e1052cc43db6e867826,0857309db20d74f8bd08aa40dc898f2ec146c6875b3ba3f4970bbefc5043dd2d,-3.216113567352295,-0.04245214909315109,8,7,3.173661418259144,0.9598309901615251,1
10040.jpg,1,ed484898b90a6dd7738ee61f2c39c973c0a8f67f6724929e74fe0cef0f558d02,c34d57201bdb11003c959fc30422ea85e07c0008b6c92fab079c0abb6de4bb2e,-2.4328646659851074,-0.09359385818243027,8,7,2.339270807802677,0.9120776273370509,1
2208.jpg,1,67c072e49a64c1cb6ad9bbb7b13b7c267b08256c084e394cd4c8af7eed3aed0b,fe649c9b94543d8991bd6902dd21c7857e83a5bc411832160ef4a67a206f478a,-0.9170160293579102,-0.5162136554718018,8,7,0.4008023738861084,0.598880423786474,1
5758.jpg,1,b88c029807c8cccc946aa41d061f4e7cb6dd739c2bb6657cc0ac87ce952d1d54,848c0a298f334570426dbe8b3a943108b87f578ebe61f51853b2a42ddc75c53d,-0.6187560558319092,-0.7812541723251343,8,7,-0.1624981164932251,0.4594646285080479,0
2063.jpg,0,564f6572491b64baa9434707c1bc296bcd9f9692a184135e056cfeaf6fe58f0d,f931c10e138c7c52f0c6083ab173426095f162eb220ed75881db5afaff177041,-0.00021206328528933227,-9.601317405700684,8,7,-9.601105342415394,6.764933766280005e-05,0
408.jpg,0,9df9f1436d4761c30518d42114ddf14e55799f5848139c10a90972b306b5264d,da14b408a2e2979453028b2796aaf70a4a3a08ddae3cf69c3e8678e1ca20ae37,-0.0002118276315741241,-10.419045448303223,8,7,-10.418833620671649,2.9863800850595856e-05,0
9835.jpg,0,6f905915c520babef8ba6c1063b72384cae7a9a5a27d99410da8793c79c0797b,253bbae898691b8d680a2d1e0a24cf1f88802ff7f99f23c5254847c08bf221fa,-0.00027344515547156334,-9.105133056640625,8,7,-9.104859611485153,0.00011111212517514059,0
6883.jpg,0,2c79f47771c5495099c14f58bf52531c3fb4806594a59db89d6be97778860a49,88398bef70eb55800c15f57dff7801049517d82cbd50b48dae3816e1428ea337,-0.00015818690008018166,-10.185722351074219,8,7,-10.185564164174139,3.7709372979769724e-05,0
9484.jpg,1,0d20a7242ee956d5d6b6094c5513889339d515b9b339e96da053fe6e6d1fcf4d,cce87de5e254ef428d71569a1bf0e0286fee140b4c985285e921e4fd04eaa288,-3.8987207412719727,-0.021699830889701843,8,7,3.877020910382271,0.9797078620705604,1
5474.jpg,1,b1e9e8d3930be57cc8d429e40ce761563470d54cf42dd3b597db403449a90605,39848e16131c6d0d361a7b80bfcdf22af1b2f33e46cb10e95cb9be087003e1a8,-1.1568379402160645,-0.3821304440498352,8,7,0.7747074961662292,0.6845383388168971,1
3201.jpg,1,96b3b1d6d494571165d5f82f78e7c792695e6672dcbaea77dd7ac7d4e1563e0b,053dc2d7ef9824a605073870cc6c97361882ffe3787cc485bdc16db3e24592c5,-7.469270706176758,-0.000771887949667871,8,7,7.46849881822709,0.9994295411037487,1
181.jpg,0,c8ea8f70ce92470b8ef16fe86738334c72a99d080a56fe7528ce9b3fdeed0b2a,b032869cbba662d066dbac6bf811fdf2ce36640320c00436497842e6d15004cf,-0.00012814767251256853,-11.058053016662598,8,7,-11.057924868990085,1.5761494795389306e-05,0
2592.jpg,1,e0c347947bf2e07388eceba0dc3f87140e0d2d98622896a73b3d7d7523c5794b,bd769c44c943de0c92cd9b2f937e4eda53dfa4ecf256f8ccc16b2ec6a861a5d6,-4.650343418121338,-0.01019995380192995,8,7,4.640143464319408,0.9904360403879019,1
9192.jpg,0,96a5819b69991f9a0057cd0a90fb71686278983f8ed67411167bde5e0d2a5b93,8fa4da8c93016e617259ef22781c8653c2251e84f89c1bbba6624ac9806bb6af,-0.00023256521672010422,-9.383950233459473,8,7,-9.383717668242753,8.407496246877888e-05,0
13264.jpg,1,3e2a65a7ca2694094c709f1e578c12ec9092aced88fcbc7c94b46b340cf8c9e0,2b4b6744606f71dc98f4188055e212985d4d25215311e51e6878a18982be0100,-5.2298173904418945,-0.0057908836752176285,8,7,5.224026506766677,0.994643249064991,1
4034.jpg,1,742dcee04b85f677ecd8bbd79e071577fbc6f60ba0ca0750edb99f1941e28d2d,0f7b05105d1445f858af6902b418b6835b007c1a6aa6008cef49734444af4fec,-4.350240707397461,-0.013615542091429234,8,7,4.336625165306032,0.9870882941871602,1
9516.jpg,0,2308523d2f1bede6826256f3cbab998d45402418adb5c25ec699b6685c17ffcf,72e243b3289fbc22628b15c464a8dd0493475eb9945aebfe3d564789afc2f331,-0.14195282757282257,-2.0502731800079346,8,7,-1.908320352435112,0.12916966942544858,0
6615.jpg,0,d3b4a8be23e0a026fbdfd470eb66576c0e4ed79110f05df7ac6d4888938273e7,52334aa387c4cbbc414d5a7624ac55a5b1ccb2e13d4ea7180d27985c8c2feab1,-0.30290451645851135,-1.3556079864501953,8,7,-1.052703469991684,0.2587062983936637,0
10421.jpg,1,c0fdebe214b2ee0712fbe3ce086d1a25263d05160f4ac26b20629c855c18f017,97bec7fe1770af20bf327575965edae4334d4be2d77f5ed9b644fb4edfc44883,-6.511645793914795,-0.00176831497810781,8,7,6.509877478936687,0.9985135507163682,1
3663.jpg,1,254107d24001f5aead0103d61ea8b3fe835f39e968677cb61d346a631cbbfc34,422dbbf0572b2c4a040aae22754f9334a6e406869d59a314e228496563618706,-3.964280605316162,-0.019933482632040977,8,7,3.944347122684121,0.9810039816693747,1
1490.jpg,1,b56e2abe57c636e6d61bedaff63aee07bd1974cad13b7595a1e1e4b9172fbb06,d3bd734abcf36ce725df68ef9d4f1d6394fa9e37c8af014cb15f9c1b3e50cca3,-0.005479809828102589,-5.451869964599609,8,7,-5.446390154771507,0.004293329554532958,0
7794.jpg,1,c7a48bed1e5cf5432200c7cb153e1e614b54ebcb8b0bc09019ec53a1e5ee21de,e58e95f7b9d9efeb388fd6bfd00e76b2ce7b7c431fbb81df836ba30b6503cc82,-0.14249150454998016,-2.0456244945526123,8,7,-1.9031329900026321,0.12975429248144502,0
8952.jpg,1,28ec49253efb191ae666e6d227153205f30aee2335d5c8bd545a62b264a3c161,042bc64c92f662f3cd7f621b469d4299693d14b0a2eff37f02041526374d5c7e,-4.324784278869629,-0.0142300920560956,8,7,4.310554186813533,0.9867517652560167,1
35.jpg,0,e612a3b5897c304a1e5bf38579f39ac2429e16583a7c470ebb4f1fbd9b469044,bbb981d5d9b52851c80cba3d77441d3bf66f02313829e40b9427d9e258599647,-0.0039022359997034073,-5.7133469581604,8,7,-5.709444722160697,0.0033035628090952343,0
4683.jpg,1,c42636e9f1182718ef44e1e3c07a9e806bb96df4e06acc7c619eee8a42088ed9,c3269aee951299ba39dbda553e871a112d8064b4bd7d944c78b13a901391c546,-1.6339123249053955,-0.2194531261920929,8,7,1.4144591987133026,0.8044683237571448,1
8942.jpg,0,a0445863a05a867178cd0c0f6cdfd819fd8f07d68ab7928c3487ed72e045d175,2955880bd75ab830afdc2a4478fcba096e863b52492413a89bacb1fc792d481b,-1.2175277471542358,-0.35446879267692566,8,7,0.8630589544773102,0.703299361150799,1
3748.jpg,1,4bfb4ba062ed626b747742d70ac8bc08d1ab0f01f54f040e88d3b33146188a83,39dae0bcf7606ac177024144985bdd9cd04aec2d01bc7fc4ca667ee277708935,-2.521482467651367,-0.08542992174625397,8,7,2.436052545905113,0.9195354991148024,1
6644.jpg,0,481faf2f8a96ef598000a5258d5012c5fd66d8792cf5f0f8062905e78d1f24af,f212b037e023b5bce33acbe148a3c5dd35a7eaf5078da604caf0727d1555613d,-1.3361284732818604,-0.30882909893989563,8,7,1.0272993743419647,0.7363919883304678,1
8322.jpg,0,aeee173136eac6b21feb3550a6ca58843e0184f91006d7ab5d8cceb9506383f9,ba90155f1b4e3c24c4a39dbb47b90b2219b28ec3c0972e76275715a8d23a505c,-0.0006255777552723885,-8.132035255432129,8,7,-8.131409677676857,0.00029406674644465256,0
9678.jpg,0,401b4f45da9864e3dc4ece35db2409ffe5d63a128b004d1be79ddc25c7fd5891,2bcce551e8ae39a85a2f315adf8af04ce612897df0580357ee7073ac47d6a81a,-1.049871802330017,-0.43465566635131836,8,7,0.6152161359786987,0.6491297530301108,1
9444.jpg,1,f5eedfb1562778d4c30d0673ab514f04e63e2f18878de4db7e55b02ca7cb0e18,291f091b33b8b639b850cd7248016bcee10db2f77605dbe519e8c9db60a0e16b,-5.368685245513916,-0.00541117275133729,8,7,5.363274072762579,0.9953363117314432,1
11664.jpg,1,42fea0c8468795d25f12902b76ea59375656186b59de469822ab94e7fb80a5c4,ba1e6cdc5cf69090c896088723b19a289ca3b9c09d9b2b4e7d8c5df54873e07c,-1.009333848953247,-0.4578092694282532,8,7,0.5515245795249939,0.6344892327249403,1
11679.jpg,1,e82a71dfa061e72586a68938e6f64759470be3bc493f6a731531fc361aedf682,6a6d86dd7db4da22abc75ff3e5bd85b6ebb9ddb5996dff73677b4ce72087b25b,-5.986211776733398,-0.0027744430117309093,8,7,5.9834373337216675,0.9974861863897295,1
9989.jpg,0,813ce05be698c8b13536ff9bf0b16d9c431ad9e681e05a213ce5c91489c7921c,5c9c2c58fbf0381a07b488a0c5858a0218c0667d440e103c61014aef5a694cb3,-2.122844934463501,-0.12911424040794373,8,7,1.9937306940555573,0.8801372680436071,1
1863.jpg,1,71ba0b4256e5bb7fe7dc8ca224d8d57ce15f2add285095b10499c32e6d7a416e,b1656b95b9942065377ae0bb36feb83a2e704fad833bcf455eb036aa33de4a55,-5.4889912605285645,-0.004512364976108074,8,7,5.484478895552456,0.9958664596128681,1
2210.jpg,0,2ae55ac07a96384a8f0db42037aed48f202d32868824e96d6271200f8704113a,e66e48b14a0c500aa006a8ad63cfd59f2f3530975b96ae4d762a17bb9af1181f,-0.00016819927259348333,-10.130258560180664,8,7,-10.13009036090807,3.986027986590476e-05,0
6385.jpg,1,c0abddfa62bb6b95f686aedd2b7ce48d883b6861f6e8702e361fb247f8b09ce9,952b78b7ce3311ec7107cbf3c595b288741b8b8f7751a1b495dd04e662aec135,-1.629462718963623,-0.22118480503559113,8,7,1.408277913928032,0.8034941833596938,1
4530.jpg,1,af4a508f7db1ded890021d5a60ec92bf2558c05a57eef17022708f1fa25e41ae,adb38e944b66b3b6f7f45feabd8a71620ec55f8f2c85da111aae81f8f182d216,-1.0795714855194092,-0.41857635974884033,8,7,0.6609951257705688,0.6594838942114688,1
11596.jpg,0,c47b214f84257d391927262de1fb9c6a351a1919f136caa76d6b01aa9ec59361,a1123643b03e3044a79886a89f489f9afd6db830f20b284c13e16264e34c8475,-0.019371092319488525,-4.060608863830566,8,7,-4.041237771511078,0.017272134316053834,0
2522.jpg,1,dc95723f91091876b541f6554737754cf5b1bc11bb08393e9ba23a34488ce571,671717c2c77411c7f0cafa5b2414111e2d727d00e8521e045e58c3ec3a37880c,-5.9798808097839355,-0.002909500151872635,8,7,5.976971309632063,0.9974699206044312,1
5800.jpg,0,e7c9295e84484a24831ee29da33d8f5f2a01a2c38cf98127ea887657b62db2d1,722a366cce22509f0d312da75ecc4b1aa999eda570c625ac8131af6a2ff6d914,-0.14225339889526367,-2.0448498725891113,8,7,-1.9025964736938477,0.1298148869274712,0
9964.jpg,1,62fb64a8c9aecca0de6dc8f57c317af85c78bee0109cc48071cd97560e1fb70a,74fc268a1341b73e4e76ef81c3f24dda6c56eda9adc44ef57b2f5955c9bccf90,-2.079298257827759,-0.13574758172035217,8,7,1.9435506761074066,0.8747417042254431,1
8977.jpg,1,de8d2ccc080566adcf848c33da67eb1d4c635e0ba348c0d7ce735ba5a179457d,3ce8f9888f598c7554ab7880b07aa726c32ab5e37dec8bfed52e95a3f62e8ef0,-0.020174233242869377,-4.015676498413086,8,7,-3.9955022651702166,0.01806582459896204,0
4073.jpg,1,632bab781bc5f7a72d6394883b3d882cb559cd131c3a0709e64101ce4747c2af,7b2ef38490e09f080ed337e1995a32c43afcf4b3c52d23d01e70f9115275a979,-5.331142902374268,-0.005220214370638132,8,7,5.3259226880036294,0.9951596815199909,1
304.jpg,0,d767b68dfe600679eed36891a6cacc827799523b35e9be9003441fc611f40c9a,af73dc1ae19f04fa40b098cb4b5db43091d21cb5360afe8b1742217d5ba8bd16,-0.0028276010416448116,-6.147839069366455,8,7,-6.14501146832481,0.0021395637535408423,0
7833.jpg,0,f1dfe9eb5f95842bc7eaf2b7bc94e51982bc36260cb569cf13d95bb713a21d32,63c8163be75e9747881645cdeb6c5d7ce5a2b872932053eace093c71debc40cd,-0.014393684454262257,-4.381710529327393,8,7,-4.36731684487313,0.012526331970416311,0
13117.jpg,1,55b23fd2306cb047251375c89edf4634242d5bff6d7f3f20d2bb9716213ab786,b9274947a65c5194424951544cb6596fa95d84bea34546019ec484fc6390b3d5,-3.9037864208221436,-0.02097986824810505,8,7,3.8828065525740385,0.9798225640950285,1
6981.jpg,1,8d6560301316570d047de6bb1f5031d7459e34f9d2470f210a325274e57073eb,e54be4788961283228ce45672aaa0c35dd9233084e5e83c9c389676d36293240,-2.5505318641662598,-0.08285148441791534,8,7,2.4676803797483444,0.921844806732089,1
10479.jpg,1,958555e1425f503a8b46720153d4dd5154cfcd1830f736b3f072677c62eee956,e9746a6f2554e8e2c9fc69d371e5378cb14026a49ccf0d237a0aa303ef3e5427,-5.00855827331543,-0.007097765803337097,8,7,5.001460507512093,0.9933168516202214,1
10697.jpg,1,ab5d7bbb81c0cab1aa8205bd473d5e666350beef9ae1c4f773f6140db7553468,d5e68c402f81a3c2d76ee64bad77fc8226715e3bd4501910dbf6652b801df9c3,-2.8363754749298096,-0.06162184104323387,8,7,2.7747536338865757,0.9412962128748108,1
10555.jpg,1,122ea14877b7ef7aa15496b610cd1b5de3bc6ac4448f507e661e0316dce2e5b7,ec9a4362278899f56939c9b243039487c46210e94aeca38aadfca496c3a3da59,-5.832950592041016,-0.003199165454134345,8,7,5.829751426586881,0.9970698038832039,1
6393.jpg,0,2d812a76250401cecc5e038d767044304967b7fcbdbeceb52e02f7cdc3fb62e8,9d07c0314031c0243adee3df78486ec4a51e2d746a74ba14c77def044f45b8d6,-0.0019174115732312202,-6.606224060058594,8,7,-6.6043066484853625,0.001352689759982227,0
2367.jpg,0,8fc9964c2f6d47466c2cbf9e738ffa726839a415b6929911033fa05688143c2f,2008680cfa1bcb6bb1eb1cdfc78b33fa451efd297a221049c0233ffcada928c3,-3.505361318588257,-0.031238103285431862,8,7,3.474123215302825,0.9699424602857453,1
9375.jpg,0,ed19eaddf8d80af8e8c7d18e3373d6413c400213ba1083c9f563441da2d46034,94e14616713d84a69d27871c2cd2ba84fb21998a84674d7ca0e150f19d20d107,-0.0042302231304347515,-5.747155666351318,8,7,-5.742925443220884,0.003195135780180877,0
3414.jpg,1,e99f432ab2928121ac5551464f8373af332f3509553fb33ab0e377f49fafb232,faf7357031f058b77f19bc261794e921505ba9036f19282733ecb1248efea229,-3.835430145263672,-0.02261105179786682,8,7,3.812819093465805,0.9783914144311037,1
5220.jpg,0,55247c76d24cbc8a87cd51d5f985b8837829d1bb96336481fa18805fabc35b81,e3687a227e6d65db4ecc3d6ff947c81c827ba5bbe15d62dea975bcb8ae17cdd6,-0.0001542535173939541,-10.49416446685791,8,7,-10.494010213340516,2.770111439154302e-05,0
9990.jpg,0,e9c80ea0bb3a4d1a7ed10543ef6010f24417c78c0e0aaa5204f2e4f004e01225,ad3f94540144373c41bb69863dc2da1abad1c1c868f6b4d1e413d724335a80d7,-1.9115959405899048,-0.16228331625461578,8,7,1.749312624335289,0.8518660828323007,1
9482.jpg,1,72c59ce0f6d9dc4b1e706d596a391cc2cfedab46640c226ac87a74b56aaca35a,dbca196a37d5db6ed7da2e5dcb58f923df1b84d13673dcdb1bd480ac323f7c8c,-1.0622553825378418,-0.4296139180660248,8,7,0.632641464471817,0.6530881647392301,1
10564.jpg,1,32b159eb5abe0b987152a265456ad4c36b57249bcf1705d454fd24add0df45bf,8cde88fd9f4693370271dfa8e73bed1b5a8591c6472fedbfab51ad1c549c2b7f,-0.24392184615135193,-1.5477445125579834,8,7,-1.3038226664066315,0.21352237143129227,0
4639.jpg,0,8a75269fc3daba16c2ddd9198473e179c5c983ebe7bae43f7504fa9f256a6dae,d6711656d3b8943e737d8f47f34f01e093c428c76a5f3618aea5f841486da7f5,-0.0001881064526969567,-10.128442764282227,8,7,-10.12825465782953,3.993351578149728e-05,0
6039.jpg,0,b9cb98c2334841f3a1db7b89cd6c471844f3188a4dcc53ff0455b3b83e421cb9,369834dd60dabd8d23e22f8c30a61ffb59e0afe44c3d7e392b784cc071ba9bf1,-0.01654971018433571,-4.213306427001953,8,7,-4.196756716817617,0.01482131451257105,0
4610.jpg,1,e50d6c222e85836f2df2b0e1f42e23e8b983b02e48d50579be8a02c15a10fb41,225920bd7e881c47fdcbbe8bb7f1d7bac38031988d03b9628e42b9d304ee8244,-0.23589858412742615,-1.5769678354263306,8,7,-1.3410692512989044,0.20733427556675343,0
7700.jpg,1,2bb9fd492f0c676edee31d8a76c1ae68f7bab35dba8929f70c005967ae7b647f,c9d51fa81fe4a60404576770ef0b090401e2dcf3dbf320d6f44d7cb50be48d19,-2.176771879196167,-0.12266853451728821,8,7,2.054103344678879,0.8863615827016682,1
5006.jpg,1,c013ce0049186727d8dd35edb6ac56bce61595e637655ff69c47d4f1955c48b0,91959370065d0e743c70fd50339a448d3bd8096b9ffd8a1fe169ea1147051358,-4.2368364334106445,-0.015222270041704178,8,7,4.22161416336894,0.9855373015675553,1
11558.jpg,1,2ee7588d8c34622755c0b4b95160f4687171a5cd35a7ab3a4e71839d9d2eaf1f,02955d2f7ae6212d2331dcff04e4dac104cce257464d04be29e454d5117538ae,-6.204045295715332,-0.002382642822340131,8,7,6.201662652892992,0.9979780374147831,1
11399.jpg,1,c0883fef269a382a131ec2bb66d0ec71fe34c637115602b9bbecf7c7eb7f1f42,39aae88df8e65ae70a85d2536f961ef626b2095d40b8bccd41107216c5c424ad,-3.7319648265838623,-0.02518394961953163,8,7,3.7067808769643307,0.9760321195766586,1
2905.jpg,1,8fcf47d4377acc9fa31c5bb3ffb339f22920611f55236ea894044eecbcc9713a,75fb73b8159bb873b30e33e26c1577ee4d4a8c2f92d5d36ef660929297893610,-2.231649160385132,-0.11531415581703186,8,7,2.1163350045681,0.8924807462651319,1
9126.jpg,0,754a6ac1e963596e80a30f2698b46dc32151d8cacc39c8682b9cc9ce3eb8cca7,4f37c61689b3cebcfb524c414f47658eea6698af3a9aa35bc2c366052dab68de,-1.5050557851791382,-0.25398460030555725,8,7,1.251071184873581,0.7774852333235017,1
9849.jpg,0,e607dfa490fab04c01f4ba38a7c049c479d096cbc543258cc20d41dac2968629,9580bf043ab1ac2abfcaacb382d129bb934f893cd479d2febbb41902912e1656,-0.000251635501626879,-9.262364387512207,8,7,-9.26211275201058,9.49454822635706e-05,0
2746.jpg,1,84d471c79b7815702ea190d1e196ce21941860df9b489ef10f1158dc6ac5a7eb,194a1e4f4ecd79a8b23c582233255b40b300463786acf65a42357acce5836a9b,-4.714340686798096,-0.009355848655104637,8,7,4.704984838142991,0.9910311174162264,1
11470.jpg,1,21e0f7014d2509e3ae988e53274256122f8643f494d8e26bdb8ee464d9d77d2f,6aebd1a9fced364f6ac6eeccca61f73e24c143bc7420077b8b31a79fb8cb643a,-2.7018070220947266,-0.07035095989704132,8,7,2.6314560621976852,0.9328588048265634,1
10305.jpg,0,faef849a206281acf114f50fb772d701242f221ce86479f91242b018e585a9fd,9ac3ca02fdb30553c601bdea420fb3e1fa56dbfc00bb097e5e742b59b77df2fc,-0.0001513919123681262,-10.187089920043945,8,7,-10.186938528131577,3.765758412486554e-05,0
555.jpg,1,8cb2ce4edff8afdc4ec0b01d184b372966290fcbaacac460b159d563fb91aea0,7c07d1cedc17f1b912f907e26ce407bcf8c200982428a99b1b2382c1e99f1416,-0.05318739265203476,-3.0194437503814697,8,7,-2.966256357729435,0.048973790365912255,0
13237.jpg,1,99eb574aaa8c1021437704743bb4b62bc4b57786ee0dcafe265c8c5d915e3f5e,a3c3de7aa4e0e8b5afc3b8ce5110dbb60aa449a6a55b6b05dc63ccfaf117ba8e,-4.1745476722717285,-0.016410352662205696,8,7,4.158137319609523,0.9846040837553468,1
6416.jpg,0,7ff673fb8a7cdb9b1b4f293fa9e42156db473b4f5bbdca102fd784f5942ded47,5b4a2ca57bb36746461b58beeef81d9c9b6bc72c3bfba6741eb544fb7bc00a72,-0.001085947034880519,-7.153309345245361,8,7,-7.152223398210481,0.0007825081559337683,0
9532.jpg,0,f095548b701931e8722a70cb81249079140d70b99576e34a73d51d7d6d444821,09bab24d5f077d8116e8b168ed20c43acaa6864baa61d81998ceeea1bc5c0cb3,-0.00012969682575203478,-10.364302635192871,8,7,-10.364172938367119,3.1541561142590736e-05,0
5492.jpg,0,522b0daf25577d7fbd2be1203c7e1fb28dcbca0b5404c6e6cbc46f5322e62850,d9752a389d680e6d7c562fc8912e8e242cb853c24a05266a5f5bd033824e52a5,-0.0001842915080487728,-10.081504821777344,8,7,-10.081320530269295,4.185235946589733e-05,0
9011.jpg,0,27db8ad45b222946327f434bd58dff8c37ae866f24686b2d7d55d6f5bf0ff6b0,9bf1518d19db8cf541c77bd1020a9f21b4488d454d61cc7fcd3f84c838d678e4,-0.0001485309039708227,-10.403746604919434,8,7,-10.403598074015463,3.0322261970104127e-05,0
10425.jpg,1,3c693141602bb61130154bb76bae9dc9bb439e51d5bd15a632f88e94270ac6d2,8c8e0dc10962d0b9693c3265575f413888bebeff73d30d69b8812b5021d0cf1e,-0.0028936886228621006,-6.21912956237793,8,7,-6.216235873755068,0.0019927680437422553,0
5404.jpg,1,db7e87165e5d73e8ae9eb9a98eaead781d984ff6ac08b9c9b8591e8becf9f1bc,1609647dcbc125ee5c28f426f191cb4f4fa444c209d75d58b7ed734d24a7d3ff,-4.946800231933594,-0.007483640685677528,8,7,4.939316591247916,0.9928914043576683,1
1675.jpg,1,3d39b184b2cbb4b9a8ccfeaa6fe9310b6cf0e262de41cf54c16b27891bb79a99,c5429c584c298f8082be4687d472df93f0fb260449865101bc34a0a9f2100e1f,-2.0155210494995117,-0.1461506187915802,8,7,1.8693704307079315,0.8663854142469006,1
8664.jpg,0,eb0b715e62508cbf8ceae6ffdf887e4dba367917b55b29df924d88523fc03c08,2a578ef84cd5294dbc7c3c7ecc2271e360f688c157c021eb8d2ebb45aab784f9,-0.00016486080130562186,-10.005012512207031,8,7,-10.004847651405726,4.517833813667307e-05,0
3059.jpg,0,bc07d23390ed3be9120ebb8f8fdf52fcfb211e70d67e50df60f3338b72173d20,5c9683f84a251ffa8dd98cde4da4f55b204b9ca1bf1f0f9ddc51ea6b34e8d806,-0.00014006815035827458,-11.05014419555664,8,7,-11.050004127406282,1.5886831262886938e-05,0
1940.jpg,0,816174d379bc653bc07a804c94cbe174a95eba8abdc45bee18da014103bae948,ee4ee9a18df52dd623e1c53d10068318670e0c3d87c255e3fb7a4ee6f644744b,-0.01774134486913681,-4.142807483673096,8,7,-4.125066138803959,0.015905356449235224,0
9813.jpg,0,afe0be5ada9f8863eb37665f17fa6cc3b19a4e540262d0851253a840dabca5b2,b19b6a30cd7ad08ffed2d15f5cd488fdb97e565bb2dee7c3fc419408af1eaf4a,-0.0006527281366288662,-7.717626571655273,8,7,-7.716973843518645,0.0004450077099250351,0
3033.jpg,0,d86d63e5764185abd4df0453bc95efe376d720fbc7ce29470b6226f128eb22fb,36bf1cbc611db3cc5c1efced1cae4ed34800c110b7a25c94f6e8bd115a08eec9,-0.00031957245664671063,-9.103846549987793,8,7,-9.103526977531146,0.00011126027918694966,0
6260.jpg,1,5120c9d1e758516eae4ea80eeb2d8fdd742b4a2556bb49bd69f713fcb3d80876,e9681fdf9f45e7100fd6146180293527e6bf38e7a5bc2fb1c5bcb31f128bd231,-1.8646249771118164,-0.1711006611585617,8,7,1.6935243159532547,0.844687079635363,1
8207.jpg,0,b9b416263db4d846d4201df36349472c58127d8194b0ca3d0aa3d089adea8af0,b693b45b33f123b3e20d3c3e8d260ecb933b4dbee636233354cb38288d78befd,-0.00011145915777888149,-11.420931816101074,8,7,-11.420820356943295,1.0964680423269283e-05,0
4519.jpg,1,37473c847d34de3eaaca63d0efdd0a811afaa40ab6f456e90db9e1fbd0f5f063,e8733333f4be9b1199707972f81b82e3e1c131c107566937f8c489528877046e,-6.683966636657715,-0.0015159363392740488,8,7,6.682450700318441,0.9987488630993916,1
8135.jpg,0,d095b8fa8195b6c8306c1385802670d45b02da090b7a480bfa63b322c3fa754e,16a38c5dec1c5be85506bd680e37b0c10f4413bb9f7b1aa0751999b6907de96c,-0.0003854934184346348,-9.12216567993164,8,7,-9.121780186513206,0.00010924806448328012,0
3432.jpg,0,9ab755a882caa6fcfc1b646817cc7f92e6784de274d20c070762dcd66553d804,f961ce6bf33a79c0e93bbb91028d56dda161f44ac4f915db108ee1e8efadc293,-0.0032371252309530973,-5.866319179534912,8,7,-5.863082054303959,0.002834412791005671,0
3258.jpg,1,582f62ed9a32ff80ae932e16ce62c880e601c9c0b99af0015914a874c57d978a,9c8335d1f967e79901e3681fde7db08b975addec9d15ccb57a14600afde8d8be,-4.1582112312316895,-0.01626790314912796,8,7,4.1419433280825615,0.9843566646913139,1
9617.jpg,1,cc92a49c8d0ad6ad102dd0ef1a288a4d0b5201cf61b0f06c058ff2af39b0aa4c,8c12e4eb9cd53338621e4bc27bee7775a6c53061781a6590ad52e74ac0626e58,-2.4208359718322754,-0.09541428834199905,8,7,2.3254216834902763,0.9109606814960166,1
4821.jpg,0,2ee7187bbfdaf2f7451c46c193de9ab5b01694fc49534032941121011b05cafd,f3326073161e41ca52860eceb81970c9b2954be2487313048617336d529a0930,-0.012960454449057579,-4.493583679199219,8,7,-4.480623224750161,0.011199502582132438,0
9495.jpg,0,f666b737e1cbd57e0521e45433d7dd7f99ef1dd441c9c591cf154623790575d4,5cd97e1ddd39fda2bdc9175f12414b5903c49a214d48f3e2f77e53af518c066b,-1.4719699621200562,-0.26347285509109497,8,7,1.2084971070289612,0.770032921433064,1
3852.jpg,1,e267ea1183496c8126400c05446fd3de8603a790425ac7b396c2e9a0c6edc062,2b0effe9522ee645d2880bbdeedd5911da69b43478d7c37d99c524f1564d2494,-0.5312972664833069,-0.8933120369911194,8,7,-0.3620147705078125,0.41047193445981084,0
3241.jpg,0,514ffd0f26a7db30b1771339a5afc5bf365f3bc13f5da1a9427b975851889bc1,2510b28be2af6acd4ff14072621c8abfa70f29d56acc982828e86e4c962c8489,-0.8466002941131592,-0.5651383399963379,8,7,0.2814619541168213,0.5699046049665518,1
8852.jpg,0,c6dfef6ee4b2e212d082ae949638f54f9de713d7180758f4c5643f253fe2e84d,329e17277fd385d836c98c07146618b0ce59d92fffb03bc5dd230617d6564c46,-0.0001404250506311655,-10.586576461791992,8,7,-10.586436036741361,2.5255634144591244e-05,0
5296.jpg,0,e4d57670e811e0cfec15f08558b78797df50a23fbcd3e760d7ccff679bcfb7e8,44500bd320d106b36a5fb47765e8e78de40b0cf322892c6417a6730f969b38b2,-0.0001599739771336317,-10.295266151428223,8,7,-10.295106177451089,3.379695071853428e-05,0
10364.jpg,1,18b53924fa04dd28ff872ab5e50271fddc64445f4c9deecf4b73e53bcf9458f1,7efb584bfd971fbe90b6daeca7921616186a0f592eb10a29e5f5827dbd5d0fc1,-1.628189206123352,-0.22208097577095032,8,7,1.4061082303524017,0.8031513836468441,1
3689.jpg,1,f371808f7f51d29d16271e3db24eb396fa6e05382f326c8bbb00904ecc85faf5,188a9b3faa406a04345ada22acee3e82450c00a3d26fc084a53412dd36fa1579,-5.534589767456055,-0.004338874481618404,8,7,5.530250892974436,0.9960506649155,1
7371.jpg,1,630f11394c7d61d4b0eeea64abb31de4cd0323b53f075668ed1cf961bf851cfe,40f3881819a8a43f68b17d4e2d04effd36f6fbb66ad611d3f608a638d60439c0,-0.7432522773742676,-0.6515880823135376,8,7,0.09166419506072998,0.5229000165623617,1
4460.jpg,1,84c08b87fcf566066a62a567a8d742643e462a312c2da33355f3c38d084fa0c7,7c0d267c603f42b7f82327d29ee7782e0bf2151d15ad005575e3104a9a7c2b16,-0.0033407353330403566,-6.240763187408447,8,7,-6.237422452075407,0.0019510737213339823,0
4302.jpg,0,3f0a3225d52c5ee8a9d88a0a1a9af592b6db1758dde84cd45f8f870a78fd88ff,57e557bd0b2c611cf8468bea6ce4125965f2165908a23653e6cf81aa7ccca11f,-0.00014698209997732192,-10.592094421386719,8,7,-10.591947439286741,2.5116826538053283e-05,0
2964.jpg,1,23ea5e9c5a6789842e458f46bf8aa08291f94bcd9296b79f227deb8fd49e7742,7ea6f157c2354457eea7ce5a82cbc7d1f4994643a4496ae8d69e03a36ed6fe8e,-0.12495496869087219,-2.166651725769043,8,7,-2.0416967570781708,0.11489407022932074,0
585.jpg,1,edd76a74d93534f85a7d533f1f05966dea46ab016e6cdaedd6c169ec7ef9d989,5c4bbe26693f71dbdaf788fdc16299499ab4deacc796d1dcf67acfd5f26710fb,-2.1732840538024902,-0.12274269759654999,8,7,2.0505413562059402,0.8860023083245835,1
2903.jpg,0,508cea1ed34e94657dedd19ef3cd844fe992441dcc95a25128d7a44b383d289b,66fc4638f246e11f14107e2c9ecf9e016e5d57b09f5c1dd3949071189ef4b465,-0.033172763884067535,-3.483919382095337,8,7,-3.4507466182112694,0.030746601405632516,0
1165.jpg,0,05c5e8ee8a1c5f95d92a5fc49280fdff208eb1cdcc164dbaffab70c769fe5b8f,1ec55f49bd5640b6c20c0f6a310638a56e159a44915a9ec132016795c31d4637,-0.0002684397913981229,-9.148448944091797,8,7,-9.148180504300399,0.00010640192257734151,0
5854.jpg,0,4afda11842d8803479c49436c9126b287fe61e32e96ebf7a4b34366d5347632b,84fb57385a18264eff56aceec3d7819d4c1cc7e8f36f39f06f07e7630e62c39e,-0.00042397092329338193,-8.502361297607422,8,7,-8.501937326684128,0.00020303333498942935,0
10042.jpg,1,01412a6775796e59a7922b088bf278cc6dae35625e101939cdd4e608798a5238,10e063eb98f94a5d9da57f7df63ba64d798f98f3c60538c8561340d94cb28e4c,-5.058277606964111,-0.006932710763067007,8,7,5.051344896201044,0.9936399892917355,1
8473.jpg,1,3eeb02690707ed08f0565ad38bfcd7338514eec028de98c15217e747839dc769,77f75f354c72ad591916040c8cd9e549ee97b9e9bc49dad0b9ffa6c11aa3bc4c,-2.07000470161438,-0.1372806429862976,8,7,1.9327240586280823,0.873550625516423,1
4690.jpg,1,c9c7ee39de176abf80a9f2220bbd1871d6afa87f22dee8bdc754662c69ee85d4,921dc1a0caa11bcbb0daafb00dd401f947765079292224e7606a946d9e068940,-4.231423377990723,-0.015257271938025951,8,7,4.216166106052697,0.9854594417608601,1
8737.jpg,0,d5d0489685d88ed2a3c8e0073c900208daef1bb815e7f4cdeeb37bd855f0e939,715541d17d59ad8c2bc673a3a7338933da3f1c3f266b6e356844478b2dd88f76,-0.00012933976540807635,-10.750733375549316,8,7,-10.750604035783908,2.1431999093625653e-05,0
14035.jpg,1,1fcba0552316a66381761ab2a3fb55f6aff63b5a45935ffbde20b20a1aa4adca,456ce6bc98255e583bd9631d9b489e723851bca36c9bad6dab70b86f8835d0f0,-4.002013206481934,-0.019218362867832184,8,7,3.9827948436141014,0.9817073667684054,1
1521.jpg,1,761316536006293fb5b7cfcdca16f662930c67f4cceb3b47d889c3366305ee24,e1a6501f9403b84df2bb7c926d04eec09af16fb69d428e0e1d097b3301a74873,-3.5268452167510986,-0.03099200129508972,8,7,3.495853215456009,0.9705695501134681,1
8467.jpg,1,c03566e1a5a44552cffdbab3dfbde97043aa9c6cc4d1994c9eea81975e6887ca,4fdd6d999039fed782981afa25bac34007381a1feab9108cbf19cfaf7650712d,-3.8018321990966797,-0.023150116205215454,8,7,3.7786820828914642,0.9776577921079892,1
2192.jpg,0,5d6b773ab25e1b8e8e398b150d0cd9221b54b757cd3d643a41dba4724b3b1da2,534f2bee325ed4184e6688f5187a82b57a17e1db6d4a6bb89ab862da28a62ccf,-0.0007368508959189057,-7.692214488983154,8,7,-7.691477638087235,0.0004564943491436377,0
6319.jpg,0,b43fe78711c2a99ac76a3a40aece284017d9d6c043be86574c301a27eef70151,516b6e2f53c51b7b642fb287badf9122d77b229a7d309d1d8900a774a288c52c,-0.12239749729633331,-2.2047789096832275,8,7,-2.0823814123868942,0.11082108530089486,0
6839.jpg,1,cf184983da98e65778c9c65f95b090abb263798b6223028da9db08e9be77bb80,6e4604fe497af536399b3d22898fc180662ef8369d10ae06438672e4d6d3228d,-1.6412142515182495,-0.2180463820695877,8,7,1.4231678694486618,0.805834558077354,1
2671.jpg,0,47d7ef5624bc6ffe31499b3d8c8e46bedf826267a5da209496c54bda8544f503,ec0b04d31b310950d88ca5fbea75e5f766d48416b2be0421863df633664de229,-0.961944580078125,-0.48566266894340515,8,7,0.47628191113471985,0.6168695186967418,1
6801.jpg,0,78ab1db080fcb4a20279f03edb6658d28acfab84767ba4a6cb94913b7e7bb440,679d5b6322ceb2fb1c96e7a52bcf9f2577bc3c4e37dbe3e6e629b58ad5fbb866,-0.0443028062582016,-3.191589593887329,8,7,-3.1472867876291275,0.04119831953763052,0
6424.jpg,0,4ebe3713c9843a0e7a6fddf2eff2388b35e18966be8cd489144319aa47cefc28,d167ac74a1e946d539e0bd106f17f8a512811d5c86d21472a51332524669cd48,-0.30350786447525024,-1.3503949642181396,8,7,-1.0468870997428894,0.2598233109902552,0
10284.jpg,1,f85cf813fa1e364de2b8bc08cdf56724735c1ce5a83608af51f00b9b9b9b31d7,b896905cf977dc84a619bbaa7a9004f3eec3aaacdc0299632e54185c7390c5a0,-5.867258548736572,-0.003094989573583007,8,7,5.864163559162989,0.9971686423085178,1
52.jpg,1,1456ccc501f3637fdda565dbf9a0d3f2d8730596e1e08eef12d876f7de2cb125,d0c109183d99f24a2891c6f5d3f77539b927e59cba29887992f446164f26f4ef,-0.2101239711046219,-1.6815797090530396,8,7,-1.4714557379484177,0.18672144980232924,0
5276.jpg,0,0c53bbfdcab8657494afe9ee982410ead4867a00ae8902b8e134aea40e5c8272,4929fae106c365aa9178372153cf04789d31a9b6482ef91320834f1d4b41aad4,-0.5765340328216553,-0.8321579694747925,8,7,-0.2556239366531372,0.4364397441387756,0
8415.jpg,1,ac9d32f5a3630f98d8bd78b7500451f4c890ff3f9eabd154f2c90c1b5f5e89e0,02100e467d2980e2bb7c4ff20c064dcea80469fabc0797c3a10b0f8e68cfca53,-3.480607271194458,-0.031844280660152435,8,7,3.4487629905343056,0.9691942289570912,1
3121.jpg,0,f1133289e4f4144ff39d44c3a745e4889e6f202095f8ed8cbee77493296aaebb,3143d50382ff754acc0b9db3db78f1e863090f1644a450d1450827ffa4185c89,-0.00097750429995358,-7.557613849639893,8,7,-7.556636345339939,0.0005223572385811827,0
8422.jpg,1,0ddb947af30c898668661a4434d346a0502bbb77fc870f801d53de91cdac47e1,80253041b523f962a5577c7024563ce1263c9fcd07b1d3ae49295dace149aa18,-3.961419105529785,-0.019957615062594414,8,7,3.9414614904671907,0.9809501327185471,1
2008.jpg,0,7e84d57959f992a84bf1b5e05537a500ff1b0404443ba9c5f22a5de97b9eb29c,4aea1324fc5556768e19b0c71848e649e9619681664b19bb848d53a2d7f53080,-0.005557210184633732,-5.354062557220459,8,7,-5.348505347035825,0.004732747730153374,0
10404.jpg,0,60259e9b0b52b1ba882fcc127ab8e578ce90cce5942039219efea7655cf38ad0,a6d329fe3daeb4088af53d36962254e209fba2d85aec318c2a4a7f6fd5a74289,-0.00012004197196802124,-11.273539543151855,8,7,-11.273419501179887,1.270605117743336e-05,0
9880.jpg,0,a2618e8afdcfb213e689b6c9f1d59b4d4378516a4ed5da6427e1371601062642,e4d7b7626eaa9ad656a45c22dd069e6bea1857479a9d39011838a4ce3e0a2516,-0.00018166951485909522,-9.792329788208008,8,7,-9.792148118693149,5.5885589270341064e-05,0
9459.jpg,1,92532339adeb6f4cd57c6519cfa54ee4f60518a3fbaa42e730ea4129de3eeaa0,6d3af2107e0da0014d043d15d1c0974edf91c67860fd2dc34d02c9a2550548a9,-3.228473424911499,-0.041356779634952545,8,7,3.1871166452765465,0.9603465649284288,1
1938.jpg,0,da72f62f57746a39d0c3d4273f5a7aa7c612617c2e317b472aac9d6b2e0a27cf,8f18b4aa9e660a8baab7c918ed44d39984dccbac1896bd514868242961e08dc0,-0.9660325050354004,-0.4832178056240082,8,7,0.4828146994113922,0.6184123044003903,1
10251.jpg,0,aa19d9c47dad3cc7e54e7005851271a7db64caad030be5bac47249d4af4c6aed,3bd19fa1cb6fc870c2fa0fa3206592d44d86c81f04e8298099121c04c4073024,-0.005375370848923922,-5.438826560974121,8,7,-5.433451190125197,0.004348998574676525,0
3669.jpg,1,63414a2adb0c96bb68defc54aedd7ac2d4c9af4d24c31fa06a521b22763a4056,f75bf56dbafc168fb33f3c518061eaa18ac356fad5f7ab1fd10dde4c6ab66edb,-6.321944713592529,-0.002082128543406725,8,7,6.319862585049123,0.9982030440013948,1
4765.jpg,0,e0f0e9ce5aeb35c06da64a1827818199d88ea18b0a8c1f771c0e52ac734841fb,d4c8791b46912ae71d87ea27d006cc557380ec1a1e3052ac123825ee01a3ef5d,-0.010746334679424763,-4.661075592041016,8,7,-4.650329257361591,0.009467955204562168,0
2377.jpg,0,b6aee3caf9a0114f103ada3bb95cab2145cef79a7820d17c19fe0c7500345d03,bf5c74e9f94852a35f520af43a9987cf5d7824bc523bf01fdd09a8417135b7a8,-1.355603575706482,-0.3007279932498932,8,7,1.0548755824565887,0.7417100452013385,1
5766.jpg,0,77b6ca718787f8dfb3067fdd6ad081802e873a3e27c7e8492d98f4f20b636a9a,9c6fd2713e331301c98bbd7f58fd678f2b84d5909a0d73f673e85c989de19628,-0.0013987838756293058,-7.066898822784424,8,7,-7.0655000389087945,0.0008533389372018418,0
10320.jpg,1,8d987535d8cc2c9a602994f251382dd582dd1cdb741d38fbf35719465dac17b9,9eca2da6a72224be5d7df2838827be0ff50406f4dfec34330b13ac194465ee27,-1.0161259174346924,-0.4531567096710205,8,7,0.5629692077636719,0.6371392789242147,1
5138.jpg,1,22b0f305eaeb9244f6dbd176078fe88353dde93197bf828a521536eeec191de4,9e05bcc0baa4ad8835e6c7ed18873f6278b77e94f6a994cf37f8b7ef2dd6a6d9,-2.4427883625030518,-0.09234178811311722,8,7,2.3504465743899345,0.9129697171245998,1
5299.jpg,1,0fc17b8cdb0a812a6f1325ffb073cf4ef5cb47e9762d7b02e72908ab47a3f605,6be00f69ffd28a1b8082d744309568648453c070616f8c17361651f4616bce0c,-0.3934793174266815,-1.1349431276321411,8,7,-0.7414638102054596,0.3226841317413385,0
5241.jpg,1,4d5aec634795083dd170880049027db63bf46ece25d20161357f187d9cdbd166,2fa906c3c858974f9fdc3c9baf490889cc1068eb01c38313f2947eca4242b73b,-0.0004451802815310657,-8.168044090270996,8,7,-8.167598909989465,0.00028361792271565606,0
11327.jpg,0,5d050bee91a582e7709cdfc34f6b2b67e5d3c88f0d49f5b465ba6a6855b6051a,a5b991e971c4e56aa22d8b1f5e82d14402ec9e74554ff4dfa0aa75c923a7403a,-0.056841060519218445,-2.9413845539093018,8,7,-2.8845434933900833,0.052922943808394046,0
3051.jpg,0,ade2e7478dcf44094dd3c390732a328a65aa60bbb3589c78400cab1dc9cba8dd,8b485b847f4ca8a9a20a7ab5abdce5dc3a4e3af269ee45495e8a7a1f9b61ce87,-0.0002660588070284575,-9.696166038513184,8,7,-9.695899979706155,6.153148806717502e-05,0
5026.jpg,0,27c97b9db1f5de28d91366c71d059edc5f85df48fff4051ff97109b500fc572c,dbdc0cd7859b21fe288d258bcdba52f7a8965d40b0718a78dbbd7b53ae5522ef,-0.10432041436433792,-2.3458259105682373,8,7,-2.2415054962038994,0.0960847061634303,0
5538.jpg,1,8324dd8e4611d9d32ea56b10d43acd403f33148ee719bbf071fb9f7957b29cba,ca28b82d48ff51bf6dd7b1c900de6a560ce03d4a9bd6033204ee5d21a9d1f75d,-3.197040319442749,-0.043175216764211655,8,7,3.1538651026785374,0.95906074776742,1
6454.jpg,1,5c963735d39827fffd053e601f63aa1538e7ebee147be103d46c6f2d1ce1b09c,d5ed3f9275436088f79052653088bec07d55f16e6eace1ce4437f0680e14a94b,-2.8165745735168457,-0.06275564432144165,8,7,2.753818929195404,0.940128666612072,1
1642.jpg,0,6d2036b65bd9600900bb5519e089afa49fe17f59229a816327cf2e95f36900c1,41bc32b4ff5a37ddb36dacbe1ba50c81e4961dccedfb450f0734eafcba7bbac9,-0.06641353666782379,-2.7829368114471436,8,7,-2.7165232747793198,0.06200536738661777,0
8693.jpg,1,4e62f7df8db4ca100548f9c9155ccb9579b84a3acbaf38c7cb01bb3f01502c6a,3d770c1ce1d2a589d10db7530778e1ca376ab9c904c13ba3babdf4547dc369be,-4.377700328826904,-0.013291910290718079,8,7,4.364408418536186,0.9874376414215684,1
2842.jpg,0,878e76ef6cd83b58cbb77086e8dce0eb36c026b3d823d104df355e6c9f52444a,324cbdf828606fcf0935bb28a4b5291ab637b16b1ac22e81596aca4601d6f97b,-0.0002581892185844481,-9.069701194763184,8,7,-9.0694430055446,0.00011511739438264787,0
6889.jpg,1,030ae9f696f9d5572628e17ad8bf0c88a6786c17e3e886434d2d547e965693ed,b7e4105c74cf44986d4ddf5f9664de8b4a11ee3aa3b7a1caa2ac481070201ebf,-2.4660861492156982,-0.09028108417987823,8,7,2.37580506503582,0.914963614167568,1
7076.jpg,0,e656c9e058a8da55a8cd1bd75560f89b8558fe57a409c78833c19b60e26716e1,b8d4342a17128425b3497dae0ecd028e1a674e25e60ff575e38e4a6198feffba,-1.7301822900772095,-0.1987227499485016,8,7,1.5314595401287079,0.8222197619978371,1
11055.jpg,1,ce9d899fd4c4ad59ccc1916ba8f85e678eed692bc5f2b62866420442a9b19c2e,1bd7e4c32bd2abb207d4f2f9331426a56fa8f67158def64a984d1b84d532762e,-2.241368055343628,-0.11444289237260818,8,7,2.1269251629710197,0.8934927500487341,1
7728.jpg,0,af5a85edfaa4c7e6143acc23e04e80bda484a39e868da0f8a58403226d796446,afb77d10e0e260bcb66c687d577e3cffbdfbcb830ebbc81e86e2fd087676e383,-0.0019092155853286386,-6.525765419006348,8,7,-6.523856203421019,0.0014658454203177933,0
5361.jpg,0,ae45120527c3b24e995ba2fdf9ab9015fbb42d8653e6fea31e2b82343a91c5d9,3d4450dbc6a19d46d25c639bb77115a0a0d9b6f44b90fa910646db121ff621a5,-0.0002077728568110615,-9.555559158325195,8,7,-9.555351385468384,7.081624005812093e-05,0
8212.jpg,0,7b1858d5eaab6ec78ddec0b87c44e2054288cca1373a34a0f8f4c6a68921d991,6aaf620b7d9ae38b7cf32f6307a50e39331178fed753c27e7f3168cdda9cea68,-0.0013101769145578146,-6.9781341552734375,8,7,-6.97682397835888,0.000932392396401514,0
2931.jpg,0,3693e6965575342103b51bb5a4f8375803e9b8f373fde8190fbcef86e04def5e,53233a57b68d646d1a14f7c8855ab7c46ff6717ffdd2328387e3f6c57a7b65c5,-0.00016629212768748403,-10.246087074279785,8,7,-10.245920782152098,3.55007660249434e-05,0
2699.jpg,0,84c5edd08f11e8566714529210ac260522ef2a0406e842a56caaf79db6b7426f,226c35c45a9a10102ae440bcec6ad7864b22ea3f9994b4ee6bb900d778ca0947,-0.004824803210794926,-5.638916969299316,8,7,-5.6340921660885215,0.00356119286751689,0
10877.jpg,0,06f9195e71f84a7ae9282011f2255b585f6c74668f2f84c77c7c1fae46a3e936,f100bbde35ca65ff2329d22e7a0ccd649f48f1367913931795c611a358edcf6f,-0.00014614823157899082,-11.236701965332031,8,7,-11.236555817100452,1.3183177138840236e-05,0
1696.jpg,1,256a7a439a4dd7eb13f74b8c55ae801a870e5820cf44586fea94d1f74f42f9ee,befe92fa86329c55d464be29ea885e9284d24cb977cfcef279a4529e55f7cced,-5.421881198883057,-0.004857657942920923,8,7,5.417023540940136,0.9955792859899334,1
11247.jpg,1,4700bf611b3f11f2541be87ec114f3406f15ddcde62a8cdaef3be9b7770ca420,b62be9c3e790826454328ec983cc4e9bd2edd0e690917ed6b41b33da5783bd06,-3.6037793159484863,-0.028532056137919426,8,7,3.575247259810567,0.9727546031436861,1
6227.jpg,0,1d2b1f00c8b31cf48b63d0e3847c921ee722b55958bc727c0e89b815c6f2a681,94970f783cf003985597477aefc52f545c33d778caaf139f2383ffaf67595a33,-0.0006509481463581324,-7.635985851287842,8,7,-7.635334903141484,0.00048284355315066096,0
11319.jpg,0,6e387b0272f2868016fefc867043f4cc9c54a840aebdea47ae8f192f87b664f3,174474b6381827445b369f0e06da9b7ee585a44617d7d46d1aefbfa16f151ca6,-0.0027987572830170393,-6.123920440673828,8,7,-6.121121683390811,0.002191179562587716,0
9619.jpg,1,4e49a4c6d2bd517ad4599d72a0b5478cc48eabd4c1ad988791c18f0ea28919f8,97511968c33e0146eb8ec919735a1ea448f8baf11e13f412a6e5eb86c0b73605,-6.482494354248047,-0.0018854682566598058,8,7,6.480608885991387,0.9984694690679818,1
3466.jpg,1,d27f580ab241525626425a74cc68cbac16b42d9ae3b3c92a38964af8ae900097,b85105fa271d0446566d16a6984f6d6ec017053866edcd13819034112a87838b,-1.4480186700820923,-0.27064502239227295,8,7,1.1773736476898193,0.7644752500758379,1
5300.jpg,0,4ff94559268a90e3ba7fea50eb4543d88dee1162a8aabf8dd05a1042616e09b9,b30158f6ca0bdf70185ca445967057b1559709eca9ec749668823ac29bd3f632,-0.00013029304682277143,-10.824076652526855,8,7,-10.823946359480033,1.9916415314483793e-05,0
6900.jpg,0,96e5590053dd54187c130709c967eab226f0936b60d3124f0a6a13c4dbdc2d3d,9f3f602d70b0a5141ebd8b079f6737f11575aef947ca8ea75fac509f75687a72,-0.0004931961884722114,-8.18602180480957,8,7,-8.185528608621098,0.00027857945950331955,0
2571.jpg,1,4508dca136ee0af6a27945f6deb754c9fa68005aef58cd9846a42f4b12e516fa,79f2788bfea18f77260368fc6a4fbdef852318b293733a0f73cd29a5bbb39fd6,-2.0954596996307373,-0.1335792988538742,8,7,1.961880400776863,0.8767363108828143,1
3866.jpg,1,34be754bb16d223633442babc5922b7b77e5d7acd3cf6161acd1ebb9659fc2a2,087eafbc762d88a6036e7ae0c6695c1b77f023d29fcf1c460de2ad95d1f3940e,-5.048486709594727,-0.006829536985605955,8,7,5.041657172609121,0.9935784734288325,1
8521.jpg,1,978f1216a4e4283ca155f1c65ebda6846a93446ce02044c7e3c1f49d07615783,33fa3d97eab0d22318f1092cf2b7ec9b3f51fb08e0676f53ae9b788c2ca96f19,-3.566887617111206,-0.030081655830144882,8,7,3.536805961281061,0.9717170623567117,1
3457.jpg,1,81af6434bd29ac8dbc8fb0402048943e4c46458f92842d375306750133ca543e,b9de5b4654a5d2a8170f599b20cf4593a050112e342b36f1fbdf020739aaa5d3,-1.1627930402755737,-0.3798794746398926,8,7,0.7829135656356812,0.6863077140695518,1
10413.jpg,1,ff04833de77e1395e3be0b900a5fd0c2acc6a90f05ac00de9028734d4a5144cc,f08f249f9bea0fc2d58dc2908ff5002574d0e943b643bfc02c0c36a679cf3516,-2.7304744720458984,-0.06910594552755356,8,7,2.661368526518345,0.9347082357399509,1
7626.jpg,0,15ebaf79ba3ac4a039b35de8bc88e19d301e0e95550dc0fe83985ddf9ef28394,4fa7493df706ba41dc237d463b3d41bea546a97bd93fea1fdb7ac424e2661f2b,-0.1928837150335312,-1.7611854076385498,8,7,-1.5683016926050186,0.17245863367247966,0
1935.jpg,1,b888ce86a89b3450dd57174dd9445500c4f896f152199ac3a1f55f7a672ebe81,e8b4a01e72b601ec61456368d4c97330ccbe353c64d54465186b30dbacd75ed3,-5.928064346313477,-0.0032320632599294186,8,7,5.924832283053547,0.9973348660894251,1
7034.jpg,0,c0482edac4f73fc05e16656b06a32fadec8b4680b66bb1972352ce5057b865c7,2af7504127401a48f35a9670e42f5f8e070920df8538470a008c5946327d9345,-0.00034865119960159063,-8.930671691894531,8,7,-8.93032304069493,0.00013229776939144617,0
691.jpg,1,46aaf8f7749dff1dd4eeece75668ebbc618b62b74f4c29bc8eed37b633a3eaef,3a0bcec7fb792aa545d4f359e6271c3820e1b4e85e5f058073e4ddd6c90101d4,-3.6789355278015137,-0.026696952059864998,8,7,3.6522385757416487,0.9747225106591875,1
200.jpg,0,2e918a49f07278c34322d2248e53b0a2be6ee2dda8958b40eb855f9cf0ead546,9ac73e03bb44bb61891c4f51cc09865648ba97216b6ca1e5a1dc643d992f5b79,-0.46815118193626404,-0.9906332492828369,8,7,-0.5224820673465729,0.3722720267321278,0
6781.jpg,0,76e406e0730124922c10e56de9740f11b04721dae9cea5efe1044917f46de695,927d733a236bf11c8b091487c610ee3f274d0a72e81c2481e901b23999b3d5f6,-0.00406274339184165,-5.707207679748535,8,7,-5.7031449363566935,0.0033243708354842787,0
1707.jpg,0,8279b45c7a27dd7170319c87ff3a3d6bc181c1ba24f7afd8a70f23b4eeba508d,3fd9a80c44a3e082e96fa8d1b3515d495cafd31708a7a2ef5b3980dc06bbc1f2,-0.00019489918486215174,-9.646608352661133,8,7,-9.64641345347627,6.465286692340905e-05,0
5764.jpg,0,774198b3d418d20faa7cad66282dcfce9c8f407368daab7d212c803d2c6819ed,75e640134382cf39b37eec26066e43dd4fcec0b53a0585a02829ae71c42120d9,-1.8249659538269043,-0.17864163219928741,8,7,1.6463243216276169,0.8383936529684911,1
255.jpg,1,20ad2bd07af9b2b3aff5bedcff7dd1770561519aa02941e82531ae42b398f6df,bad573b6fd4f13ab07735b2bac6d642b77735a9e6eec8200f89fbbb0e75b5a27,-3.3339226245880127,-0.03705425560474396,8,7,3.2968683689832687,0.9643212209775115,1
1139.jpg,0,6f1877db2aba65419dd6c851f7ca16be67ac84f3c398e51b8414f9e9c9ad8acd,942dbe04412ffd1568a401fa0f0886e1831fd210bbf9ec0242799f10a0e4f0e1,-1.4450314044952393,-0.2723471224308014,8,7,1.1726842820644379,0.763629869557729,1
6199.jpg,0,198aea4093855c12b845a4769f56df0f78e6c3438a2204d45aea9092ad7dedcd,a9ec86e5c99bb0968a78ee5d41884404c61cbf81269fabab679dca1350a21966,-0.0010496409377083182,-7.1883721351623535,8,7,-7.187322494224645,0.0007555396321751087,0
10829.jpg,1,2e1059ccf88b9309e47384ff73c24e8fe59dda305ef28eaa6d14fd795df2ef62,31cd0027b1c3dd5c04412fa29fcbfebad5fca23abc4d143ea4384c21da54541f,-1.4950698614120483,-0.258627325296402,8,7,1.2364425361156464,0.7749441792129216,1
350.jpg,0,83eceafb312b68d331ce7284cca392d1a7c3ad1ac42b4e5f771e09328f737a93,a1638d027458c6c2fc35ed1820ad541dd69cb81b56c36553bce5d0a279d32480,-0.29872679710388184,-1.368230938911438,8,7,-1.0695041418075562,0.25549739412612343,0
9372.jpg,1,4404b4d07534b11ccd887412fb2d50d21ba37f318dad0c9c480f688671b3cc06,47edac4c9f340a363ff6bc2b9c6b5ed62fa157853118f4afbd05b46ec5fdf258,-4.835696220397949,-0.008340881206095219,8,7,4.827355339191854,0.9920559425372903,1
10583.jpg,1,48a0f99f7ebdd72e7bbf27716bf65970dbac1519a786485ea38954f89b67a337,2d3548eb231656beb67c07016e3e54b3f254db4ca888ab84abc29d9d159f7911,-2.1632473468780518,-0.12456423044204712,8,7,2.0386831164360046,0.8847991064805596,1
8927.jpg,1,f519795475606bc70194fdf733dd3e90c189433f10f178c0847def657608b1bd,77bb94f26c5197be2eed49e47baf964f610eec059e143865f52a8220d69c53f9,-3.876044273376465,-0.021649111062288284,8,7,3.8543951623141766,0.9792531378294422,1
133.jpg,0,9afc602de5725c013b32d4de0149980e5f9eb636960cd40754ec3ae59b8b4b7e,9d515952097aa1f1e82d69e38ab7002975a0f00381c55a38a9ae81d1d63c98dd,-0.00022469792747870088,-9.505170822143555,8,7,-9.504946124216076,7.447697029235064e-05,0
11119.jpg,1,dce7748d7562dc5dca5b0871c3b7fb3e13f29e93ff4ed82300c25ed9f0800ef3,4fd00091a05b841c536fbe0770f67ddef286111046e5606c24be393c2dc7dd99,-3.4347517490386963,-0.034020498394966125,8,7,3.40073125064373,0.9677273808742278,1
11688.jpg,0,6b24c2c6cda4091fc7ecd4afaa8c4289ecebf9c4e5c2df75f77291db3bf42e2a,9c86b6c21d8a039a7150aae85ce1cee14ec1566e27ed613bfc8fb190dd90db65,-0.00017165555618703365,-10.228262901306152,8,7,-10.228091245749965,3.613938154203712e-05,0
1298.jpg,1,fd148555e370a1d1deb35bde44b6f468f79969e8684ed0042fc04457559725f2,4b1eebca7117bdd2005537c41890212ab301131f430e4048438bc9be6c21c7c3,-2.38214373588562,-0.09892237931489944,8,7,2.2832213565707207,0.9074778729849676,1
8955.jpg,0,151e20d3a806fd80759f27614e16087a66567125403f9eb4407656ee5400af1c,65e3c8dd4788ceb113e02be5d5d1fc2e4949added8e7c597e30b03ba01809264,-0.002970215165987611,-6.118418216705322,8,7,-6.115448001539335,0.0022036194794797497,0
9003.jpg,0,a73adf67e51a85724ae1fba23dbe52750611504eeae545510e4dd2df504bedc0,eba3f3b470b0cab43f3b4642dc75aed0c8eaddcac39b4f88fd07ae66f22d29b0,-0.00018155072757508606,-9.983960151672363,8,7,-9.983778600944788,4.6140256675351914e-05,0
3746.jpg,0,a62be8c773265c17570a8838fd05a29a698ad4d7af7f86bc66873fd3ac5f8786,4e5a5a877fa8fe1964eb811699412673714f46aa22891ff403676dddfaccdcd5,-0.19036687910556793,-1.7702046632766724,8,7,-1.5798377841711044,0.17081845696629652,0
3272.jpg,0,8513e6a0bc3c14953a0672144242962b3d4bad7967f005f51760e2feeb4b3e12,008811d8110d0ff3f40c50385781fc9cccf8429fffb62cf32e2f0ac9401fcfaf,-0.024046892300248146,-3.8434181213378906,8,7,-3.8193712290376425,0.021470495915776416,0
7633.jpg,0,98b10f6b797163c1a535706d57badd557692853bd746c8918ed1e049fd94debb,29a22a4380cc027cc7a11bb2941ce9a95d0628ad9b9de621a6c9f1ba64d301f6,-0.49374276399612427,-0.9522730708122253,8,7,-0.4585303068161011,0.387334533792079,0
5995.jpg,0,43c8b1f40216dd22585a3990702ae22ee23ba5bc4fddf2e8bf66ed64d722d2e0,7fe80d0da9da8ac004e50edcfad4f9601e1d4bfcec5891fdd148af334cbd3f25,-0.00017368346743751317,-10.6013822555542,8,7,-10.601208572086762,2.4885295833680777e-05,0
98.jpg,1,c993aa70b8e6dbdaf6a2c0a434dc634e7af14d927a6de19ed89935a4dab4b9a8,a26b1cba8c1ab39a187d1181b99e39b41c60c660de16fa9d5c97d5bac30f6011,-2.3379671573638916,-0.10520198941230774,8,7,2.232765167951584,0.9031534904570585,1
921.jpg,0,f38032e379ffd61ac2ed8a1dc25a668a728d1226e6850e35891b01e2960d518f,481bde2e9958571d36e93e6648da6cd0bb0b8ac84334e7dd14e788af2c4ff7c5,-0.016936171799898148,-4.236342906951904,8,7,-4.219406735152006,0.014494195819834165,0
6060.jpg,1,dab80a9f71e31f67fa4c479b2607243ca89f29d8e76e86f1dd3fb93563390ca2,e764f286baad7f214ab09a4adef588c349a08aea3d7aa273767d831f11adf233,-0.9799131155014038,-0.4760408401489258,8,7,0.503872275352478,0.6233688978347249,1
6705.jpg,1,8848ae12f0e28f9f7499974a35bbb33c1c28f9dfdb4736b76ad70e5bc7e3c57e,8c63e09911f4255e4436b10636b648879c28194bb5388d5377bf3aeb31db8404,-0.5596497654914856,-0.854180634021759,8,7,-0.29453086853027344,0.42689499905067213,0
1939.jpg,0,dd05aa4a119cfcb8e6f2e76b21f0a2a274da5d53e329020881fda200659cea25,ba1420df812b3877fe18fa3d712415b72aff0cff6a013f43759f955a5d0437b7,-0.00018977414583787322,-10.023550987243652,8,7,-10.023361213097814,4.434965786189356e-05,0
2738.jpg,0,4e38c6ae78d972ffb4c409ac6da8399dc1345c8cf3cd68097010634c52859f06,6b86c130009c44a185b610777c059377bffd147fda36682a32b0244a2758f3b9,-0.014746474102139473,-4.347301006317139,8,7,-4.332554532214999,0.012963689004094881,0
8243.jpg,1,e4765fcbbabea2d493a8a828223aec9bc6ca176d487e8affa662a1db9cbb1022,a43ed7dbebc84b41a9c187932dabaa19141b12becfb6f26dba5fefcd87d295d5,-2.3908653259277344,-0.09844855219125748,8,7,2.292416773736477,0.9082470491375894,1
3.jpg,0,4e3494045801d8ec6a4291ae1d97eed331236411da237b893063625ddb75b79a,2f821a4819b0bb2b88cabd15f2a3917f07d830bf94f9a307c098892118ba3a15,-0.0001753505930537358,-10.664560317993164,8,7,-10.66438496740011,2.3361800436979134e-05,0
7377.jpg,0,8f32bb4e87bf38ee041c29e3be865aa0f877bf1d5a895b9a9cc906ac0cb73cb5,9b4717802e194ac62c2e1d19e7039b4d12a257272523cc15eef5eb45b761f81e,-1.241699457168579,-0.34541189670562744,8,7,0.8962875604629517,0.7101859981072022,1
1389.jpg,1,505ac4630f7090d3f558e6d430aa999c232218c5761cd0cb2be2e76c0db18b62,0a7d7bcd2540c9b449900b7e39dd847f41fd218b29c64db1aed878f0c0a4945b,-0.12555095553398132,-2.1622769832611084,8,7,-2.036726027727127,0.11540052916104335,0
3105.jpg,1,7e288c2ca9001a723fa85a12bb39e358f5753f79d18bf3736fffc955e7cd174a,69ce92d20fd2a4feb012d80f1407a86ffd133a29cce1b068efefb0fe1dee36ae,-0.4917646646499634,-0.9537702798843384,8,7,-0.462005615234375,0.38651014415742463,0
2297.jpg,1,79281b009478a76c0253ce9c4346b12c3b4358c3758765d51f93e8c78e62c21a,94f2aef744b110f816453e932a04e30b039fbec0ce1dda1f9c4fb9083c573a03,-3.8616724014282227,-0.021921267732977867,8,7,3.839751133695245,0.9789535260688084,1
5119.jpg,1,9fdaf63f061ca59a3a318c82b421532fe2bad4a6ba486ace5b3cdd004de004bd,8afc746f493494ec715ac65eeab66103e551377c7ecab24a1a3e5a42ec972453,-2.851392984390259,-0.061298348009586334,8,7,2.7900946363806725,0.9421382039290535,1
5447.jpg,0,1cb97d25f45b22dfa1b038d725b8d76df730b62860a77ceac4ee32da0314ff44,5d34472349e52753064d97bfdde1867a3c167f964739a55ce1e055b5ed548f5c,-0.0034738245885819197,-5.870562553405762,8,7,-5.86708872881718,0.0028231109389123873,0
6837.jpg,0,c146c247d6b7685429527a30f0df552d817ad31b1a31f95f4f8c66e1a7270db2,b5c16feb97fcbb9d657829696626d9645b0841d773d4d8c13fb0e491cf89b530,-0.0001780935999704525,-10.451998710632324,8,7,-10.451820617032354,2.8894782593743435e-05,0
3523.jpg,1,babe15f24745d5ece5020c27cfb34ad8114b49235396f8f545e7827afc4a0aa0,b87ca976311c970a2c68f15bfbaa0290fcb87a3770b674d500b3930a91cc452a,-0.9247840642929077,-0.5099047422409058,8,7,0.41487932205200195,0.6022572696332872,1
13072.jpg,1,5dc66b8899a570498a4e28010a9efef128eeed52c0a09b0b9c645d99fa51127d,92e956a09e65927b9206fa009d6e3befab074091459f1763a957b259275acc24,-3.254476308822632,-0.04092846438288689,8,7,3.213547844439745,0.9613409355796703,1
10928.jpg,1,d380fbb659d36175778f1d23dd5c82165938c28330016f0fb64243f01f2e5d39,44362e5f5e3bacbbc177f7b89b7b37f3405d6f54c6fc0c4f3dbf10c8bf323c3d,-1.86947500705719,-0.16926762461662292,8,7,1.700207382440567,0.8455618183141885,1
10907.jpg,1,1b57dadc8be0927131beeb5c217b7027adef9610587668d1d377c565bb0c8478,e57627cc6976b2e5b1f503a5d0fe6b4e77da43229808644810e7e7bc7ddbad53,-2.7236974239349365,-0.06926202774047852,8,7,2.654435396194458,0.9342838380768427,1
5315.jpg,1,abe4cd4db6c706c0283f133132e4132e2a568f47403286a7d9108537903a57ee,4c92370c6a5c49b999ce3a1358f2b80594dac8eddc6d9f69411e7bd102765548,-6.626391887664795,-0.0016160717932507396,8,7,6.624775815871544,0.9986746808942206,1
8311.jpg,1,d8e9d034744ffede29bc9a41088dd5bca72ef785d82d1cfe059827ef49ca09b7,9deb7e4d9b02cd4008a0d3aca86eb915cf03dd76808ef57799b1d06a6a7f0ea4,-1.6125502586364746,-0.2257104068994522,8,7,1.3868398517370224,0.8000872642160339,1
4723.jpg,0,fbdbd8b5d498d7a5f1bac995f8bb4daf2fd7c53bc291ca5096e29531343fd877,37ad2d8fad30b1266b7592b06650e196b7a189adf20f09224ec1bf012ce4f464,-0.0001901313371490687,-9.85312271118164,8,7,-9.852932579844492,5.2589968402213936e-05,0
2641.jpg,1,838cc412b1e47201d5c05612ff1b14198fb7dc026baaf068577ac3a684226738,8e2ef758d10a4bbca72ab049254cc56f8876e3be94881851d61e84f86a91bf8c,-1.303207278251648,-0.32032841444015503,8,7,0.9828788638114929,0.7276790722201214,1
165.jpg,0,68cc8d773f50510e0903fec307e751748d4671d50e981acb47b64758e617532a,5298f13e10b8eba35ae3048bb540b0a4389ee4c6999267409a35171a62bb6d7f,-0.00032970207394100726,-8.840546607971191,8,7,-8.84021690589725,0.00014477037568517295,0
7162.jpg,0,7235e120d8807aaa12dbd16b8f1265cb04eeeaaa58617fa40ba693819919e6bc,b3452c75a47fac91b0bfde384cffaf72553a891afd131bbb8e92dc1aca661255,-0.00017153762746602297,-10.239866256713867,8,7,-10.239694719086401,3.572247761633158e-05,0
6817.jpg,0,7941d3305f29eedf72c66f7fc4f11f5ea2301157cebe3c0717aed1de18550c90,0d785bacbf91d328a7491c0d6ad209d2ddc598813823c63e36fab6db0631d406,-0.0003283937112428248,-9.116615295410156,8,7,-9.116286901698913,0.00010984978047821305,0
10244.jpg,0,caaf87b64410e95b814d0139e2428ffa278494f8f74bad61d824399f91c917c6,8c08f80bfff2e566fe8399ec6342fbdb8c4374a488d7304b67edc048be244f0e,-0.00026402954244986176,-9.276939392089844,8,7,-9.276675362547394,9.357297545871965e-05,0
9473.jpg,0,e409ce24269058a566190d53035ac08212232f4e9d159336da417cf75de82be6,c82f5611ee095e24bfea7dc4dbb146d710ebe6763cf0c641decc0ae66c69c10f,-0.00026129288016818464,-9.302474021911621,8,7,-9.302212729031453,9.121383735320375e-05,0
5566.jpg,1,063f277a6ec08c3520b97bbd6f41d8ddc504a894967c98b44076936f83f1038d,8827d719c9e151f688419e5a307a907819de963388faa5e38d08b354de1d512b,-4.772846221923828,-0.009005599655210972,8,7,4.763840622268617,0.9915394170331827,1
10653.jpg,1,8fce71ba9e003f471361d110aa67042abe4eb09b2733d223b065c0e5b80a247c,4eb1399a868fc4dfa7036bec3f02bb953bc20006399d18d25e3c6619a2818fa9,-1.9075028896331787,-0.1642562448978424,8,7,1.7432466447353363,0.8510989803299736,1
9010.jpg,0,500924f7481a3eee892a597248b0764367bf320097257bb3828e7e2244c6a4a4,3f773b81e04340f83d32e451991ce3467355c0f78f2d2e4c63952c019a43aee1,-0.005106441676616669,-5.545527935028076,8,7,-5.5404214933514595,0.003909527785237372,0
1272.jpg,1,6bbc64fcca01bc535c44658bcea47853024da52d6cbbfc6842b22cb6def8f24c,12938f56f704fb6c6fb9034a99462e0f20b3dff36b03170d79a04497a56acfdb,-2.886456251144409,-0.05880843475461006,8,7,2.827647816389799,0.944151702656469,1
8564.jpg,0,d57f1337fdae4ce4c6b4913ab10096d1bd0ac47069b9794bd677c73a877000fe,1f984ffd00a66a6d05ebfb10545566d4340a91f916ab178b1c792ddbc2ab0516,-0.0014268464874476194,-6.9161553382873535,8,7,-6.914728491799906,0.000992065871567129,0
4075.jpg,1,5e93d5add63456c3b4f42d0a3dac5bdecc8d808425ac5267095e1c38fca5a8f6,31bf2d4efa7126f8be079e834240b81c999f67bff0a2b310e2d84d653bce8229,-3.7687015533447266,-0.02402389980852604,8,7,3.7446776535362005,0.976902842707029,1
11006.jpg,1,4cef92ab064a4542db7ae5017fdbb07909705c52fd139b4a16c2a3e6b96b76ea,4e056344a74ecb35e1de031a6c40f2ecfd4a0b945e875d10350a16f9a935a10e,-3.5820116996765137,-0.029201854020357132,8,7,3.5528098456561565,0.9721535925038589,1
8986.jpg,1,08be575eb9c8e84cac33072da92590bf56afba2d9c2bd2e6dbfe2603d275c0f5,d5f67698d11b0f0accb3b875a57d9cc311380e1ccec8c31f68b61170cf187f35,-2.370953321456909,-0.09948306530714035,8,7,2.271470256149769,0.9064864940160132,1
13537.jpg,1,36a352a9229e9071e7178387f25eeedc9d41a8dbd36af1ba55a1c1ab5fcf4c04,18e3eb77b9ee5f02c8396abf614e645af0d02f74157ed3ead5ff8008846a02ea,-5.948766708374023,-0.0030121016316115856,8,7,5.945754606742412,0.9973899035789632,1
3737.jpg,0,3d79f7131f02a27ff8d1913d37ee580b2ff1d385837e4e94d20b4a6a5d43f23f,90c15fca61316bde55b9a0f887da66ad991e76dbe2cb13565200381fd751c44a,-2.0034408569335938,-0.14704415202140808,8,7,1.8563967049121857,0.8648764015767607,1
9648.jpg,0,76e4d5e01b36ac3426d23644d99ad0b8d6c64cd953f1891c66e61238fd8974d2,c0a0da7ac5610edd5102c236c022fa533500ea00a83075eb1ed9711b1a078561,-0.9894266128540039,-0.4687347710132599,8,7,0.520691841840744,0.6273095278385827,1
1557.jpg,0,b97c3afab348f5f954d81679360920d1d3d4bf65c222b9711af5f4407dd58d43,c9059cc76695db3497096e2e465012342e737a41ccc1a9997454fd0b12ce5b22,-0.013026506640017033,-4.464877128601074,8,7,-4.451850621961057,0.011522655049655309,0
9716.jpg,1,f3cb7edddfb738afcc04b858c88a83e49f1246847ebffd522fb7af2273d59a97,c7372c8dd88ba4158d8e93d764a9f326df48b47896770c6ba4503832e801e960,-4.803745269775391,-0.008882974274456501,8,7,4.794862295500934,0.9917957290008013,1
6051.jpg,0,a1269eb1afeaa0deb3e47c78160bc3994f83feffe83b4b8c161b4033eb425dc4,c9057f6c79ec1ec375a14253fd1cd141cb06d095f15bff96a2bd36aa46d17006,-0.00023685689666308463,-9.593314170837402,8,7,-9.59307731394074,6.819457710653788e-05,0
3333.jpg,0,8ebde5498edeb2b296a8a26998496c5ea3d23f382c6f42f762abb5a79ac2172c,5cb14c96c786b1b132869838e7d070ec34324ae1eada327b569775ee76674536,-0.005772188305854797,-5.321561336517334,8,7,-5.315789148211479,0.004889376363374131,0
1260.jpg,0,9fa46cf090b6ece00890a1e64dea865147e83af8850034d13ca18665273010a2,3c6ffd1e3751a94d9b612e7ac9760c9d6d04622543c61ff1397e1feaa79eea4d,-0.00012588230310939252,-10.447973251342773,8,7,-10.447847369039664,2.9009813772548536e-05,0
4214.jpg,0,31c7c4cd55dd9fe746da9bc4640db73001b835f0e28bec386565d8a7edbfad07,eeef625706025360222ba14a107f78fcfe594246cb38b9963eb0a2fd205b0884,-0.5018982291221619,-0.9400172829627991,8,7,-0.4381190538406372,0.3921892522224024,0
5030.jpg,0,19e731ff982b1c45f3f364189881ce3e9b40c3b82e7cb1a6f9fbbe5154cf8ddf,d9d6b31ec6996bddbf503449bd1e0890f47b0effd085f3914399c9b6f87785c3,-0.0007304344908334315,-7.85797643661499,8,7,-7.857246002124157,0.0003867883687392834,0
10389.jpg,0,16238cd227bd51da00fb6618f8b2495cbe08bf1961022b4784be01a29e85f46c,fc61d3256ddafcc6d1ba36196d4fb1841da54347e96431a680514a032fc3eeaf,-0.0006829999038018286,-7.594512462615967,8,7,-7.593829462712165,0.0005032956007611438,0
3243.jpg,1,37df4830c34ea609001cf9cc3ac6907e853355674a6ea2ff86c12d043224ab5e,45fe6e8f88c0b393e531d2bf3a88197b3c4ca3aa1326757357edac997449857a,-3.025658369064331,-0.0509515106678009,8,7,2.97470685839653,0.951418297992038,1
9740.jpg,1,16e16dc8ebd83e1dbe38b5b68799bfff3ce3b507a44e2263672b9d597fe7200b,02e07341f13065e1043dc3c8381e86e698efa0ec1c5b22cd597b0a342309c84c,-3.1139113903045654,-0.04727371409535408,8,7,3.0666376762092113,0.9554954119658176,1
985.jpg,0,070d9dcbdcee3e3f5717def6bce3dda08ba430737d9ce13972ef434f1187c724,b808cfb6f072bb6a8656bf0003d05e58d07db685c06921bc4a3d11896e4b2e19,-3.21846342086792,-0.04206603020429611,8,7,3.176397390663624,0.9599363442273808,1
625.jpg,0,dadc35439c971cc42ac3d6c750e567867166db078ff180806e7c7d4f9d4dc3ef,14c76b8f597996672179b621c44332eac7feec4c7df2d0bae64e70316dee0c27,-0.00013994860637467355,-10.854825973510742,8,7,-10.854686024904368,1.9313517113769068e-05,0
9055.jpg,1,c8ebc38eabf9bed1b8ee91104fef6a568f979890eedb9a731b577acdfba081a6,76fd964f06ce926c4b6dffc528f9eb8b66e66d08a66a8252a0d2d9c4d4af792a,-4.4636549949646,-0.012831568717956543,8,7,4.450823426246643,0.9884656394385064,1
9770.jpg,1,6be1eff42aa2b065996230ac060d0fca91f9bd20f803be26e03112f4711c60de,cf55b7e4ec524eeafaac06fc1a8e74c6039c960515eed433bba4175a1f08caf2,-5.95259952545166,-0.003007687395438552,8,7,5.949591838056222,0.9973998739394822,1
6067.jpg,1,ec6b5d5d97fa0be4d56bac69b357441f4fb0a63f7503fa5baf451bccd65abf37,355f92b32c1a2b0d15af831cc5cd4889021ad481cd6a563ab5d907f5e7ad486a,-6.154247760772705,-0.0023753871209919453,8,7,6.151872373651713,0.9978750342626426,1
4890.jpg,0,5012b01eaabd2997c614eaecda082303aab3849ecc64f401af64eb6a3ed5eda6,1764946d3bf2c9db9d175e83c08286658d779e7aa111f10c7f30277ea0601f0c,-0.000572315591853112,-8.159451484680176,8,7,-8.158879169088323,0.0002861011005671886,0
11704.jpg,0,0cffcaa8cee91e822539375c8c92aa2d25c9d5c6e62743ee72d835a29e67fef1,38ce364a169e63c85aa4b34e1318fbb11ec690a37017700ee52878fc1dc6e4d3,-0.001863620593212545,-6.712374210357666,8,7,-6.7105105897644535,0.0012165602244954947,0
5814.jpg,1,ec3d44cf0cf29a6530de9514296aff4717f61dc558437f9de2df1472d990e67e,ae725acd34f07bb0a4922cd60c4ce6e4f8db41cfe21f0b5afe667435495a2493,-0.7033125758171082,-0.690119206905365,8,7,0.013193368911743164,0.5032982943849449,1
11468.jpg,0,8fc0beec6d28bb9abd360e92da12941d7890ec6ef021f393667940e87fc8dacb,59d31868fdf20f9c59cdab57626327e5b836e4579b57f6c269fbd2ab3564a71f,-0.019311700016260147,-4.075893878936768,8,7,-4.056582178920507,0.017013601366459068,0
4283.jpg,1,6e9e5abbab3f07dfce9d5c6f4c445b4455ae3385dc672c3b902a5276d4da34ad,f4053e5b7a17bc49d1dad6a29d800c11debf57f70c6a19a3e97258319a334f29,-4.087452411651611,-0.017620034515857697,8,7,4.069832377135754,0.9832065844497325,1
8159.jpg,1,550d35c7500ded673e6e9cb2e05977c96f3e403e3969046d96cf86d82452ce64,a538c00b32d23ce240032155fc5115aba0df6e0b3c7efd87fcd0845dc80620c9,-2.320960283279419,-0.10531944036483765,8,7,2.2156408429145813,0.9016452973080166,1
5793.jpg,0,034c112a355019dd7029a0a487910e77b3942f299b55b5c44f85995ba6617d67,26ad6584c6c9ee6b032b9396c4316971ed0c19d23524b89f6be4e37469f1c928,-0.4036576449871063,-1.1134411096572876,8,7,-0.7097834646701813,0.3296466883488233,0
8163.jpg,0,0f15ca3b80398c81273bd97584d7bf001dcd06cbd71f94b5f9e3d3fd4308195b,12fd1772cb91d667299959fcd7d06246ad05ba471592ab0108d2d3ebc433c126,-0.00030849032918922603,-9.510322570800781,8,7,-9.510014080471592,7.410050698934563e-05,0
3810.jpg,0,a41a86ae975ab5a0938f5a5c94d149dedd73047ffa2368e3bab105f3df133902,62f43374765725539ec06170b14d485baf7ae5dca9dada406f707b6c69e699c0,-0.00025211190222762525,-9.498361587524414,8,7,-9.498109475622186,7.49878493452151e-05,0
1991.jpg,1,2217be61a10b162f7ea86331729953d1f7089af657fc312c159d3fde836f408e,322c42f922c3ad90cb1eaff27dc6863d9bb3e3e5b32c743a36938bce2af8e31f,-4.168944358825684,-0.016622645780444145,8,7,4.1523217130452394,0.9845156767563051,1
3762.jpg,0,3334635296fa679aee58f61ec3f9920b453a8f6b312cddb5696a3266aca9b94b,77b2242aa748e57f0ccbfd95b948df839c31f5543240390af0f68fda527dd8d0,-0.27602580189704895,-1.434389591217041,8,7,-1.158363789319992,0.23896472028135446,0
1820.jpg,1,613ff93c677a8d542121e83767adac2de3b1aa27e612d2e883661639a2d062c7,ad1be150d5cb0b6542756aa108230184651ab2bfb716c326e5a9de2f0db78bb3,-0.7340247631072998,-0.6619096994400024,8,7,0.07211506366729736,0.5180209566378408,1
11232.jpg,0,2653e39d6118c30247ade64ba6446e952161aae999bf45d4fb851f1ba84d656b,6b5bf3bf9a42532aa0cf47e8b09bfbbdeb95679e6a70139883afb6e6349ddc2d,-0.0001244524319190532,-11.082184791564941,8,7,-11.082060339133022,1.5385643480241286e-05,0
6107.jpg,0,8b30708f2a00e9e35f5cee4f60c1dace89df7b32f769c22dc2d3b243f07de647,88189ddd926752252daf29b288a101571751d0d8b4c3b0f52d1af903ef8ea7aa,-0.00012433307711035013,-11.028766632080078,8,7,-11.028642299002968,1.622984820890272e-05,0
7702.jpg,1,9780100d4bee1eb358c707ce3b182a7e96ba1956315216f788c022d234e7dad1,258b2ab880e1e7f27d67c9b2fe7d68e9dab920b5032ebaab03155a6c48b4134f,-2.0535526275634766,-0.13980422914028168,8,7,1.9137483984231949,0.8714396755628017,1
260.jpg,1,46a3796ce1a257c7a56420e90ff607fdf129613bfa06e3f0ec8d7e14ded940e7,b29d94532887d481e856862f8dba3e1f19669b71576490fe051826389009c74f,-1.4784733057022095,-0.26135796308517456,8,7,1.217115342617035,0.7715555049435231,1
6999.jpg,0,c46877f382cfbffb4e48d459982bc8bfebd5901c14573bc27a5c0218c0026534,a49c1a98d1e6c21935945c07961a0fc74a026f3fe6962a9409634052609cda1e,-0.009924406185746193,-4.810501575469971,8,7,-4.8005771692842245,0.008157899749412837,0
3979.jpg,0,ce27069d564483e7141d3d36784f09df7f6f50fa6eb753e4a1e01b9b9be3d77f,a581cdbd1136b1d6ea5a862119e8f9ec08a92ba98dd8748920bb33e89a16db2c,-0.00017976100207306445,-9.896698951721191,8,7,-9.896519190719118,5.034709990908434e-05,0
7428.jpg,0,fd141c83fbc832072e8e9d584cf7951b06323196eebb1a41ed98f8b202eeeafc,7c688ba0fb9cf683b4d13aa4f4fb203b8a120b8229cb4599805ed6a9f53ceca7,-0.0007413781131617725,-7.684236526489258,8,7,-7.683495148376096,0.0004601512098240277,0
681.jpg,0,2c2ea4b1ce964643936b2e999a5f87eb4fc3cac915e020f2a9ac2d211444e159,7c1c26c075952bfb590c6bfae81c301d5feb6ecf20d77b6dd2fe8977dea19dae,-0.00015616051678080112,-10.990487098693848,8,7,-10.990330938177067,1.6863689428633436e-05,0
3348.jpg,0,6361b7336e238be4e12e44ab1fd1ecebc921fb00f5d0b917d84a55e38d7ed13d,730d4ec1845a00147361dc54a874d537ba3985f587f2a3f60cf42e64fa913af4,-0.00015318063378799707,-10.42711353302002,8,7,-10.426960352386232,2.962209640608485e-05,0
7283.jpg,1,b82ae904ece1d46fbdaeea0551cd4d5a560933e60ebd8ad9e3c295e9a6b867af,30b4556ae9b89933638792c3acd9457f90dc2c79d9298ddfa3286b195261300e,-2.696773052215576,-0.0714702233672142,8,7,2.625302828848362,0.9324723797759763,1
6910.jpg,0,fddeb869d1d3166e1875bfe75669e68eff6c39cdb8e1a1a251a693c3fee057e6,dfae865ae6cd217d089b6108a2fce2cb37b2dc4e2fa3ec39d75058c1ed7a6ebb,-0.00025962223298847675,-9.301614761352539,8,7,-9.30135513911955,9.129208782731814e-05,0
7932.jpg,0,f9d2c60b070b25c5a9ffb8fa8eacab8c6993f2e5fe942885e1267582e0a3c54e,8bdf8a8157124af80bf5a0a8b32271cb9adcd1dad62afc48291ec4fca0f928f7,-0.0001568741863593459,-9.901963233947754,8,7,-9.901806359761395,5.008162204409377e-05,0
6527.jpg,0,feb5819a256543d7fddb3b5d66b6fd7d406c1e294ee4ee1e50686cf08923c1b7,9d89d6603cb23484bc7f813c6ee251843cb13b308f15d69bc3501014d7aefe31,-0.001452327356673777,-6.822253227233887,8,7,-6.820800899877213,0.0010896582628181137,0
6669.jpg,1,4972f0d50c651621b2f1eea2e7877867e78345a12060e4ac88fc00f75156502e,b4bca3dc143a2629a0b03e828338b38ee596c689f09fd31d40c1f7fa8c819632,-0.711105465888977,-0.6805356740951538,8,7,0.030569791793823242,0.5076418528406844,1
104.jpg,0,c321be220954c30900bc1b71838c198a6e55182ac5f53ed01c46b82b9146b92c,8ebd9a7f73fbb7a35c2896e600003bb0b9ab55efee6d9842d495d4121536badc,-0.0015308988513424993,-6.784186363220215,8,7,-6.782655464368872,0.001131978735494763,0
8702.jpg,1,69c09a9393709caae1847d229c2add3cc847de0c2d8b659c477cdcf10177a285,54dde40d5918afd5b0c3b3660f6d5d47900b9b570aa61269b62e1488cc557cec,-0.003002449404448271,-6.0506486892700195,8,7,-6.047646239865571,0.0023578458085767844,0
2959.jpg,0,5d42374541677202fad07a1918f8587b62285f18d63b8d7d2fde0b71934aab64,9571a2d2e6b903b10b76d47e7c08ba226675c6e015c426138abff801c23bd6f0,-0.00020765405497513711,-9.731829643249512,8,7,-9.731621989194537,5.937238353611043e-05,0
11407.jpg,0,d8216fe8cc90b7807c76ba75b1d0553539309a759204b244ccfd37a01931b280,48434dcc4a8de6a7bc5eba551d7fcaa585d7f3e2f015659488888d6e20359c5f,-0.019536733627319336,-4.07265043258667,8,7,-4.053113698959351,0.017071705986801862,0
1105.jpg,1,1defcfb82d0659b9604d3656c7fc87ad650f681da589e89374c709f873625653,f71f3fe3787b827e583032b8a5450ca2d2b79ef68bd860a76454d5a6099addef,-3.852306604385376,-0.02238980308175087,8,7,3.829916801303625,0.9787499469507965,1
6727.jpg,0,20418d4994bbc70712b940dbb90cda697d2a2b4ea92293c974c0cdc87caec87b,c32119c41147ca0561546480f7d4998e0adfa995a5ea89206269b04841264dbc,-0.09908170253038406,-2.390521287918091,8,7,-2.2914395853877068,0.09183441670825924,0
5716.jpg,0,b46ab92ba11fa3e26bc1ba742c1cb46b431cd02836ef14e1ab356df5f072bf9a,181f29a84af0290e334c67b35c64dfc169bf4e20411547d9fabd1a297aa06501,-0.0005825595580972731,-7.9178385734558105,8,7,-7.917256013897713,0.0003642681271710131,0
8400.jpg,1,4f06bc64cd82682a15b81e679a9088bd514776f1d70488166e3f24645e409ef1,cd20832062b2e7221383927519e66251058393fe73802ebaf99cf446a3390c35,-5.909216403961182,-0.0035361105110496283,8,7,5.905680293450132,0.9972834715482852,1
2369.jpg,0,59b834a4b1b3a03b2716ce11bd99800511f3ae4687865d7e109d02901721ded0,3b8f5bd898c0e1c30f43cab414b1a30ce06ef360f1342d09ca7abd6ba85fcbff,-0.0040988558903336525,-5.810354709625244,8,7,-5.8062558537349105,0.0029996489595064606,0
10559.jpg,0,db3a4fce86a4eddb26317e176ccbed286e837a273578d62f4e9cba01a733b662,f6dea95fbca2d2550a45a26de27809e11aa69cd59f02e30cfec0837b6205394c,-0.00026534899370744824,-9.579354286193848,8,7,-9.57908893720014,6.91551453052383e-05,0
10153.jpg,1,969256b8cb49752141dcb33bfded3198ffa9a8cecde64a1f32c3f02cb157286b,40228c4ef0f739f0ac69108a118cbe0518f3ef9f9f07967b0b55be396ae9f2f7,-0.1994829624891281,-1.7292150259017944,8,7,-1.5297320634126663,0.17803289148874976,0
9789.jpg,0,9cc9858374d3569c1531b37e8891d6da6cd2315e1e809bd7488f2d7de5730662,8bff6c6f2c9854ce793d192d01fc1cc5d21b7fa09f55208b35c6ab66d3eeafc1,-0.00015008138143457472,-10.869083404541016,8,7,-10.868933323159581,1.9040307783181754e-05,0
9220.jpg,1,80ca10b95aed9119744a5848a3113783c57802bad85a609077b029dbe0c88326,d9959fb3d1c0a6efbebac8b130d31369f1c638963350120dd57aced10c16a929,-1.0450265407562256,-0.4373917877674103,8,7,0.6076347529888153,0.6474010686514053,1
7938.jpg,1,652b11fcebc8245738dceabe742472782f3a59a53c57b957fcb9877e72bc5a5a,85f3f89195b4dd23d3e4bc6876117d7fab3138d66dcfd46e9ffda1cac98dfb90,-2.8382065296173096,-0.061923205852508545,8,7,2.776283323764801,0.9413806829088786,1
3264.jpg,0,c8ffed3b2daad76b3bdad6a27d3ed6fc941e540e36477b7bd6b2aec7c5db359c,01978c494b47ecb9ad5194bcebb5fcfcabf5114457abaa8ffd382ca90383954a,-0.0001532999740447849,-10.632645606994629,8,7,-10.632492307020584,2.411886059650281e-05,0
617.jpg,0,3a5a8ec94a46371ce760559aa616dfc30ec9ba7058d3038705afce70a2e5bcb6,bd5b7470711156934ae0b48d3b9d2d66296679cc15440a3f54b831f75ca5a8ef,-0.006571059115231037,-5.188628673553467,8,7,-5.182057614438236,0.005585069853986962,0
5780.jpg,1,fde0d369237067d09d3091115cdba55ab0ffd68cbc871afb36708db0a3e4b750,c17d958e839bfbc602db64aac9534f1b970ccd6cdd3eeeeea54c525e50e86821,-0.2666223645210266,-1.467423439025879,8,7,-1.2008010745048523,0.2313327404554326,0
6412.jpg,1,76a803ce9c6f56229b95d5bc961f319e842008cc4e246f66b15d892f3a42357f,c8e6874eeb9af7afbb63731c2081432ede4eeb7739f57f8b370b982d3598927a,-2.9574809074401855,-0.05433688685297966,8,7,2.903144020587206,0.948001638422497,1
1087.jpg,1,11bde4482e3c760ec999f2206608668052fd7c6ebc0c6bb0ced76250874804da,573b43ab1d5ecb1ba6cfb63fcf5e5853c837ae024cc76dda22d6bb9566d951c9,-2.9464125633239746,-0.05519331619143486,8,7,2.8912192471325397,0.947410662115868,1
7645.jpg,0,590423bbc324eb0d6f42144e51cfcec822896c81ee36793890bd82c70f5f841e,690cfc856ffb1a55f927f76deca0c771076efcdb45c61182ceb6d483c8f742a9,-0.00024209906405303627,-9.373442649841309,8,7,-9.373200550777256,8.496377930064254e-05,0
5834.jpg,0,9a3db864a1b7ab29b8d8f996d83c67f71890718b15d51c8675215e6e27ef16f0,1b8b8ad881498bceca79ca1e82013a845431fc9def189c0895500981679a80f2,-0.00015973614063113928,-10.096759796142578,8,7,-10.096600060001947,4.121776197504518e-05,0
952.jpg,0,ccd0580d7712a7c601ad0f7c3cca450bfe9466cf8e6056bf3604fa4a40a66f8f,8f6fa4b5291bdd556e9be54f9b5dee4263b3757c468908c92e2ffa42a3a57bb1,-0.00015616032760590315,-10.321029663085938,8,7,-10.320873502758332,3.2937246089606294e-05,0
678.jpg,0,ae5023024fba39c4dd3153ba601d3d67a964957f6a8ef0ed0b7eb15094accbcc,38c07fb053a885a147e6ea50f42f738d53aae588e77b2220a178dba3fa625682,-0.038112178444862366,-3.3548123836517334,8,7,-3.316700205206871,0.035002696515158825,0
8332.jpg,1,70e40b57946108e146f0ee05a8450af503f37c2a6935bfc5c088d2c91521bab1,c5d33e536b1f919fb4e33212ef5ecf5ae83c5c909d4c50020db6328fc37b39b1,-3.6541588306427,-0.027341200038790703,8,7,3.6268176306039095,0.9740885594219285,1
10378.jpg,0,8258c0d12eac8a4a46a0aa73e4b1edcabdce4c264461cbaa6f922325057bc841,4dcad8aba5066c03cdf573f4fb7e68c503b74b0b761ddb7a9a89ca1f023fffb0,-0.00014876894420012832,-10.303497314453125,8,7,-10.303348545508925,3.3519537988365346e-05,0
3036.jpg,0,96166e7e9b9230d949cee1c40e68cc50cc82122f72b0c4508dda6d33a9d36ab6,57ffdabbcc7b2adb6ac54c6331c66ec84b9f6a31da4a25a7e955f4273c9b42ad,-0.0002471062762197107,-9.912663459777832,8,7,-9.912416353501612,4.955309148959073e-05,0
6737.jpg,1,28a51e00d479752812c67fcf62404848b6c70fd2e9e4fd091e1491c057fe5db7,470730ab4dbdb7167746b77ccccf8b024425d0355939b479d5b49b98c41bb467,-0.060401808470487595,-2.8952860832214355,8,7,-2.834884274750948,0.055467948346655804,0
5387.jpg,0,e9a0112b485375ae725c6cfeafc447241dc09b4a2be152e7369fa8db665708da,1b437542b29779aae7199cd571f2dea174303b490fdb48104371578960e7fdf2,-0.04092799127101898,-3.2887890338897705,8,7,-3.2478610426187515,0.037403823873445464,0
5794.jpg,0,d64d5d04f323987baba513c808c099e1c26f8fc12d57889ba53547a4fc0517fd,10938a1966f5a196bab8a0c4cd098ea0ee63dfbf849905d31db1a6ada19dbd19,-0.00016545805556233972,-10.394326210021973,8,7,-10.39416075196641,3.0609768675085515e-05,0
8780.jpg,1,714296e99d76fc9468b8192c8d79633f57a2dd10669a3c7b06e22f0a6e81d1fd,c6a239e7421aa168cd2197255b9ad605a4ae1161a32f56bfb0c6bd4acbe20e02,-4.289433002471924,-0.014417419210076332,8,7,4.2750155832618475,0.986279051602437,1
6406.jpg,1,3198abeda8ae1527d901a948bc1c2822a934288a4566c4833f4a411c373eda63,16cbda500ee20a5da57d4531ca926c1bf00e111aad2d13cc659da15e6f905d0c,-2.8972432613372803,-0.058203987777233124,8,7,2.839039273560047,0.944749335613073,1
2537.jpg,0,7b3f146c8fc10a4f6991dcc0a72dd85a8e57fd890519b77f200ba3ebaf22b20d,6a681ea5d4a3030b46001112c52d44f2676eaccc0bfbb880cb23b4304ffc6faa,-0.003304385580122471,-5.966463088989258,8,7,-5.963158703409135,0.0025651785883245653,0
1273.jpg,0,6056cc1a2c3c8e9f2fff8446043c226c0b4b4db2c191c3a6442a9b057c198910,7d3df412e3c1b06442599edc839571cd901d7b565b2a94d4ead55651dacd0513,-0.0898580551147461,-2.4913389682769775,8,7,-2.4014809131622314,0.08305983914791755,0
3600.jpg,0,1a7b2635fd4d5cc423879d53ed748d3bd2470816e65a56f2cbec0a97b02b665a,ae6f757c15918896de26f35373d9bb05170f4884e69a8a0bf924535fc0366887,-0.0071218679659068584,-5.15377950668335,8,7,-5.146657638717443,0.0057851580640220284,0
1722.jpg,0,c9e3a84168f2b0d38103f5ed09d59da343824dfaa03021fb10ce7e1e37dce5fe,de4e773546d665de964e3f71d3d20333d08f0c147c90aece1eaa70f4de751fe8,-0.8814252018928528,-0.5383591055870056,8,7,0.34306609630584717,0.5849351215946443,1
1332.jpg,0,38b9719cb5ed32e959b829a7f71087cc71d4637b4d2ec85aeaeaf2edd9249a58,02324b34e2c6e47370035c618012f3257c0689740e579db96465fc6179bd22f6,-2.426943302154541,-0.09436670690774918,8,7,2.332576595246792,0.9115393219251045,1
10291.jpg,1,321d52749e81ef3f9674611799b746fca8b087275d1792cde655caa4e2372a42,a5cc3eeacba301477d0ed7a89e2a60e01cebfaf9e692cc7c98cb3b53d625eece,-2.2429888248443604,-0.11418557912111282,8,7,2.1288032457232475,0.8936713428587352,1
8870.jpg,0,99f14dbca3887ecad0245cebc8eb130de9a96c6334a09e4aec68860c113e6f6c,59ef12204139dda8db8ea89d85d481f7962e5551c9128839d18ba3a40892820a,-0.049744296818971634,-3.077608823776245,8,7,-3.0278645269572735,0.04618280341291295,0
7080.jpg,0,610d75bbfd4e0d6145a4b2f5106ab5ed40d869cc220ac5b8f2560e97cf56e03d,4cc22e1909934f66e4c94282f894c7d59245237447236aff6a5e6cf99f9334f6,-0.7732604146003723,-0.6241975426673889,8,7,0.1490628719329834,0.5371968680821693,1
8999.jpg,0,00bb49b7b747f1478e6fcf377b4cec54f9b44a12757bf6bae29571c101e920e3,6b0e9dc77493294a60074dd62f2c9956be362ccf1df862fcbc612f6a275e7570,-0.00013923333608545363,-10.400014877319336,8,7,-10.39987564398325,3.0435341367892845e-05,0
6556.jpg,0,158883ec6746a9549652bc0e020dc1d80f2e9aaf8079085c3d00540076be0195,63137f19ddc7a130f36daabfaa96b603cf6bf56c39b2a02a0fe3334b5f1aefe6,-4.968334197998047,-0.007360064424574375,8,7,4.9609741335734725,0.9930426442967558,1
2287.jpg,1,1ff1709fce67cfe0a010cc2663346bdab52e8b17ff7b5da18c6211324b4078a1,b674416ac889dad55e28c5c5fcdf41868526f2678f3b9c2c825a48e01d5ab022,-2.0519661903381348,-0.13992524147033691,8,7,1.9120409488677979,0.8712482642560493,1
5628.jpg,0,eb3b1bda216db5f6b1f06a3b921e75415806a64ad59882f1a56ddf93c6909c80,f447fc92c7eefd1a16b59cd735b5e43eeea7c8aacbdfdeba23b8b8d34b0af48a,-0.01732492260634899,-4.164206027984619,8,7,-4.14688110537827,0.01556748191424128,0
1941.jpg,1,4e6f557aa5914d03f1f30e67b9f2653c4aa0700c1fe61c30cd2b527e4efda659,e89ee1e7eb3eacb82c8f202d13056f55c416a93bf29eed0dc595df6d4579dd52,-1.4701288938522339,-0.26460713148117065,8,7,1.2055217623710632,0.7695056175232025,1
5644.jpg,1,6ff9c833bdbb29bfafa1f8ba75271ceb0e02ac6d77d114ded5d835caebb97e82,0840767bfe0cf2aa14102001df462063577ae2088da53ed4940bf143e020b591,-1.147544264793396,-0.3861014246940613,8,7,0.7614428400993347,0.681666907989915,1
11484.jpg,1,fa26936a78e1c003f7aa786ddbe51d40c5411ea5f26b8293d32a576e67ae4bea,f2f87b53be82bf17841f1a5ae30cd0af51a800373fe005d263a78f3a96bb4f8d,-4.2002668380737305,-0.016053056344389915,8,7,4.1842137817293406,0.9849944190758589,1
1253.jpg,1,7cdc307823e649774a4e2e59408f091f1906ecfa8d97cb2bf74298d40ff30f24,b5a4c28c7784158717b98633b13c5e59a85ee5fc1e1b4f0531821474c7d0a5cf,-0.4347403049468994,-1.0516765117645264,8,7,-0.616936206817627,0.3504785836543509,0
5395.jpg,0,88233df1761947fdd1dd4b001aaef872cb021b66b77f454a65dcf8ce38854064,f6a2003c0968496e27ee432e8e76a15ddfb8a6cf453cf3007efb68647815d399,-0.0021481700241565704,-6.43963623046875,8,7,-6.437488060444593,0.0015978645412124935,0
1341.jpg,1,e3bf01e9083cc01aec25c809bdd73c6563c1137d465e459f5819ad465b52835b,7884ce5027b3d2edd5c94c087350623f828e5db6029f6ea3e9bd764d6ff562b3,-3.670750856399536,-0.027009908109903336,8,7,3.643740948289633,0.9745122947943835,1
11233.jpg,1,39b35f96d9dde8288b0fecdfdcda1fcc3a50aa8df076ebd61a2bfa668ecf8a93,ebc87fff783a5ffa91ab45875342e81e4d1398de7f937b1a708a284eb6dd71c3,-5.077375888824463,-0.006625950802117586,8,7,5.070749938022345,0.9937614533086895,1
1597.jpg,0,ca971a740e3add3fb4d1aff05eda9f38c5ed0af24aff2030ef0985d2665255d1,62f49f0304273145810130939acaaabebd20bba45fdd3118d753e2718299e1de,-0.03820985183119774,-3.350243330001831,8,7,-3.3120334781706333,0.0351606694407974,0
4623.jpg,1,09b175ab2369bbb8ff73c55b96886cec35b3a3814bbf7fd480a6ae16a53aec24,a68fc101fd007152e92523eed263eb1b56121af16bd0a3b19138294432035c71,-2.462747097015381,-0.09097086638212204,8,7,2.371776230633259,0.9146496253975759,1
4391.jpg,1,070965ebe335bf144812ef394af1703ab8cc93595cba4003edad7eed042fab72,e479ba18848bc7a4607ceab4a726f74099fd32e58321b96efae9e1b73d75d754,-0.009380685165524483,-4.814388275146484,8,7,-4.80500758998096,0.00812212967581531,0
10537.jpg,0,0e1822eb43b41e49475c77b9b713b0053a8924906da6798829d40a5f9be9f702,c55920d4e1d80c1521ba1d7b3815b16531ec111bf0a26655be4dedc7d3deaf09,-0.058892346918582916,-2.8983399868011475,8,7,-2.8394476398825645,0.055229352341001146,0
2025.jpg,1,ee99a2d267a27fdda0b48293841a5b5bcf09ffbb955c17f707b200bb9dbe75f0,b909f4929fe99a521849b92bc86e4f42f7755c61112225df997a6119df2e6a70,-4.542963027954102,-0.011137908324599266,8,7,4.531825119629502,0.9893535486605811,1
44.jpg,1,a5de0f9a8ad85c2dbfc38d2d838cab9637207fb3bc974cc41526c4778b9d307c,93767a483febead4cabc6609cde692358ebed0e0322eee27ddafd204bbefe7a4,-2.479015588760376,-0.08878058195114136,8,7,2.3902350068092346,0.9160796366605586,1
7676.jpg,1,a4897c0c15e2bcb5af9be2949b1ae356d9bc6e8aa0ca93a2a4f7c38268fbb124,8ec5cca7cb031a45f820a2c472fe18d684bef4a586c45edf6c4243c3e8f59fda,-1.8569844961166382,-0.17163686454296112,8,7,1.685347631573677,0.8436113478839844,1
8356.jpg,1,eb18bd746ee501d297c813fb8092afb66e3751171ace17b025551814fffeac3b,2fa9a20e76533dbc01c263a11ccaf66a127bac6e9aeec6d4ede7100432db5e11,-0.424324631690979,-1.0736113786697388,8,7,-0.6492867469787598,0.343150285259832,0
8861.jpg,1,e6e6bbbffa8da505bf8388ba67d4700d9fffe7b1465ed473972eee7d0d2f1218,4c669b53b8e0d3d456da169f90f1753ae4de5217ae66d4b454c0b1663fadd2a3,-0.7735753655433655,-0.6237563490867615,8,7,0.149819016456604,0.5373848527099707,1
5669.jpg,0,10bdf66e2b3986392456455b84ea6a16b82a0876bf08b8a7bd35cb7e91535919,24f900092f315ac7b13cca50c52f5b3afe9f8970c3d298dc2f42ee8708c913ec,-0.00020527243032120168,-10.293973922729492,8,7,-10.293768650299171,3.3842183771433596e-05,0
6006.jpg,1,758d3bb99a861f96f0c0127be5da5cc2df82a547213aeab77bc5333a2937f81e,80bbf6ab5f1c4b46e4e022a8a0a1a3e039e1f739c56baf3b3c14ac24acbb65ba,-2.705109119415283,-0.07089432328939438,8,7,2.634214796125889,0.9330313871151369,1
3043.jpg,0,37baff6c6d24842720f48a9a1f908a2646a31f15f1b0b96b39cc7b44b70c7d63,0f17fb00984328c2ecc8e7127138727b8c6065fad4e89b42323746fa3df1d9b9,-0.43542227149009705,-1.051144003868103,8,7,-0.615721732378006,0.3507551008582379,0
1041.jpg,0,affaee14d3340a9412b243680581ad30fdb3f950cb9e1fafdcbf48c4f6a2e91b,47d14261c8b543db0c90523cca1ef956850ca17f48f0194fe8f4db451687dbfd,-0.007593135815113783,-5.094853401184082,8,7,-5.087260265368968,0.006137018794647518,0
1145.jpg,0,69ace7f18967972eed1c850e019b27ca760d8073188bf8f81f1f7f2d88a61d6a,f3ed725b346aad17afe7593cded78005adfc5c7694e8fc05c85f7adda60c9068,-1.216956377029419,-0.35509589314460754,8,7,0.8618604838848114,0.7030492161301221,1
245.jpg,1,ef660b238d3714e2286416bd6431177336b5b1340c83356c6a53aad0dd46e63d,746a17f996ab0bc4609c01e5834de816196682f98460a67fd7f8a1878c52c764,-2.3162121772766113,-0.10517343133687973,8,7,2.2110387459397316,0.9012364234472393,1
3730.jpg,0,50d58b82f6d038c0e155bac3222b0ee9d589ee2e1334abeeb936d2550233d140,deb0eef5bbdf07eec86c2ff83ea5dab39cb7006fb261a964fa5040278e8938de,-0.05590607970952988,-2.952094078063965,8,7,-2.896187998354435,0.05234232595031166,0
10921.jpg,0,c960b5838f64887d411fe8d14e81f76c1bb21e16a48481ddd521ffd21a97bf83,d869bacd128fc817e619e2eb0bc493e82c850c6c7c06360ba1df8766db308824,-0.00020551153284031898,-10.228677749633789,8,7,-10.228472238100949,3.612561583398897e-05,0
9491.jpg,1,68dae103fc5b29886ec9444ecf254604e18d68fc0e1c01b15991a0d9a841f3e1,eb4a6e55afcbbab31056a2a6b28b3438a1364046482407f3282cbf1259a61972,-0.341901570558548,-1.2502366304397583,8,7,-0.9083350598812103,0.2873406562805132,0
3783.jpg,1,43099e2a25179cb39943efd530da943054694819f70f31d75843cbd646985dfc,3d3641a6533efde691b0b9d8b4fc0259b9a8d145298e3dc310c7a925e89ee306,-4.741933822631836,-0.009412327781319618,8,7,4.732521494850516,0.9912725950217528,1
8214.jpg,1,3777f3a148e08a31e96cb33d094acec78f559283edc8b59dfb6be48239b5af19,964821b028630a11fd09e1dad0d0e7e6a2979a8a0b1fa6bdd5e4cfa0322e4ba9,-2.3535146713256836,-0.10136859863996506,8,7,2.2521460726857185,0.9048354902316135,1
5362.jpg,0,20585259706d7c91aa45811da2091c47fdd2dddf7ccf6546b471233a1b4ca059,ff701acec99e2bd17c5dff556e070a65f8cd76df0dc4195e82c1135b8d7336bc,-0.00012314128980506212,-11.09677505493164,8,7,-11.096651913641836,1.5162776068595587e-05,0
3334.jpg,1,fcb009f963938e7c7d4dcd8f7aa54571e7cfdcc20f0e92696ad4d791ae3433b0,e90fc40c542ec45876ce70129bae2b78a26ddc411764aa8b546bd02f5c584f96,-5.052269458770752,-0.006955450866371393,8,7,5.045314007904381,0.9936017630383854,1
13168.jpg,1,3f8a61cd2af520b54556291e3178b69ec5a7e3ed983afc10f34ce9660b238e88,422735a33831dc3bf3479a981bac9e64dedd67a513afcaa00605f17dfca225e7,-3.365098237991333,-0.03588508814573288,8,7,3.3292131498456,0.9654175091261851,1
1143.jpg,1,6af9df66dc490aa94c5313cf921af37426e0d542896304a26659e41b8c14aa24,33e0cc1f51ed0fa33f5b9e3743c04f5792ec00abef53075cc4e4c62c637b1cce,-1.7550276517868042,-0.1923966258764267,8,7,1.5626310259103775,0.8267305639609293,1
9130.jpg,0,ebd555dc71a868dd03cf5a5c9d82d995c252f07414b31372718638ba8279e4a0,34e5ce5315c5520edf13944133523a5731c04536ba5b7bd682741673b41561c9,-0.00017010638839565217,-9.871009826660156,8,7,-9.87083972027176,5.165666245998905e-05,0
9001.jpg,0,159226cb1a5e802063705c56dfe7d75bccdcca2f86a2f863fd04e32c6082f88c,dcd0840b63e6785859ac6733e3e630903a13d1e4aeab86e4c9da895bccdc2dca,-0.024574415758252144,-3.794741153717041,8,7,-3.770166737958789,0.022528967358659436,0
3919.jpg,1,2ee90e1e0b9836e9f51d82057760ca563802ef44db4785bd430c7d15e66bc3bc,e04debc6d08a57374b57aafccbf9646e6c0fb75f4cd2e81403407aabb180b817,-2.378394603729248,-0.0990285724401474,8,7,2.2793660312891006,0.9071536640826107,1
3296.jpg,0,0ce1aede6fffb4cd2cf27623aa9a233813d13ccd67ef7ee07a777bc8dc569beb,9b932d1f67fd326c12cc051de8f359879e96c75d4d7e8d360f8deaedd44c8791,-0.00017618678975850344,-10.66617488861084,8,7,-10.665998701821081,2.3324131976412064e-05,0
7767.jpg,0,4cb629b7589e27b407bc3ecec758016fc0562603cf2606ac082aad035be8fce8,579e41436b18eb0752baca8bdd6ee4101a14b580be889d2cffbc065228cea3f8,-0.28610605001449585,-1.4071742296218872,8,7,-1.1210681796073914,0.24581320096178186,0
10627.jpg,1,b366d9a54a1ba16678d074189e4db5e4d55c22ae6093dc2fc0140dc1fb1a891c,b85ef93382fe9f2d535b9c8bd9878c8cb93bef2a37071a9d051d62d04065aa5f,-3.510814905166626,-0.03167393431067467,8,7,3.4791409708559513,0.9700884039032439,1
10380.jpg,0,34660766bad180c75df06bc1c88b73eafed7865088940cefc592ab32b3f51a29,63c2535b2b3805ef57812d60e52ac13cae7118a93650af493c257d2591a58c1e,-0.0039010520558804274,-5.717105865478516,8,7,-5.713204813422635,0.0032912052411510954,0
6083.jpg,0,b5969ec0aa0d76bf2c7d2dd0349f0a1940cb7131e0269f70be05622911ab1859,ecb8bd32cc4f05ce9c7527ffe9ec0cd2a864109b6ff2c769feed2df71a155315,-0.00011622723832260817,-10.860396385192871,8,7,-10.860280157954548,1.9205778437617595e-05,0
7435.jpg,0,e95cb8cd9a7bd37a9f7cbe1736e0595afcb133c567fc3e1722049909e7d4adfa,64f7f9b1c9f60741e06e6d4f2d50693e86ed1d067f7857deca80ddc96ea5ce70,-0.00015341876132879406,-10.479207038879395,8,7,-10.479053620118066,2.8118530823990853e-05,0
1816.jpg,0,6248c653b8af7b533fed724afea3e5791341ceb636d57a0dea8a496ffe41c8fa,30abc1f6b58b3ef9d914c8a94c202d62606db1774558bba34d7cfc9564bb6457,-0.003441733308136463,-5.994834899902344,8,7,-5.991393166594207,0.0024939431547035583,0
6070.jpg,1,ab151a5856dd715ecc85713a2a9bc5016e5e148fe625842133baf400dfa0860c,944ae4f87ad2a54b7936ac91d45aa1c5a05b7740c244cb409293d5b6a2959910,-2.734506368637085,-0.0688796117901802,8,7,2.6656267568469048,0.9349676296603024,1
9456.jpg,1,cc48144622c727e0ca5c5237e79803d3bd621fbd4120d270e950967e319c174f,763379c48e62d831158f13ea864301c0f5947d818c29e831413e72271cafd7e5,-6.366718292236328,-0.0020639991853386164,8,7,6.3646542930509895,0.9982816214730509,1
1609.jpg,0,a093daedba54101cb9dd3b9e21bfdacdbfbbb2a59165ceabd6007679909b1cb1,de4b59d40b12b5b52c15dd74a183f1346749382492a5fb2c1d91d8b96ae874a2,-0.02634100615978241,-3.7388088703155518,8,7,-3.7124678641557693,0.023835201880426572,0
11678.jpg,1,97bdb2df9198ef6fb9e6712319439097add22cfb23ca855df352be8956ea80b2,e57e37fa967f86b6d1daf3e349cbac09a4932086a4a63286669481820e6bdce6,-5.848514556884766,-0.0032485686242580414,8,7,5.845265988260508,0.9971147836050377,1
9749.jpg,0,e45907e85098303d54574ff311a38210d715b91cb8392d6ac3aa20cda082c9f4,4740ba1733701628262e7798562ee02c01e408888f26f6e07a55267485bd83db,-0.1694789081811905,-1.876725196838379,8,7,-1.7072462886571884,0.15352122599858642,0
3642.jpg,1,0ee15280085e1b9f08291bb2f57ba8470a19f66edd8d0a544692710bde0ea638,7df1053e5fbef0ffeca7f55a5520d3f85f66613755a4ba12fd9c873085b0244e,-0.6727660894393921,-0.7201439142227173,8,7,-0.047377824783325195,0.4881577588700206,0
8083.jpg,0,26724be0a6196261ed7b0371783e1924cb8f682edeb8090238db5a7298c83dd3,a32170acc234447c3df799801dce2f76ef812ff17aaaf58e548ec030cd124797,-0.0006970511167310178,-7.82504940032959,8,7,-7.824352349212859,0.0003997176453379967,0
5867.jpg,1,7789968c12db715ca8e85c5fe7fbfe80958263a90979a5d8cab27785a81e1005,0d66fea14a1f588d97cb11be05e72e1cebd6c5705bbce4545470d15be269bbf4,-2.183413505554199,-0.12160897254943848,8,7,2.0618045330047607,0.8871349777809364,1
11087.jpg,0,c44bb63fcfc4ac8d9d829fa5e2e25b3bcdd314cf021aa6ee12283ac26aefa249,704c7366fdd09578e5f681ddc24c45223e5b1de7d71efc1b75f57771b090de5d,-0.0016155323246493936,-6.753672122955322,8,7,-6.752056590630673,0.0011671103370208488,0
574.jpg,0,ec035005f2000351fb2fa282e0f69da8e25190198d8aa6656cf809444980554a,d5951f0819d5bca5ea7e2f7c5a66010310dab878196df983281e3eda88893d28,-0.00018929943325929344,-10.448615074157715,8,7,-10.448425774724456,2.8993039669420708e-05,0
7093.jpg,1,26f499ae32c7c3e7bb0d203f588e363bf4e933946708a328ca062ad09166a48b,97d8258b61a0b8ca8ae4c7228a64da5da93228a19f14eede874cd2280c4e6535,-3.278263568878174,-0.03969552367925644,8,7,3.2385680451989174,0.9622601416570841,1
8244.jpg,1,a7d34f6c6d6d293bd6ec80f17a8d270cb75d9762c1d8cd3e742e46876e1b00e2,2e12d92da8a852833f4e7f55f933e16eb4b138c31d1ff5110993f9f0855366c7,-2.74609637260437,-0.06740429252386093,8,7,2.678692080080509,0.9357575423098673,1
11168.jpg,0,1337b136adffa182a6dfce39bef4a12302b99ec777153a84e8e0e7233ab56c7b,2513f6d0daa7bd896ffbd2f886ce35c0309d0e36826036441b381b937062a9ea,-0.0006472676759585738,-8.054019927978516,8,7,-8.053372660302557,0.0003179264035790286,0
787.jpg,1,18347c0572f3cc71eacc41750f555eafd1412dadb836d22f3e3e9b6bb6ee1762,4d556a19589eaf40495be11c252bf4feeef53cf1a18f2f0f969f18f95020e825,-0.9260930418968201,-0.5097880959510803,8,7,0.41630494594573975,0.6025987186659372,1
5700.jpg,0,c7f4846be443d068619035fddbcfbfb9e4d00cdb99a56ae55531333d6b42b85b,2e4b8666bfdb3fbc9fc3bb50e329f68d155372c366b3bc8577bf35ab277588ba,-0.0005132298683747649,-8.270663261413574,8,7,-8.2701500315452,0.00025598133004803487,0
4787.jpg,0,a33a2cea95f0123e39dd271cb05c38776bcdeab1781b5ef37c27865d6faaec8f,b9f89a94a1fcfc72b84c3fad879cce3eaeda2356f80b3cc4842fb90445df2ad5,-0.00019299074483569711,-9.80139446258545,8,7,-9.801201471840614,5.5381948573966354e-05,0
8001.jpg,0,80fa5ca8b2a878e015cbb5c2dd24b0a9bc2272214379e339fe850660326e04c7,839269e144c3fe5b0434940d748acfe2f868a85b58c2fc195382f8aba48407ba,-0.00014555187954101712,-10.577077865600586,8,7,-10.576932313721045,2.549679472292043e-05,0
7792.jpg,1,bda02a30414780b1c62ac79262ab56408a0190170402bcbaeef007134f363eed,31f94f889b8732753ab73b658620f80ef8c213214c84dd218ba07bef635f56da,-3.780999183654785,-0.023845979943871498,8,7,3.7571532037109137,0.9771826685236669,1
5987.jpg,1,9f3640ea300237ee18e557e8d9126448aa0bf46c63b3c8cd812a34ec76b7468e,fe252a5a32d79cedf3fd78f6ee87c347370d8d1de7a1d469830b93052a4d8a3c,-2.4973931312561035,-0.08814253658056259,8,7,2.409250594675541,0.9175299930822877,1
8694.jpg,0,6e0b6676832284262c165542c3e33bb011f41848fe0e45e21b46c4fb01ad67a9,ca53f00352598d608ca0f673d8b4f4a08390e34c6dc783e307d6a0c4b3d09232,-0.00016593627515248954,-11.36160659790039,8,7,-11.361440661625238,1.163547080870381e-05,0
9226.jpg,1,1ef494acab3fd9f37b1ba8279efff0c2c1b908f4a33c97e3c11870531f5f33dc,26eec115eb404252907494dea31c321aa23a4f6db75040ea18de8cba0fee29e7,-2.4071884155273438,-0.09585211426019669,8,7,2.311336301267147,0.9098115648685314,1
6403.jpg,1,d5bcddea60ca8065ee048da824959552b640d70ce1b448bc93a857b94b72e09b,d5bc556ae07a2c8b67546226a074078e1e98902e6656be919aa97e90bfffd7c1,-1.4000195264816284,-0.28620150685310364,8,7,1.1138180196285248,0.7528402229139127,1
9331.jpg,1,b10fed55df95c655474f84147a43171e230d6eab9573c15925177def3ed355e9,a26d7e8951ade66823e7b3d36fb1d67d9130b38506e013bd1accf0d0fe60806d,-1.9592894315719604,-0.15419241786003113,8,7,1.8050970137119293,0.8587682593051219,1
5972.jpg,0,f1fa51765a4ffa3293ce74f8f2a90e9416f40b94e3ed362bfc82c755d8ebdcf9,ef5587d588ce360c292b8067f6ad647265f0fa04edd7da865a80149fb7303a66,-0.0013811446260660887,-6.936771869659424,8,7,-6.935390725033358,0.0009717976101985152,0
6291.jpg,0,588b5ecee75b79930250637abe639b9ba8447188eaacd8e289c5ef861fb62275,18530841aabe5a474e71a9649f783726e14459447377477a07c1307b72b08373,-0.21709881722927094,-1.6515355110168457,8,7,-1.4344366937875748,0.19240833708148206,0
4278.jpg,1,33086ce32af4489376901ecb9dda3bbc2e03e2df56901ca2d7771d19ac6be7a9,4dd1273a8e9e920eca209fecb9d87892f046d18ebda05d855b493d8fc662ca3e,-6.777497291564941,-0.0015215377788990736,8,7,6.775975753786042,0.9988604433095888,1
10910.jpg,0,93c1ec089dfd2122b81e4e2adb3ef93757d7dee740dabe638c717218adf2946d,be19708c6d714457bc0e351815f5fb0d10dc53b29d677dcd7f4889a3bddf1f66,-0.0003014587564393878,-9.255837440490723,8,7,-9.255535981734283,9.557191490459422e-05,0
361.jpg,0,dc2eeab72e13d9bb977c882a73c855e928caf4db8eae9a0b39de97c198463f68,f1d3ab558c23867d3fef789f6372a5c22ddace3373e3e4cd4f4e1ac68d491c77,-0.8439977169036865,-0.5677363872528076,8,7,0.2762613296508789,0.5686294017784416,1
3102.jpg,0,93890720d66c108fcdba439a5b8ce0c6ac925d456efc770f83efc99004065abf,79b0b7502b53821751b4ac42f490a65e6c9c4c65439b48635d208664d5309586,-0.9956322908401489,-0.46831604838371277,8,7,0.5273162424564362,0.6288569509125204,1
3413.jpg,1,20322637673f4a78c5cff6aa0826b0fa063ecaf158eaaa812b7f89d97932be36,cf9aec8eff4b2385bc94de743f556f45dbd1177590e347d63883b5509984c32a,-3.94136381149292,-0.020321784541010857,8,7,3.921042026951909,0.9805647837960512,1
8142.jpg,1,83810528bc829b97e381a77c1664b5062840175d626637db81f0c8fe5824e0e9,6504db9160129603eb9170166ef6fbbccf5519bdf0ae3b972a3a89ad320656b4,-2.9246938228607178,-0.05630245432257652,8,7,2.8683913685381413,0.9462616068499775,1
8110.jpg,0,4a60105344f89f36e8c29219fe2209280c382a5047a4fb38c5364acb48fda953,83a6476d62c4620957dd44a4e8d8ad6564e31357616262bd0a08aa8349521012,-0.00048344905371777713,-8.493758201599121,8,7,-8.493274752545403,0.00020479940441683314,0
6670.jpg,0,9de99048e1536cfeee19abf0abe3c091dbee74089588054f0d7fe0fbec085324,c6a8ea70453a76c1b0c8708b8b8e5ab8eb1b0498a9d543e5529a8dbbfebcac48,-0.00027260740171186626,-8.967400550842285,8,7,-8.967127943440573,0.0001275176885503495,0
9269.jpg,1,1f4156dccf162f4fefcd69d16d71d81581bcac498296f87865569598e6b79da9,1111c5f38b8d128668e51b1ce0cffdde0874476831216147b8249540824eccf7,-5.404097080230713,-0.005151882767677307,8,7,5.398945197463036,0.9954990030145986,1
2569.jpg,1,e3aa9fa8caa5a6696d34f9f3c59dec9030e21ed0bebfffe175a1bce714fc5d54,99eaa629984ececa30d004b5ed8d9082e07ea840ca87b14ba03a15e88707d867,-1.5050204992294312,-0.25314557552337646,8,7,1.2518749237060547,0.7776242506930987,1
7944.jpg,1,4ad4b6a23dad93cde82fcf04ad18bc4216b60ab8f65413bc9a6e3e05405ecb8d,2a0a741cf06a029c215d123b3d4321f22a598367d773796ebda89f64fd0c663c,-0.5545141100883484,-0.8606567978858948,8,7,-0.3061426877975464,0.42405654316519953,0
9016.jpg,0,15b3d2c9e34a882470d13126b1252969bde14279799120440cbbee5b00c6518f,9979cf418227d108118b8b04cf05b996464395e0784f88e7a25bfe86b21e9b50,-0.0019395776325836778,-6.657351493835449,8,7,-6.6554119162028655,0.00128538354501248,0
6465.jpg,0,f4e940dc79fd8d1286bbb9053464b0c5e75065bdc8f181e597242fba4dd81a33,546ce1ff9777b5536cf9ac29db26f9e8ef7e699bf4400d5765d5875f786e8e6f,-0.001759286504238844,-6.6131486892700195,8,7,-6.611389402765781,0.0013431556629490997,0
2529.jpg,1,1a7fceffe2ebe8ed05f0b035656b4f90d303a00d4eb85fe2f84e74ec1194560f,31f9a631f5b7c415cbc8d7611f68c1af6cf1b42b7a66b8d7f3d68896e3ce8f70,-4.896382808685303,-0.008014675229787827,8,7,4.888368133455515,0.9925226258887154,1
4915.jpg,1,9634d8d858a72b6031b64b104c58165ff93c8395b1dc3c1a1cd640b78d8629cc,b5f07814448136550c7cb9f3dbe1c6b30a366bbf075f3faae276f8d7756e780c,-4.020200252532959,-0.01856132224202156,8,7,4.001638930290937,0.9820427151252238,1
1950.jpg,0,72e4ba345ec451adef1b7307a585f8b12eb35047925d354dd8d222a59fe5d8dd,4f4404a7f5c6ec0fe1d765f20162dc47d87906ad453eb3bf554eb077cf9bca43,-0.00012862439325544983,-10.650686264038086,8,7,-10.65055763964483,2.3687067662741538e-05,0
5452.jpg,1,29c198ba62d27e4a63d22afa84d9925e122a78ba50ea1bd12e8ee7027bda9f6d,b329de528d8ea839f36e70b86db89710e5978afac1ab8fd46b5f9698d398d942,-0.24426668882369995,-1.5471433401107788,8,7,-1.3028766512870789,0.2136812793420934,0
9803.jpg,1,410edb787aadc6420d151060c5e83e416055a2619a6b255be91cf6cda09a5802,b18ce6c0b0c0ad9e5fd9c5a2488df7c8d784d5355cf4fb33aca12ea74b925b05,-2.6677448749542236,-0.07347509264945984,8,7,2.594269782304764,0.9304918808427487,1
3756.jpg,1,408e3b3f7724b530f91ba6be3b4e232c3f18958172461498ae4f770530378a92,0c9cd3b50528adf8d75d401f6da848c1837c60b2303bb6d0bd5c447f94f235e6,-0.3370552659034729,-1.2632842063903809,8,7,-0.926228940486908,0.2836904066183641,0
2040.jpg,1,ecb9c95053c21711a5c1f174e546d6fab75dc0c05c0657d9726f3fc0a603e5d3,917c377d7c3dc1c9b5aa4b5dc6358a6be180fee106a4a88e1b45764c7096f6af,-2.944324493408203,-0.05565697327256203,8,7,2.888667520135641,0.9472833803923159,1
11516.jpg,1,8cb29b0a7d6db80f93db5134caf95ccb5c38c54af3ad2eaf3c4ccec26e70e2d6,c83723a6ef8768cccd90978d76cd780c5e54f2a3a3675bfc2edc4501fbda4011,-6.219730854034424,-0.002323552267625928,8,7,6.217407301766798,0.9980095603300864,1
9682.jpg,0,6dcb9f4002eaaedcc911c3f70355a1a893ba545dcbbefe31bf9f1fd2bec7daba,56206b99d9069cc81e1b6c3a93ac72d494288c0ee69bd47386bb1242a4af57c6,-0.2525182366371155,-1.5136703252792358,8,7,-1.2611520886421204,0.22077563033197742,0
4416.jpg,1,566341ccddd5b359ba9299a21a0cd1a7ca66a2acc5c26a7009202078967d1d69,8c59b1de94aed80abe4201b1d6fb0daa49f83258017f61b86c628a92844cfabd,-1.719462275505066,-0.20010042190551758,8,7,1.5193618535995483,0.8204444910694413,1
7378.jpg,1,1d28c12a87ba48a9a725be5b2e0b80ec5f1d4f439e507e29a4d8906a051d59f5,b86fa16ae1305a35d57d3b9da5efc34a5db071994e2a5184d0b387cd6d4eb538,-5.933034420013428,-0.003022871445864439,8,7,5.930011548567563,0.9973485973375265,1
11138.jpg,0,b2b91c719cde985a7e23a358b9723c605d68bc1d4179992811333ffe9f4613e0,9961a9c0b5da8d1007e1ff4f86e0d927d2da603bc6a51ce720b57bb76951f9c8,-0.07594554126262665,-2.6510565280914307,8,7,-2.575110986828804,0.07075751402590151,0
6511.jpg,1,d14b0d76f5a6c1a7a7db023f824c4902ad97f076194c8e85c4f60ec7e1bf5f94,bae3b8d17c5955d379cb8f07606bba49f06ed06acb885cd8b442d857825c50e2,-1.4297791719436646,-0.2771396338939667,8,7,1.1526395380496979,0.7599927090517318,1
2818.jpg,0,227e01d845957a722a729b079bc72d86fcb20238893ca34398a70513ec0967fd,50ecddac60d019edf717dba7ffe1905f5507344920bf2ed6a98697f430ed871c,-0.0005774443270638585,-8.083048820495605,8,7,-8.082471376168542,0.0003088112728510129,0
1731.jpg,1,6505890fc698a4973cd3c828de9247407d22b9b67986e29a1dd3c0f48f916ff5,ad787f2a4d21d4fb32e29798aebd930541ae04f72cbf924be3da2a46019cbe22,-1.4656331539154053,-0.26579028367996216,8,7,1.1998428702354431,0.7684968298080437,1
1975.jpg,0,74eb0c5ce72a2c28e674c7d207c925ace4fead036a05ccc731555de2adb43c6e,0e0f761c583e1c7ca3a27c02ea998eb5d5feacba58bd942a663839b8b771f894,-0.00015747168799862266,-10.579378128051758,8,7,-10.57922065636376,2.543851750907153e-05,0
278.jpg,1,4fee3f60c768acbd753ddace0d7cbe04dc20731e257d8329ae8ec1a501f60ffb,f62cedd31270878e018d818e87628b4609c4db8963d6bfe872e227bf46df5468,-3.457500457763672,-0.0328049436211586,8,7,3.4246955141425133,0.968467480116104,1
5614.jpg,0,4589f334c30c550845146d0b7fdfa7ef1b54ebde8aa4ec977cb706f8e4eeb10f,489e6370a5e5bca60e780d40f4106f2449bcac0b364f3f43976bcbe7f54391bd,-0.00019180166418664157,-10.078409194946289,8,7,-10.078217393282102,4.198242932606964e-05,0
10800.jpg,1,24c88854ce1659d5543580f65ec05611db3efca7f4dbd946fad4686e476d2725,94b51d716700b515f3e84ba1a719ac7a029063ab0b01446aa271a5b30dce3c3e,-4.6666340827941895,-0.010225802659988403,8,7,4.656408280134201,0.9905888861006223,1
6069.jpg,1,bc95ce7d28c371618f8f2820c18c17582b0f95f289be818efd84d687f0f05ac7,8bb51a518b4459462d4d97b138acafc8f9b27f65d4475372632e5b8a921a122e,-6.031078338623047,-0.0026525629218667746,8,7,6.02842577570118,0.997596506948864,1
4029.jpg,1,865b771f292372bd91293ac3308a8bdcd0f9a52201a9e9570b6bd575e959adc3,8e7915c28577c50360ca37d509eee6a9aa29b4c2465a622d008f820875be6e16,-3.587975263595581,-0.029053883627057076,8,7,3.558921379968524,0.9723185612137181,1
9133.jpg,1,f43a0abcd0ab83d8a204904d4b6e4ff339badea3cfd9f4571a736458a8448f2e,1a524cf39ce7b28c8986e4f6faae16bd27262b9f9144855edca32e23712a3732,-2.8265693187713623,-0.0624689981341362,8,7,2.764100320637226,0.9407047608131424,1
1289.jpg,1,b9e704b67f0731eb76e768bb7ed722863ea20e7c509487b6bbe546302a67837a,cd8235372c7cfd6265b186a83219531d46f925811d1c3249022f7187b1b09578,-4.303412914276123,-0.014308453537523746,8,7,4.289104460738599,0.9864684114683011,1
1697.jpg,0,a74fc5928af0a6e545eb05044107f0fd78e1b2e8aebf269572dbf7bed3419654,2be199ef25b47300d0c5d39bf6f7aaff34f6b6154bc6fd05dd95a72126d435cd,-0.19962218403816223,-1.7264797687530518,8,7,-1.5268575847148895,0.17845392396876747,0
6379.jpg,0,9f5ed0d52cdbfc8f1580737cb141db8f6074911ab379a71c7329a9ef995ddefb,685302fd2c36459a5e4b7045a209697379b7b745e58aed803838e41b1760b027,-0.0010011849226430058,-7.4420952796936035,8,7,-7.4410940947709605,0.0005862990550186184,0
1063.jpg,1,c2db32bf2264f94ae831db74fd4252f53d462cf31af3e513bc6c89d0c5813e95,154e7b0e66dc49ba5367d9e822a102d2622d9321f7d068e85dedf59c0fce6e15,-0.28404393792152405,-1.4111714363098145,8,7,-1.1271274983882904,0.2446916004004682,0
8319.jpg,1,81847cbc3d19d142c4900bd962a06b6351e920ae33390dca5cbde38bb8a614d8,7bfb60dd5da4405ee3754994bce5891fad25e87a6d2a141b3abed287de11d347,-3.6557457447052,-0.026941871270537376,8,7,3.628803873434663,0.9741386450862242,1
11258.jpg,0,3153c66cdf05bcda5fa567b53cbc466dc121c981222cebbc827336ac1120fa47,c9d5748f26187f082f2167c513cbca7f8bf48ab3feb0355ca95d45aceccbf3a0,-0.03935159742832184,-3.315979242324829,8,7,-3.2766276448965073,0.036381760158871616,0
1685.jpg,1,1b2223287ebf3946b11f54aded83f490e94b372a2c8695d3289f77babacc60a0,6a323b7398f5e3a9506e0099b38f81f183d093e073da45cca3e969e6514a7d45,-2.1887073516845703,-0.1215607300400734,8,7,2.067146621644497,0.8876687572832864,1
1745.jpg,0,0279e47829e784a354737aef5088df546cb42d61ceebcf297096f7e67c176532,be6ab9d92f2507438a0efd6ec066a869486895800fe9908a52cab6d615c41f7f,-0.000190014936379157,-10.808462142944336,8,7,-10.808272128007957,2.0231042833392815e-05,0
5442.jpg,0,3accaca60171855ff36280600016c21ceedd11a96fbc8c6d4a86c183216f004c,63f5da0c41880db13aabb1a4057194b338ba6ccb04065831b96ac98339aa637f,-0.00043529848335310817,-8.740973472595215,8,7,-8.740538174111862,0.00015994218862880425,0
5329.jpg,1,f47ae9a66d88e65784b22360aaa077da59b73f2b18dab6ec4fa82364e230d029,6556a178ed182629a06bd8781e833d98c731f12a55624b533810507f39925a61,-6.008609294891357,-0.002827415941283107,8,7,6.005781878950074,0.9975415969557144,1
261.jpg,0,f957f02e48a1bf3ce36f901d2e9db0f8e79738bbb52127dd88f77083b3bc0f10,101098cd6aa0f491519af4f95c37cb123f436399a5a53800b3684be1d3eed546,-0.0001504382526036352,-10.814249038696289,8,7,-10.814098600443685,2.011351231751766e-05,0
4740.jpg,0,5fc8f8e536eac91d0ca16e7fafc95c418916710ba049043fb4684d8fc10f0cf7,fc0876652a5e49c2e5a0dee241d5a7f589439e2864f57a65d280ea4178fad6a7,-0.0001822635531425476,-9.9865140914917,8,7,-9.986331827938557,4.602260580687349e-05,0
14160.jpg,1,c4c23644d4ceea078c042fc5415eecf61ffc586a13eaca2535de604b1993e47b,fa63046b32cc7192a6f6a8ebf04be50c97c894c0aa620acb6b6286fd643a02ac,-5.964130401611328,-0.002842324087396264,8,7,5.961288077523932,0.9974300307748306,1
3254.jpg,1,c0d965a50832cc56747c18d21547c83b5e1b8ba9039320ef1fdfd85a928ae9e8,c117fcee1acb356103358e41e316ca9a3ab0bc8908c6c2ee01ba405cd36166c2,-2.1706149578094482,-0.12310933321714401,8,7,2.0475056245923042,0.8856953332209533,1
11722.jpg,0,f104a1851bd20bbb15e01eae15e36a9ad8c28d653d08735628584bd6b13ccc21,a9256f63e6780e3462042a41455ba36bdd18d90640283427c17c9bf735aab51d,-0.002062245737761259,-6.5805745124816895,8,7,-6.578512266743928,0.0013879863971268628,0
726.jpg,0,6798708d4d9d65e939c20bbc1081c75e89c8a95dfb5d8c842ff3bd6c2b3483bd,41b43e37b7a74b8d5ea237ab067aa0d2f6949b8589d2992dea8fa1d1cc107522,-0.0003084827330894768,-8.698992729187012,8,7,-8.698684246453922,0.00016677732180502475,0
60.jpg,0,4be81b869c3596bb9628168ab39aae7480c925b7c0d6509ef86c2d2ea15edf32,084496bc66ae547ff1ab8802b5cadd60c2d28fcb9be35d64db1682eef7fa1322,-0.00022958367480896413,-9.524328231811523,8,7,-9.524098648136714,7.306422456578551e-05,0
3591.jpg,1,24855a0281c164abc2c590065d31d5cab9687f6cc098270bb9d678ef9d3c7de1,dd2da3177c9a7918a4d29090928ca763dba570df08b88405de1d8bbbd4c5ada0,-3.4032516479492188,-0.03477613255381584,8,7,3.368475515395403,0.9667046578327684,1
7652.jpg,0,171b9db32dfd026cefb2913486e639b7a6fd887c9278b0fee5126136df0e71d8,671bbef4abad299f655e49f676f8ad0eccf00c30a753d780a4e25d02a9ff41a6,-0.00018548330990597606,-10.154379844665527,8,7,-10.154194361355621,3.891101158924198e-05,0
4755.jpg,1,576fea47a4dd281e8ca80f2b8f83001f299da68a9a6dd157c4d1f614e5dcdc9e,f99262bc13f0648558acf89a221592c25ada23d6bbe217bf86b664ef9d47eaba,-2.1315224170684814,-0.12895706295967102,8,7,2.0025653541088104,0.8810661606946766,1
9540.jpg,1,860f0c741f806cc59d0ae3fa6b5c1066b2b6094e6782cf8400ce9f6da3d7e0aa,0bb2f8099bcdf426b578d005efc236dd5e1d1137e4b0be4a8a6779dbb8a1bc41,-4.31380033493042,-0.014506190083920956,8,7,4.299294144846499,0.9866037562405264,1
2366.jpg,1,710f206385e2a15b2dd26f5c7baa032dedf81f078604b854ee935c15f814b810,cde41a058ecd27d68775e8cc6fc6d279a4bbcbaf007d301507ad213e306a472c,-5.7629008293151855,-0.0033952624071389437,8,7,5.759505566908047,0.996857238093646,1
5798.jpg,1,bd81c5d0a5cdc41d29e1032a941a12491758ec971770105e26a8ff996a6a9916,329f96e14b7088bc822021843cc9ec93b4582338419e0ad2f9bce7d5a82b8bcd,-4.411992073059082,-0.012761685065925121,8,7,4.399230387993157,0.9878623405725813,1
9241.jpg,1,c48344174bafc9dc27624c5c12609bcdbcdf9d3c8ecdf0b6d8fa85987c5ec787,b1cec062614d13ff933c00cf92e0f38cdf77f3f73dde6c8017dae15ba64f1ba4,-1.538646936416626,-0.24531377851963043,8,7,1.2933331578969955,0.7847108263858444,1
2930.jpg,0,3ec3f72a378aca4233037f95264bc83cc1b4a34276bbd45a875a0ee266d16a33,08e55f48a6cf2e1e989bf37f74048a059f241f45cac9b0c4d0a2bc315297967f,-1.767851710319519,-0.18986546993255615,8,7,1.577986240386963,0.8289191314128264,1
4709.jpg,1,8b20e62391483c946a09ed7349e88167e88041b483a4e2f88a422cae37829ef3,b68ab3fe85e4948f67150d73b095d36da9c1f125f0814e8d5ac9936535076c6c,-5.451326847076416,-0.004604306071996689,8,7,5.446722541004419,0.9957080911282423,1
7649.jpg,1,1d4e865dd830188fd344b0ea4bc0297e6f29aba2bf1ae1be96a2fc54d81468c7,68bc76cdbc7e459a2ef80865cdb41724b35cbef1c3b905c68ff2ae6c7145a4d9,-2.5676827430725098,-0.08126793801784515,8,7,2.4864148050546646,0.9231839427190052,1
9543.jpg,1,bbd03823ebc61987cd76a365ffd24b9fbc0ebe052c3dbaa31a8356888008e66f,0eedc5650c70789d25c95d5185c9b7a55b2257d4ca2947859a6011263ffab2e1,-0.21035455167293549,-1.6754595041275024,8,7,-1.465104952454567,0.1876877775009073,0
10522.jpg,1,954646c8494c879e65873360f6e267002e625a950be7f995847669ac6f0caa0b,f7485073cdf8a1c58de72e28135888bbedfbeb0ad7c5e1eb890d43d2f15820c2,-6.112546443939209,-0.002513633808121085,8,7,6.110032810131088,0.9977844416410692,1
4602.jpg,0,448f42a6e489a60d2b3fae25456294d73424d180fac6366040f93666e86d30ab,64c7f69ff7737b11c56cab5791bcd9239eb661c085e0ae931146871bb101ef38,-0.0002752416185103357,-9.504289627075195,8,7,-9.504014385456685,7.454639053499359e-05,0
10721.jpg,0,a1bd74545d0fdf26186aae5ac5c4aad88f7d084bb3ac09124f5010339093f3ac,2b81e996998bb74b0e16ec236bce2c02d7faaacd67749d95882466bd4f2dbb8d,-0.0001863187353592366,-10.128705024719238,8,7,-10.128518705983879,3.9922973223253914e-05,0
10216.jpg,1,7529eb2d46e396fe50911a92aa5380980d7437a267a9d5442494f5d056f25adf,5ce21df0abd6ce189ebb22cd794121c480d9c31dbb2d30243852d2c4fc5f1c25,-0.9638964533805847,-0.48490196466445923,8,7,0.4789944887161255,0.6175104098267442,1
8310.jpg,1,f1bd000a4d85ea5c46122d85c849ba7d153da8c4533da4bf35f0c8c2749543f6,c865a42131feb912bf25d38754d404a034e2e9f769034fae1d92aa20c217e44b,-6.049485683441162,-0.0026217184495180845,8,7,6.046863964991644,0.9976403133403619,1
3040.jpg,0,eb78cc1ec1dfa81e01d40281e8471a6ce113fb22eec64077bd5c1bd2c6f57c1f,9f0223db869542ba989e9053624eb73617c40ba09c2c1ea22bbd84c70e4aa479,-5.063702583312988,-0.006967240944504738,8,7,5.0567353423684835,0.9936739640578834,1
8326.jpg,1,dbec79d9f0c40200777ff276633cc3ce73ccebf05dffaef745199741eed14a86,7c84bd1a01a6f51556bc92fb49f0868a8bde80c007400fe92be7be6d3537b894,-2.9364047050476074,-0.05620014667510986,8,7,2.8802045583724976,0.9468591572846874,1
10198.jpg,0,80936c86b357fe96cfc02f1d0fac79399d407edadce68082257086fe13afdf9f,4414eb5095a305203fcfb6e8757726268e226146c95e18b94d455b8f1447f4d6,-0.0002198128931922838,-9.67853832244873,8,7,-9.678318509555538,6.262279966188312e-05,0
2687.jpg,1,d57c95a7de2c5c38148677472d9123e5aedc22cfa18252e7d67b970d8386b96f,8c5a394cc4f8622cd6745b8a8565f87bc9922456e9b774b858231274d532e846,-2.4159536361694336,-0.09617534279823303,8,7,2.3197782933712006,0.9105018758342989,1
1292.jpg,1,93f04e82eb10288f77f2177117ed906a3a83c9ef1c2161e854e2aa429a31f27b,c325a02c7fb2afcb3ef99f841ff0f85628f11437b969e4d23f168543f229bddc,-7.124202251434326,-0.001029538456350565,8,7,7.123172712977976,0.9991944446100265,1
4853.jpg,0,08ce60bc22fccd83c046c470e92d6f241781f1f3fafb6149a931ad63853eb6b6,f947e3fac7bc78610ad5f0e2c6b05c857a842cdb6984b6f45e5336d49f1676e4,-0.00015496894775424153,-10.518379211425781,8,7,-10.518224242478027,2.7038432415326068e-05,0
3171.jpg,0,284cc6a031bba4c8906c0c91087a0fc8cc7c77ddcdce25b7b9cb4b725ab6e0ee,160048606e570ab1a9a4da60b30374bb052a02738fd2b0466db3d0d1cff42e3b,-0.00015353750495705754,-10.405261039733887,8,7,-10.40510750222893,3.027652860242604e-05,0
2087.jpg,1,6077a6c0bfd4fa69f3f571cf8a97f09a4f23f5f9141b6ab71013b9960b21c336,3ceac84ae65d7a9b989ffc57f9c42200909da5eba7910f1b67c8e899d54537b2,-2.354381799697876,-0.10193425416946411,8,7,2.252447545528412,0.9048614463551783,1
10211.jpg,1,e04aa5374cbcda0bad20ccd3be7efe0e7102ffadccbf21eff0d7f3d580876da7,da799e7cb5d3e9d0b25a01eaf227db202148936b9b728fadbd11202bae07e753,-4.748452663421631,-0.00931736920028925,8,7,4.739135294221342,0.9913296270549553,1
8443.jpg,1,233216208056574ab38a8c252305e220a2eb1be1807313f82e26dbbdab830a36,68f949a2e236ce7d238ef569b4a8f1e5ad4812f819c7144c1e56be7ad7db0b22,-0.08924567699432373,-2.4987878799438477,8,7,-2.409542202949524,0.08244794398372193,0
3521.jpg,1,3173cc507e637ed187157bb486aa6f7eadabb8a2d2d5345b45d5d9961d478a44,46e0286ff66758017e6ffdbbdc1b46627711429d96a011a7c9adf644003f32d5,-2.7936038970947266,-0.06444655358791351,8,7,2.729157343506813,0.9387253854633564,1
4869.jpg,0,a11148d475cf36ef300d41e86d7f8fd5123adf59b42889f31e05a58b3b464051,bc52cef6c3a5156aac7a87d49da3d910087e25f1245325dbdb5a1be037bccb26,-0.00012361793778836727,-10.766769409179688,8,7,-10.7666457912419,2.1090942344753878e-05,0
6355.jpg,0,375431298e4308960e4152769bf2db023782708f9a6c17bb8d695b6b099821d2,5952d889405b253336d93d32aec9e89cb8908896a3d5b07758f4a77014e583da,-0.004127818625420332,-5.721186637878418,8,7,-5.717058819252998,0.0032785868349454253,0
7714.jpg,1,76c45a6f0ea2838540728e7da01a1df631ffe6ae92c5a2879ba5aa9421ca090c,117dc020126bf09762ff91e8c67814f39bbd8ac873a4cb12d55baee0d1844802,-2.8842198848724365,-0.058575768023729324,8,7,2.825644116848707,0.9440459549779282,1
9004.jpg,0,94c11bd86e4afd57b0f49489b359d2e428c2ff8ba771efbad6368933ed8ddf57,190e96420286f7a5815d657990b8a811c1cbb3d309ae8f5402464f9191977040,-0.0003389981866348535,-8.849554061889648,8,7,-8.849215063703014,0.00014347373832013889,0
6850.jpg,1,cc14b0edc132bd925003089cba89a5338eabf8420ab7de4d1d271944196e337d,aa8509c09de9874516dc89edf6a573241b63126b314f9eaee044f40dbce93494,-3.1340699195861816,-0.04589439183473587,8,7,3.0881755277514458,0.956402353538365,1
1363.jpg,0,317e64b4bdbf8bf5ec759eb971854a7c7124cd9fcfdb3520d9f592e535a453cc,9e895b5c7664db481ab8b8faa9494a0410b5b74dfa3c0ad676d44695b0a28a14,-0.00018631877901498228,-10.31055736541748,8,7,-10.310371046638465,3.3284979387930505e-05,0
1786.jpg,0,a802dcc6bc4cb89d3876d4e2a5e95278626630cf14e8b1fa5d60455828817bd0,0f9bfbe7796c087177b880a52b4a5ab556607b3228da2d7857336700591662b4,-0.16130971908569336,-1.925947666168213,8,7,-1.7646379470825195,0.1462104207362422,0
7923.jpg,1,d73bfd372b32abec8e8a5be8e5ef467085808eaf1ae555f83a76fd0d29cbf120,2d21c26ecfe77adffd29bd562dffd6a420f7b96c4be6436a2884aacec6f131c0,-5.251053810119629,-0.005615208297967911,8,7,5.245438601821661,0.9947561339933345,1
3303.jpg,1,ba28d3fbbf9633f3d47bcb75b9bbdb7f2b83685588ef21b6864598a45e1a9241,36e8ee747261364b2d9fb1f2b4ddc97e9d631f014928276654b67cf237fb3d0a,-0.06240115314722061,-2.8470687866210938,8,7,-2.784667633473873,0.05815835352622305,0
1337.jpg,1,020bbdf51ad7c3ca91d9c0a42298a2b691b5e7804ffe5df8de5e5a67aba9a3d2,2b1dfa94fce4c2a0119196d6d317a4aad15525b8017920c9f0fd5c1ac9ab61ef,-3.454497814178467,-0.03327375650405884,8,7,3.421224057674408,0.9683612954367701,1
7072.jpg,1,a2cf5f3be1e74d0ffa736b417740d5981e4299ffca7feb854caa56ee5284ec02,be4a80dba01b3417744b1f81ff6cee03ba7570bb5a1a468a6640a49b968d2102,-6.208289623260498,-0.002266091527417302,8,7,6.206023531733081,0.9979868180378044,1
977.jpg,1,731bc3da675772f2f03638171f68da7404c427ae3e3a68209aba8c2298b9fd7f,5e8fa70879e38b0492ad9cf32a75a1e98035b454a3533422f39fcc7189e57013,-2.507526159286499,-0.08692413568496704,8,7,2.420602023601532,0.9183848800381713,1
1391.jpg,1,160bfecab443a82152cb2499283e4892ab81e5c211a932998abc47edbc85439e,cd6586520533746671e8e008fc92b16b2f245f181e0c81338b0478beff36255f,-3.8889644145965576,-0.02146998420357704,8,7,3.8674944303929806,0.9795176041254074,1
507.jpg,1,c5de9176b9df2f8520b4d646d0f8c4758f4efcbdc8a925392af2813fd004cb44,104785799229f1891e5e386b07567a871c28f2ad1130e1fa980875b6f1e11673,-5.791082859039307,-0.0034474816638976336,8,7,5.787635377375409,0.9969441451662994,1
5723.jpg,1,66bd46c168f59518b3e6fd3a35fc690401988bd6f4fb6130c1669d5f9f8f320f,837a3fa5ed032d1659bd5e9e5af04d6897b4865c381274641e707b0bbdfcc746,-0.5549620389938354,-0.8601810932159424,8,7,-0.30521905422210693,0.4242821403950373,0
2996.jpg,0,c7b618819dc156270414c5dd66baf216a191e84609713afa1fef6250767e0a2d,e7ec63f343f27ee3a3b4ebf2f80491b24bdff8202b19b4f034a000314bf911ea,-0.00043170919525437057,-8.723697662353516,8,7,-8.723265953158261,0.00016272828769952493,0
6175.jpg,1,c358748a4a3c6e65d8b68c1b1ad7dd3c2e70bc181bc31df3513d8e29c006d884,905bd0350f3ad4cf54ade630dd549b1d1ab96117b173fb091c2653292229a7c7,-3.4104719161987305,-0.03495253250002861,8,7,3.375519383698702,0.9669306333403154,1
5204.jpg,0,344a67ed88ebced4eb03a3ac0031c8ab98da60c0eb4598561cbeff91422414ef,29a8775896ed87b3cb3d1b25fbefc645f04746aa313f8145910dd3f7ab0261a9,-0.010267973877489567,-4.742335796356201,8,7,-4.732067822478712,0.00873133068050939,0
1571.jpg,0,09a521b64aab9e9652af46408b260135c6640b36b83637d36f31e371af2b994d,757cb5e8a80ef7d540285e67498d4c468330e5210094f977170d44ae27cef04e,-0.00013792220852337778,-10.488471984863281,8,7,-10.488334062654758,2.785879279042302e-05,0
10744.jpg,1,64227607f1d5d824166ebe3cf9f7f764ecd9480d4a657daef8a620700567e6aa,1eff735aac77ca82d81303c759e968c1f7331ee4fcca302269c593646261ece2,-0.0205855593085289,-3.9790937900543213,8,7,-3.9585082307457924,0.01873391340071229,0
3548.jpg,0,d27cc7915c671071bf73deada4641f57893d2206a3a84d5af7608301e00c43ef,47cfe5185ca295994618a0c138e11e2a3a29ca012430f0295528a2534e45aa6a,-0.00017034471966326237,-10.236039161682129,8,7,-10.235868816962466,3.5859405187104575e-05,0
1775.jpg,0,73b2554aa693841145aef3f7336fd65a5b85545ecdee16765b8736c1386ced8e,6f913bdcebbcd44646386b8c60f62c07d49e2321f4d3b2a256052d4ee05958e1,-0.028678394854068756,-3.6398489475250244,8,7,-3.6111705526709557,0.026309316785026775,0
3774.jpg,0,faae58fd500d32c156b80cfb5e04e0ffc87caca0eadc201beeb12b061542fa1e,868058e9cb893b3766c2e723bbd6281354715a0164f1fe71e44f561872c2789d,-0.0004406472435221076,-8.38685131072998,8,7,-8.386410663486458,0.00022789203280586856,0
1777.jpg,0,68a56db2cc44b450cb1c21a7098237b066d731841f955325940fd44126058613,2909c71bb87e870637f434e24a83c464e6284fec1c8d0fa35839c178c1f43298,-0.22147680819034576,-1.6298221349716187,8,7,-1.4083453267812729,0.196495172956342,0
7019.jpg,0,9e831d38959ac9a0c2815a4789f499649bd5a9b27da7126c72560a085b8aa9a5,663a7b057f3205b42792a815e3432d6b1828f956a094a35c5411a25ae1a61c90,-0.0026828753761947155,-6.224883556365967,8,7,-6.222200680989772,0.0019809404227086828,0
8299.jpg,1,b372f309fa458b002ba041e5cf12a7837d52b7a02cf96c9e8ff48b3a1ca52cb1,f3efc74efc32e37a535d99b4732cd4145cd2f77b09ba77a06a3c4cc75705b3ed,-4.66060733795166,-0.010155807249248028,8,7,4.650451530702412,0.9905331914443267,1
9292.jpg,0,a47931deb64ff480745d5d3082526456adccac60f1b62bf3edf38b9f09fe6a1d,49a6c7c8ff47f53c66843d85249b5a35c4f5411aa88f8c6c1566dcd36ce9ec24,-0.0037852576933801174,-5.8498053550720215,8,7,-5.846020097378641,0.002883047717626417,0
5272.jpg,0,f4725b6da1744e491581cd2a0f35403c67bc8edbdd7b6823dfb207511eeceaca,7faf17a1b0666586ff88fe06ab1efdae55fdcb93777b95b6fe3583893f730da5,-0.00011503523273859173,-11.184662818908691,8,7,-11.184547783675953,1.388694079337193e-05,0
152.jpg,1,e04d66cfb74a915abda7de0af61fa1f7d0c8c8bc0e3fe20f66295e1df7fa3395,056ccf65978c2c39dfcf6a5c9382d033c0f29716ef91fe5720e35660564b5f3f,-3.8378548622131348,-0.022775923833251,8,7,3.8150789383798838,0.9784391396761084,1
5144.jpg,0,5e9cc37ae0c90173b7ef4f3ddcace466ba4db7c2642a30187d979bd7d0097708,36d448d973f85501d08f51c22fde6993eb4d9c4c459361b09ecb1ce36fcfe2bf,-0.0002730861015152186,-9.102852821350098,8,7,-9.102579735248582,0.00011136570781622893,0
1187.jpg,1,39ce96ed1e1e1a2e92ec55a72fbbfc5413d2f34b10a67ccdcfdde67b1c500f48,b565e739fe286e515e41e6681a834c8ce40c852eae9316a71be7ed7fee9326c4,-4.246282577514648,-0.01519356295466423,8,7,4.231089014559984,0.9856717321922751,1
7430.jpg,0,73fab5af4c54d0864a70250b93496912e2614346281878aa447b905e644abedd,577a49c2fb664a7bdc640659414cf2783f3d5da5dfbdf70f4d5c0ca5c2e65e2c,-0.3144960105419159,-1.3206270933151245,8,7,-1.0061310827732086,0.26773768636209033,0
6266.jpg,0,ba2b597c970333249d4be4511ff507afb08bf9d10b9cf5cb6e834e1e76d48c91,b637eb7ce0fe1303644ba617b71357041fe986e480b682fe55f4e72bbd661981,-0.0011877764482051134,-7.0430169105529785,8,7,-7.041829134104773,0.000873761347475466,0
828.jpg,0,872dd44f8ada0b9b059cc7c6b1182c29f039adbb725683614890948ad51148b4,9417958b943d4d4b7e1ddd87b95c81a03322b912a389109b69b05b2536f6566d,-0.0003091986000072211,-9.004903793334961,8,7,-9.004594594734954,0.00012282899785086822,0
3772.jpg,0,5872505a1dbf4c636df665622a068fe2fd21f57debace5c6d45578f48b7dec9d,7e1a8f320c136bb8696245da38b2f16604ea04c0271b4b8b66f9b466b57a8a8d,-0.0020968590397387743,-6.425529479980469,8,7,-6.42343262094073,0.0016204451550174718,0
4190.jpg,0,27a8e0c9e0f16337547c6c6cc01a6ee60683c022c95b807de24cbcd1d98e437f,f639564dffe8f2141624670be4ebe88a852192ce4359b4fb62aa38f07e59268f,-2.2321114540100098,-0.1158943772315979,8,7,2.116217076778412,0.8924694295246463,1
4350.jpg,0,9735ffc9dd273ad8874841c3c66a9f94ee26379ab584ef9e7cd2b13abf6cfa17,4a7455dee74cdb3b9e119d29ea1dc9e34118e9d780fa89f0e39ddb891dce6553,-0.00018655396706890315,-9.53632640838623,8,7,-9.536139854419162,7.218978191479568e-05,0
3057.jpg,1,88f26132fed1096d3e19e2e22969f5948831372cc547d175647d3d56b971f36b,f27bb52c2fe568d4745238bf47a7e50b09c99df1e8764baf4ef35e44c96af309,-3.5224204063415527,-0.031466469168663025,8,7,3.4909539371728897,0.9704292825667136,1
11702.jpg,1,f76c8c3ebce5bc83f18d49add9d153a734035b2251b94724e940fe732b61f4f4,c7eda5f258ba097890197c25501b8eb59c72f4c12cfd69228a50140115fd9a1e,-3.2175650596618652,-0.042200297117233276,8,7,3.175364762544632,0.9598966119706397,1
4494.jpg,0,a70df93966e542d3a21a1cbed81f15c9d8bcfb96af9955510b3556dfaebdc150,a184c2fdefa3fdd4feeed4809e473999dc3b5126a1e1cfe348b951f0afb6be96,-0.00012421356223057956,-10.804771423339844,8,7,-10.804647209777613,2.03045102966558e-05,0
2837.jpg,1,a2c4de4b89fbe673d1cafb4decbbaf0858611749294c9ea7d4b96c930da52503,355ac92638a48f89bc35c9c0a141b1e04bd41e4360961580ec42169044b953b5,-0.4374599754810333,-1.0455257892608643,8,7,-0.6080658137798309,0.35250053809430865,0
5657.jpg,0,f48feaa0402c09e416a2e1c2f8d466b46d06249daf04b3354c32902a97ddc762,24a38bdcb1c40633b65ba477ebcdec479f273807e60ead344376076de918ad82,-0.00013851824041921645,-10.523890495300293,8,7,-10.523751977059874,2.688938747629506e-05,0
6485.jpg,1,1032f4208eeb64b69cb54994470245df51f0c8092cf0fbfd05bdb3e7b4460441,819c2baf1704cb61a215bfec4c5e92c31f875a35c30a1f53e25f70f8958ff7c9,-0.008456804789602757,-4.952620506286621,8,7,-4.944163701497018,0.0070744660361804785,0
4291.jpg,0,54d855d6c77bf4df24bbbb5bf7eb8fea23c5b672064493a16c3687d2b54af71e,4c8366cd911e36d5d2c5ba5ed84ee2ada5368e279739ec5eba42d5ff312a4d61,-0.0001571138418512419,-10.304372787475586,8,7,-10.304215673633735,3.3490485825464717e-05,0
4257.jpg,1,3ee8e598586d4cdafdabe40e3a0cab8acd5f2150cdec30c31f634874b9c0d698,dd453d3618de04f4c7dcc9bcc71ca2ca5e541285a219fb357f86f3c68ad05c86,-3.8497469425201416,-0.0220845527946949,8,7,3.8276623897254467,0.9787030079566273,1
510.jpg,1,806e23abec22970f8f4ef846ce1b7cb96fcd1ffb93afb338306279159b4f7360,4552fc2df673bccced1e93f7d737ffaee96b51cfda82f1bbf0ed36a2ef6f4336,-0.18274255096912384,-1.8069050312042236,8,7,-1.6241624802350998,0.1646316130026587,0
4658.jpg,1,ef8ddb7f3282dee6c1135621de6a5b6fc01c3a29abb0e457a57b4fe28abfebc4,40732e3a75664e1fd0624aec5eb6bc9abaebb416765c13fd5a94c970f1aaced0,-4.468968868255615,-0.012129725888371468,8,7,4.456839142367244,0.9885340253812224,1
5028.jpg,1,64c7cf4290e91ee3c150b5bfbe01a17b0ad54fd72b9c53051e12b44928cbfeba,1e59385f37a497349fe9c39426595f649fcae90447f87b219393d2737b0d5777,-3.937328577041626,-0.020174486562609673,8,7,3.9171540904790163,0.9804905508874838,1
5682.jpg,1,058a2c18ada0431dbc534d8b3f13b065a13bfa734edc4272a3b7d1fc6f859c8a,d50aba6d9df463ec064c0b3f27925ea80d3a763323744954ca3562401e67c3cd,-0.018100079149007797,-4.090214252471924,8,7,-4.072114173322916,0.016755781419060794,0
8147.jpg,0,d631db89cd468e2c68ea2423ecfa8107ac2013da4a0b503c96b12f34abf621bf,97d32c4d68dfe7629a95d5fd1afdcf14f506cb7cf96329a647fa4afbfa5fe468,-0.0002126586769009009,-9.492527961730957,8,7,-9.492315303054056,7.54235702157966e-05,0
5974.jpg,0,796f887493838d9182cde3b55f7e3664dd40d00ae4104e5d587d0fd1b9d28989,e3609bef88d4e442036f3c0d3e5b8065fd33a7f368f3cc8f1752a6c6b59bdbd8,-0.00012361809785943478,-11.038100242614746,8,7,-11.037976624516887,1.607906080277372e-05,0
6849.jpg,1,f0a77a4a4ecb6bda6310ad034a2e98ccda9c2c5e6b7fb21fd553a5bfe147c743,8417b898aea0c9796b5671b65d4c0d509b0ba3271a2b0bec590ee72ac378fb0f,-1.759257435798645,-0.19285400211811066,8,7,1.5664034336805344,0.8272702847007807,1
9810.jpg,1,ff669afb2e288f67b1dd823a59ceac0679a6142b3a4727f66e30818f2394ae62,97ecb3ca7781d65fb80ac92c90cd873ab5902836bb22678108b28681d1045538,-3.9366207122802734,-0.020432058721780777,8,7,3.9161886535584927,0.9804720746388769,1
10327.jpg,1,74df1438e3163ce8bf51ded5f6d38d8e13c926028e257388c20f25000aa28487,61f4163a12ac9a77176d132387b9ad621881b7c7b86184293c2c3ae3f6d21ee5,-0.21531403064727783,-1.662307620048523,8,7,-1.4469935894012451,0.1904646867971401,0
7928.jpg,0,8d910a01d047fa25e58cc6883d744b3ec8b15a796645bcb993d780f823f375a5,c6fc6b36ffafd89574e007f6317e11890b66611a0fc08d16f2c0f5faa73f2d7e,-0.00025473471032455564,-9.292624473571777,8,7,-9.292369738861453,9.211600428061507e-05,0
2503.jpg,1,38490306494a17ae9717997892ef75ccaa732f11da3e070417ecb903dfbd51e9,0e1923a7e9bfd2276f9178214b60ce6460c250cee47d644700443c1ef6e4b794,-4.8412251472473145,-0.00835142470896244,8,7,4.832873722538352,0.9920993147563245,1
8685.jpg,1,c43826dc2f28cc2edc0ea58b3df8c6de7db2f828d0d30c06e50f87ab17f407c2,c73cb06b4711abd90cd23a47b8055f87ab6b0adda5db8c7242b90a600297c6e8,-3.2097582817077637,-0.042023587971925735,8,7,3.167734693735838,0.95960185878925,1
7621.jpg,0,493d1bfb54dade3b6fda931c03c7ff89bd9919e4db704c7da175ac0f90082923,811d204bdf3d71b56d7e61d0d8cd0ec496940c093284426edad0d3d93f7e081b,-0.00015246430120896548,-9.921128273010254,8,7,-9.920975808709045,4.913077483990303e-05,0
9510.jpg,1,d8cc0215bef0dbcb38033c2bbbe61f9d06c675c5a02005a3aef0412459e34f9f,fa676d71c932f4b194f87f756d16adf7f1b2a19a26cc3f2d50bca07403681495,-6.21299409866333,-0.0023715237621217966,8,7,6.210622574901208,0.9979960369790362,1
9300.jpg,0,c668b7fa338eed7e5ee6d78040801540f9c4f1d83d25c63f30e65fb1f738c62b,d9440e0ee468b8b458cfd4f9836a7591146705a7f4ba2a6f45e59de40ab4e644,-0.00013625308929476887,-10.43797492980957,8,7,-10.437838676720276,2.930161339554256e-05,0
1513.jpg,1,524694c4e69891d721e084f12cf3e12dca4012a4d24d0b1e89cc3eb6c9dd4d4d,560cd9048be2f7a89689f5350144886c3fce2c0003c4adc79bf48114287d08dd,-4.688947677612305,-0.009757846593856812,8,7,4.679189831018448,0.9907989117213899,1
13420.jpg,1,21bf1cfc97a2b1a9e23dac614b90819fd88c9d9781a92e956e3ba384e76c0575,46b03a64dafc3f2e412e31291edee106bff876fa36b54e8005441d0ceaa5351f,-6.283805847167969,-0.0021290313452482224,8,7,6.2816768158227205,0.9981332294710337,1
8765.jpg,0,bfbdf1cc302a8aafb243fbf13d5fb7514441d8eec9fd055617a45591abe5849f,aa0c260df92543d4bf256bc93a0b747be4b820800a91280f529c2e285a640bd3,-0.0009673356544226408,-7.554620742797852,8,7,-7.553653407143429,0.0005239169066345602,0
11613.jpg,0,870b1655afd49af4e2a65e06ec8d1d59ea45746497cada5927bbd3a95327e53d,70a5a405f6d8415807d497c97f039006d7dafbdf03cac7346228cd6bc4e26487,-0.00013875614968128502,-10.139313697814941,8,7,-10.13917494166526,3.949982003018487e-05,0
13480.jpg,1,5728b65964a4fe26f6899576112bb87330cc0678952d525fbb69d8ead190e38c,09c084195ca712e7f55168175f5a17ef00af5bf651a3b00a27375f96ca499f39,-0.9999963641166687,-0.4620928168296814,8,7,0.5379035472869873,0.6313245947781537,1
11515.jpg,1,6de7e0a3454c0ab3113de1f13e479b3fdee0d7c1f7a538f491449d659bf7e0f7,ffd81e3b9ac85d6396ccf6a04169b78ca15e10f7bdc23847f2d2187824a3e839,-5.6628522872924805,-0.003910806495696306,8,7,5.658941480796784,0.9965259062426582,1
6578.jpg,0,f02d85fafd12291ef001a1ab870461444ec3c3d3022853231a58c905d0d5dda7,c55db195bbea23580b7dd44f5f9000ee4fcc69fb5275fcf30c84a2b33893e997,-0.0002206456701969728,-10.249341011047363,8,7,-10.249120365377166,3.538736390556461e-05,0
7848.jpg,0,f032e2fed967f1d19c364283f0ff525af6f19ca0fc99e7380ef305c0bae92c74,c5d7bcac30aee55f61352648bad588ac0dcc2434e7126cdc31cd84772de02450,-0.6775189638137817,-0.7175654172897339,8,7,-0.04004645347595215,0.48998972440054966,0
2921.jpg,0,7a45517d59427bacadc2702bc12f515471903098b1e847b191ebb5c57bc0ecf7,1ddf31fee0dd11ac87afe7645c88aaecd11601642e200277728863d615631bc3,-0.00032445864053443074,-9.04542350769043,8,7,-9.045099049049895,0.00011795386201061949,0
9468.jpg,1,5b2063a3d8fc8486481e1708947d948ff65981908a17edd224ac3e742f0137d4,f94ca48b9c1f4ca3d653bbc097f84b5eca6affb7e49f328e3dd1518aa43c5bbe,-1.0218074321746826,-0.4500105679035187,8,7,0.5717968642711639,0.6391776887362153,1
5471.jpg,1,343c3fa750b020e22d52a74a3926152de7f2f2403f72c1eceb2179fb40ef9cb5,41ed6095f9557ab04ecd6b20d3527fb339880fa0ec2d6c1428a51614592c040d,-3.170726776123047,-0.04416920244693756,8,7,3.1265575736761093,0.9579750230028758,1
10858.jpg,1,eb163f1cad4edf98f2c142bb9a14028acec04f4e9de1ff9a2d00703e18a2d994,f8a53a3c411ac403632bb40a22367bcb3e42f98713dfe89c85bf898c064c9f39,-2.0409257411956787,-0.14170008897781372,8,7,1.899225652217865,0.8698038596489389,1
8786.jpg,1,1222ea6cfda9e4ad6463e2d759ee09dd7b27ffff7eb30a5a52f6659558b1fdf8,4091197c49debec94fb14cc4e34037bc62e78755ec85b7c4e620b0277e34a5d5,-1.0502420663833618,-0.4342987537384033,8,7,0.6159433126449585,0.6492953570519531,1
1952.jpg,0,c6690dc8e2d72c3179e01d360d1e91c56e56960d7dca00795de13c2f143edee3,21f250224d8d4921f278b14390148dbd44a787a2faf225e9858476611a1f6953,-0.0004735367838293314,-8.403996467590332,8,7,-8.403522930806503,0.00022402632689570368,0
11192.jpg,1,1d6f2254b70ac83318b3f950b08385abdc76eee94dd68173a54e149e4379b32f,38c9db183ab93a9f7984b076231f79893412d3a1d569a5223f1bbed7a289e100,-2.5471031665802,-0.08378515392541885,8,7,2.4633180126547813,0.9215299325034059,1
2070.jpg,1,a317b90b11903cef1083c7809d443cd01c9dfe32292965b3fe64cbaf65c3ccdf,942d95014bac4ed7951456209f1a982fdd1c669638805b92f0b85a0f1c9a11e0,-2.6268744468688965,-0.07684805989265442,8,7,2.550026386976242,0.9275752873190194,1
8061.jpg,0,03d556ea6968491692e7ad7874c6cfd161fbc6bd63080b3eb2e58cd5ca438562,09894750aea434e9ba6900eeab2f9b1698f1afa8a32d15322f07241c24422065,-0.5391396880149841,-0.8840346932411194,8,7,-0.34489500522613525,0.4146209139668596,0
8917.jpg,1,11f173b6e5468f47b5a27a9379da88567170b1af09fc32a31b8f3777a47f6eb7,a3b667c7a76388a8f16c7500bbeee5bd7d48d7d544adc1e01b3780c5721cd4cd,-2.0531885623931885,-0.13898980617523193,8,7,1.9141987562179565,0.8714901218632576,1
10323.jpg,0,ff0efd17170b97486a04420f8423d528caea77d263ec4ebea93afe076f57acf7,8bbe54a4862e21fd72f8ac6d950845fba74bd054d0e7e829042d318139e654fa,-0.00012445219908840954,-10.863729476928711,8,7,-10.863605024729623,1.914202904319632e-05,0
9138.jpg,0,bf0ac9ef8a3cf7412548d092158374bd814aab187dd3a6b9aabdc596e1972f54,d5be86d75a25af2639f7f74855a497277ac639ee3d098ee089da93c913975c3c,-0.00017380097415298223,-9.816685676574707,8,7,-9.816511875600554,5.454053247260598e-05,0
8430.jpg,1,a4d188a429b5037daa5536e9410ee55354674f7a310e35ddacb048613f0546f9,673b92fd8dd823c970cff48721a833b1b42af8f181516cf95ac53045152fc84b,-3.6692771911621094,-0.026902617886662483,8,7,3.642374573275447,0.9744783346464396,1
1631.jpg,1,e563ca0969afc6d0eee1e1ed56965bac45a0dfc688a5b1da699f8cebcd1f2a72,f4e1ac533ff29c9d29b91caf7484295d1ca97aec3023accc85702ca8ed0dac1d,-0.7006825804710388,-0.6924355626106262,8,7,0.008247017860412598,0.5020617427796216,1
131.jpg,1,211d8cd5593a770e5b87c96aa0f25ec7e3a2aef90445f1da2283e7fbd85b58f2,a13d73e7c9270a62c8ee55a38cd5c7e25fd45feee699d84f4f2d42ff55378791,-1.6909769773483276,-0.206577330827713,8,7,1.4843996465206146,0.8152362017910362,1
7712.jpg,0,688bec97ed21a53035972fccb60a327e3eee5f28cd4cd80ee297055c1a0f50c8,5566e95423aac27d21409caf9c5763a6a82848e77d927139ba48fb769818a578,-0.0003124283393844962,-9.62291145324707,8,7,-9.622599024907686,6.621091443350922e-05,0
1689.jpg,0,77ec291cfcfb397703c07baafe95454f298cc77078a665deb3ee1539c1f62d9e,ce13b753320f37460f9cbc0075a41b6aba561faa87bba6fd9b97b0407a0dd827,-0.1348208636045456,-2.098661184310913,8,7,-1.9638403207063675,0.12305203740200589,0
126.jpg,1,3d6ef4267a69c42853142e87f4373eb46648e2278f3dfbf0bbe2fa533a51231e,60aa91a2a9456328f0fb00e01d1b39ce6729f85362bf07ccc8463c1d4f234b8e,-0.1818842738866806,-1.8142706155776978,8,7,-1.6323863416910172,0.16350371853011647,0
5778.jpg,0,fcd2ab34db7588cd3e7958a2b121b4fadda954099377705120968bb453eaf6c0,978c872fe4eb4d42b85fc17dc1ce4ec85dab7dda9b0bc18ee2bd5ea5124ec27f,-0.006625473033636808,-5.204333305358887,8,7,-5.19770783232525,0.0054988196102445566,0
11351.jpg,1,42f441f6e76eaff231f4cb8c8827abd16cacd91743232c11e26582a29bb8a41d,db7c55c64bedc1621c59db3ea6947cc59ffa9c4f477b960cf4c124d97a09e706,-3.2679007053375244,-0.04011821746826172,8,7,3.2277824878692627,0.9618664993074815,1
3822.jpg,1,01d0ed8de81ed1ca56f0dd73be615ef1a00c412f6278180c23267b01b19b4434,fd9e56be28835277544ad04f0ff173763429f29e7d6da5a30c43d0b434aeffb2,-4.6127519607543945,-0.010458345524966717,8,7,4.602293615229428,0.9900707711999093,1
7201.jpg,0,cadfa65e7579d76df4ab226727310f3af451bee95f13b230b1000ad5e1c3cc50,fb44ca52b0bfa4de2fff11d6551cc6fdca766ccec2be83acb40259ad3be0968f,-0.010203564539551735,-4.8329386711120605,8,7,-4.822735106572509,0.007980552184915671,0
2615.jpg,0,7ca21322166e5bd07a2729a61310f2a5eeb1a4ede110d4f803e1d83484f9f7a6,72231acc549f975a3ad977651044448c17cb88774ee4c5b83ba4049ab6b5b6e7,-0.0001435248996131122,-10.373274803161621,8,7,-10.373131278262008,3.126027177401303e-05,0
7253.jpg,1,e48d0c3a84385230195c0dd3b9a138486d10498f2387f81927933bf0822078a3,fbfbe99d959255a3abfd4047baaded69bb6f79f51e905d046137b58c701de167,-3.9499099254608154,-0.020291686058044434,8,7,3.929618239402771,0.9807275530279005,1
4173.jpg,1,bdb1576970e9e30be4c2e834d8533681f1e3cca89f4d9980f871615ebf9ddeeb,9c834dffb15772a8e123773448cef54e00869ae94dcb11d7704d9aafe3c1e939,-3.201366424560547,-0.04281887784600258,8,7,3.1585475467145443,0.959244200971241,1
1469.jpg,1,e214ec62360f6f7a8af15b438f42cb2c1bd936bafa3716bb54005fc42d151df1,c04e3ceadb285c2288463d86c8bbcdbe6cd489353c746411c339396e558f84b3,-4.5035858154296875,-0.011654973030090332,8,7,4.491930842399597,0.9889250291743743,1
53.jpg,1,2799b25783644d70086c0836d3336ca66c0c65ce8e3823ff8c6ec513d758841f,1e2b31e833c2e99b391dbdb5a9fc24f37d7cf2464cb6be56538d10f17a22a4bf,-1.1333417892456055,-0.39234256744384766,8,7,0.7409992218017578,0.6772143198796226,1
1973.jpg,0,e1bf1deb4956f25105a82abe3c7649ffaf63557bc33a18e6fb824417df3b7407,c70eea1f8342d60eeb3f27027f1799865310d70fe504282e5021c30a97c37495,-0.00012933967809658498,-10.821235656738281,8,7,-10.821106317060185,1.9973058044888842e-05,0
7656.jpg,1,1d613d4dd58a9a63f044a35986644b855d6cd1f59fdad76963ed8108a2f56132,d073b224b3acbbfbebaa94897442c0a87f1a82e176be03474b07c3721e78aae3,-6.055059909820557,-0.0027713333256542683,8,7,6.052288576494902,0.9976530491073637,1
8057.jpg,0,a0be6068d92a11a7f6649d2ccd0f3fa979c9b3eefbdacb4a761a69c9df466919,1f7318c618578de629e561e531dd593c77d4688bb6d848c7fe7de3ffd6cb4183,-0.0036128072533756495,-5.915332794189453,8,7,-5.9117199869360775,0.0027002150684541457,0
3986.jpg,1,00657a7565e5fa04402b56f4accb8728f2cabda33e0fe5e34630262ddeea7443,350d32e35e0bce778118a5641c0db6503d82c7b1d35553e54b3115056a889fca,-0.9497661590576172,-0.4924846589565277,8,7,0.4572815001010895,0.6123690746032848,1
7459.jpg,1,61e4c1b3f5bd5b85e37dfb18167fa22f362cac2414f12fcb21675c2b4326d560,8e99b4b77169b0679eee73b6ac5d366b3e6e4133be90e49f207b2bc00e76b55c,-2.42303466796875,-0.09477388858795166,8,7,2.3282607793807983,0.9111906957811468,1
9222.jpg,0,634f1da530886179c99ef3a0e78acc2494ca93c3fbb18747237eea2a17c67ab8,ad88379e4e1fcf1e9bf65fdce9ca8ffe3b34d8d7d988b9afc8c80fde1ce2eb59,-0.012666713446378708,-4.531543254852295,8,7,-4.518876541405916,0.010783707864826098,0
156.jpg,0,1bedce7b45ccfa6c3b44857fa492174bf82f97d9b6d2652345c153e918950cde,e40df9ecfef325baaecf4c1987ed1dd9eb90345ec0ae100a0c6ce993bee64f7a,-0.0001569949381519109,-11.14952564239502,8,7,-11.149368647456868,1.4384158922728711e-05,0
949.jpg,1,3b2a049f392ba1160c353890049873d9b3d6aacbcfae264f796fd24be776e606,db4eb1c50e554fb1e1515c12527160886f213337acfb589334cf1dfe3d91aee3,-6.339849948883057,-0.0021732000168412924,8,7,6.337676748866215,0.9982347158198902,1
6345.jpg,0,2b7406e60fcd5e585a676cf2edeeecbdd51a012f6a1e75d0d75e4acb959b9f4c,9b87fb98697ad4c02f8e212ea7bb60489acfb715ef087a246ecfc219c86aa3b2,-0.00024245603708550334,-9.254377365112305,8,7,-9.25413490907522,9.570589912511202e-05,0
9616.jpg,0,3ecb8a778ed54940323b57eef5aa0e38600381a823cce1a12b4a48a0c9569dd0,666476f5391484950ea4d856663d743e6fff8d79721d2ae010534e980ab94a42,-0.0001779747981345281,-9.944045066833496,8,7,-9.943867092035362,4.8018936611095234e-05,0
10098.jpg,1,85607271277645ec076c6ba37000481834161edc5b107eb206edeffd34ed5bad,b419aabdead0e2bc7978723b3a73293a595ef188e9bf9aa013e9804e9ead0ec3,-0.3634055256843567,-1.199630618095398,8,7,-0.8362250924110413,0.3023304183009603,0
9274.jpg,1,d4c8cff1a0bf225d0f9b89c7ba59f5ec74962aa9f41edaa357f10322b7d04124,b32647b4cc299074ecc9df83ff6fb1858bae1d11464ad647a9a1db4777fcf5dc,-1.61642324924469,-0.22469651699066162,8,7,1.3917267322540283,0.800867763044168,1
2634.jpg,0,895a2d9948fffe0429aad26ecdcddd81ae6e5c4a6b8eec0950ff179bf7c47d53,0192ffefb95aa444d28560f013603afeb151a979a18f8b35d4fe160f71fab104,-0.7233564257621765,-0.6700450778007507,8,7,0.05331134796142578,0.5133246813003044,1
10560.jpg,1,aba5a942791cba7009337d0593da837bb1b72709c8f52256de8d3121ca707932,3e71cbcca6641050f2ac6287af7f2f6874916551e713e60407d97bb658bca79a,-2.6709160804748535,-0.07375255227088928,8,7,2.5971635282039642,0.9306788059060596,1
5338.jpg,1,29fd618c9d98dfc9328baf5503fccd44bde9d2f2ea16e0b002b6c9131e6fdb98,a7e84c8861a693f3a123e45170da5e22ad32c074a2f41c28e436b5d5e8cd229a,-0.7236419320106506,-0.668850839138031,8,7,0.05479109287261963,0.5136943474474298,1
3502.jpg,1,cbcce19c5c6ae71cd3913c961ac9d48887946ae78aca4ef8d2a297bebbdf3794,9a6ae41e52e22001ef3ca3e41b238ad3abed6d67d5b02ed71c4a39fbafc5b8eb,-1.7828856706619263,-0.18680953979492188,8,7,1.5960761308670044,0.8314692556052813,1
4324.jpg,1,765dad22618bead6145403103eaf4282c54939521e4db1b93815f76c6f0c93ef,1e2e047fa30bdfd2fe28f44295e3c7e3ce05a3631635cd79d7897f254ae8f8c0,-1.0758569240570068,-0.4211151897907257,8,7,0.6547417342662811,0.6580782047171317,1
13246.jpg,1,447ab609becdda4bebd5e1b8aef571c387f50244d5ddf878143a8833bbdd31c1,7dfa642c5ece4dfe88985fd155eeb90fbbce9a6745955a1cb646de35a6cdbf11,-3.8041739463806152,-0.02366245537996292,8,7,3.7805114910006523,0.9776977170320841,1
11338.jpg,0,d22607ca4a0fc15e9cdf921f88eafb37a8b0a1155ab680b4b2ebf81b33b0b95b,b2360bc35557828a6967763e8e6b1f81d2d05f76061a09967314d2ed671f14c4,-0.00033173797419294715,-9.124855041503906,8,7,-9.124523303529713,0.00010894882751703051,0
10410.jpg,1,3bb71f7adeec82896bf5ae8721d7de669509eb3226411c71c834e8602c0e0599,f9d95e6958f9620c104be4ca792dd11cecfa22bbeee4e585979b267a544a248c,-0.00016772364324424416,-11.451998710632324,8,7,-11.45183098698908,1.0629880399188439e-05,0
10149.jpg,0,69a1fddb3ce9bb063a614d9f93c241c2180afaf17689f07daae1318c26339617,3223e96c29a9f566c847bf2f224d20cc2a4d839190ced8661563a1cf60179e69,-0.00013231922639533877,-10.137932777404785,8,7,-10.13780045817839,3.955414706033288e-05,0
9608.jpg,0,3679cd5aa2182a4df4a588f30a05f59075815fe586a4830fc7e1c1b5ccd6dd29,ddb032c548dde3421b08c9015ce969d4e6b60c508b69419cf9b1b7e9df846460,-0.5710062384605408,-0.8389800190925598,8,7,-0.26797378063201904,0.43340459639795087,0
2062.jpg,1,2e10ec9ab66695b892765e148399fbf070418ff0bbb5f941cf85c5817e4d6cfb,489cda4ae2aac54d35dbdc0741a61d61fa235ba17fae60f6d8c2f95beb832435,-5.736895561218262,-0.00387094309553504,8,7,5.733024618122727,0.9967731752033789,1
6152.jpg,0,9c0ff53e2b7fd230064a04a3bb667caea938d61fea40ff274d5cebfc2948a197,6415099be8b8f7f4f30dbe03a5c59323a00a2bbfee4572583b50b50694009094,-0.00014078276581130922,-10.1946382522583,8,7,-10.19449746949249,3.737401637941756e-05,0
7467.jpg,0,417f50c5947b9ec1624113cb78a761b90a2daeba9ae2578cf67b500eeaac45ab,469c98fd064afa6f86ecf03a2a59fa56855b476f4df6d0fd391e6600d02db703,-0.08188184350728989,-2.579332113265991,8,7,-2.4974502697587013,0.07603711900346978,0
9917.jpg,0,d6120a000e0c0e0a3d58e1da8b4d08132b264c422f8fc1ee9a619df6b8b36c34,82376589714f345aced57656ea944263b261d5357a941b08505a41307fb219c3,-0.01453474722802639,-4.335340976715088,8,7,-4.3208062294870615,0.013114879309021651,0
3695.jpg,1,c90c9b7ddece1017a21aebce3844f41cd27e641079427ba91f29825d686bd95a,6e7f98335fa1bb91ddaf023a9456d470b80f69d6d36747cc74b7188ee880659b,-2.896662473678589,-0.05816557630896568,8,7,2.838496897369623,0.9447210178150767,1
379.jpg,1,1a3b0692b6ee8ae420b931f046ae7f533bca151fc2955e11f62dc8446bedd5f1,0ee968809fcbbc7cf984330e90d825d090f253b0df4e9338b7b889df86b6bac0,-5.674650192260742,-0.003795516910031438,8,7,5.670854675350711,0.9965669070002469,1
7881.jpg,0,9672cefb988ca38f574292b0b4188e7db30506d0ab88190fbf7d2c07c8f59413,a146537ab3cfa31ce97d8d60a689dc9cd020654f6fcc472251f686d6d5596c19,-0.00038978608790785074,-9.232600212097168,8,7,-9.23221042600926,9.782716507786559e-05,0
6281.jpg,1,a4156ce4938c2950db6c3dd5c738a984a708610d4b7cab87c462b4fdf2803d72,1b10af6e0a57eed142c7a3f5f510252e50c6c93ea41791228494ecd098c94f71,-3.214890241622925,-0.04205560311675072,8,7,3.172834638506174,0.9597991011657192,1
105.jpg,0,cabec8b83777e412cef7143d4261ce61412bb14318dd0803664279f7e1b2b3b7,b8f059112315ee2171f193b2cddc926308433332c8c4aca629ea4be509abfb9c,-0.00013339219731278718,-10.307683944702148,8,7,-10.307550552504836,3.337898885766676e-05,0
4892.jpg,0,9fd041d8ea140e9cca2387cea7c2806096b25810f4ee24ca4c36187722ebde43,501d1a17fc9e48d9ef6cdfd477ffb66023f70cb3aa5a7896c8608a2a6d66610d,-0.00019275344675406814,-9.944465637207031,8,7,-9.944272883760277,4.799945581212241e-05,0
976.jpg,0,0bcd8b945f95e85812ee854ee298107f306db6c37bf8a934a5a85cd478f4304a,4119bd9a5a717840dd9bb79e694f08b228a8bbcf907d0f457a64a55553645102,-0.0002397174248471856,-9.728644371032715,8,7,-9.728404653607868,5.956370064125034e-05,0
10632.jpg,1,0c13fe4884b3d32d94502a4c98d6c3e033006e963988006b3345c7ce178c1fd2,dd37e032439a6b4d014a43ed4aa6732ee489f83a72fc9215d7a01209162364ee,-6.919074058532715,-0.001310249324887991,8,7,6.917763809207827,0.9990109378240531,1
9215.jpg,1,6a716c34abea2f1dc79f0f61c80917277a46efc3d92ac45bc9540a64aaa12291,18ec4544f0c5c65d403c17787f4848b2faa048b95f23ae4cb4f0c98dbd71ee48,-4.934716701507568,-0.007796554360538721,8,7,4.92692014714703,0.992803372713014,1
2338.jpg,1,88a49d0985b495efd362c817c835ecfee6a08aeaf40e3b8b56a69ef20a331b8a,e6b1ff67c5e7f0066669322c65b35f0975393eb245da045b4e622e76dad6cb2b,-0.009398909285664558,-4.804452896118164,8,7,-4.7950539868324995,0.008202711361358257,0
224.jpg,0,e60b11dc457565815f8704d66ceb8e3a9c140183ec6740c5150b83ed3a414cf3,6114640d2f4e5b27bf7e37605e3967d4786cef676b5bbd856b5e0ca53e3bad0f,-0.5296795964241028,-0.8952222466468811,8,7,-0.3655426502227783,0.40961851188920145,0
5825.jpg,0,19648364a302c836fe7b5d8664653ca3214960e8b0a92101be6c380c72024d49,d30459d143ddcb553ec55da78e2acb988e8b774ea038f6f52ac3f66efe09a189,-0.004333076532930136,-5.6637067794799805,8,7,-5.65937370294705,0.0034725977147864874,0
648.jpg,0,70357f976d26f24bb8b9a65695c203de827876ba6266dc90a86b8c3e2007d0ae,2a7b73b37de31544f5bca8f87c1506546f8609d8ad4e96a05676a4166327fcd1,-0.02431018091738224,-3.8320155143737793,8,7,-3.807705333456397,0.021716963814788697,0
8586.jpg,1,c2f087608aa445f14d187b4b5c86758583f41ff49c1388dc977e683bb57c8ceb,225e32d2bcb3ab83ae939cb75ab27728e5520a36b66eaeeb25205fcc4f22abe8,-5.125609397888184,-0.0065449937246739864,8,7,5.11906440416351,0.9940539503362056,1
656.jpg,1,0448c1a4855746802c8c1a6c13fc888b6b3c8894c042a71d04a72cf9297ef462,04e48649ed0bcc9c3d869a79da0bbdc1db230b614bf36e69f8b74fd5e7f25cd3,-1.6595622301101685,-0.21356886625289917,8,7,1.4459933638572693,0.8093810427867796,1
494.jpg,1,a96e7c4970f1e293038f19e6b082e60d8d5827fcf0c7a9ebe0e8381a6e05f376,670a9f0762224b49df29e9d55767166d42c93ffff3f6c7473369b638b43ad604,-0.04516053572297096,-3.1706345081329346,8,7,-3.1254739724099636,0.04206862322433661,0
10517.jpg,1,00a8e7e883f136ae860daf6d2eb05b59a4f5c5ee367dca7db656bfe9f009074f,52da728bbf01eac466ab916fd08bcf9eea2c72c19a3082a0d7a5aba1fa280be0,-2.705092430114746,-0.07090529054403305,8,7,2.634187139570713,0.9330296590072871,1
4521.jpg,1,2df5eb302cdabae552b54937b07239dcd3073f69c7598580b5c83512afa4e4fe,ea7637420964376fc90f2f89df7ed8fdd24bda20182b1ea0a8ee343bc02f3715,-2.3754491806030273,-0.09887932240962982,8,7,2.2765698581933975,0.9069178856307649,1
10317.jpg,1,8369a0ef2f87f8ee476ff9404189581bf35899dbee5f5838935d0d2ac3ccf91a,939fb60f544e0dab3870994669bd2ab6c420de657803c78068de1d0c5c9b2b53,-0.23518946766853333,-1.5826148986816406,8,7,-1.3474254310131073,0.20629160106840014,0
1555.jpg,0,4e7d3261afce91360f2dc9f6d0d8f34603b23b4c6741d44993a6c12a4691d2f4,c376ff00df85303fb7adcda1197e2e155873761c17e32ba62297e7fd04dfe7f1,-0.0001709399075480178,-10.12596607208252,8,7,-10.125795132174972,4.0031850234694305e-05,0
6347.jpg,0,b7456c23f5dea27895a09273ae742073c6a7d0475e4ae5f77826597c3ca0b804,5b59ca8ec14380ab5f373dcdaf917922f878cb9134bf4371590306fe82d8be8a,-0.0019523213850334287,-6.497065544128418,8,7,-6.4951132227433845,0.001508525060303122,0
5391.jpg,0,f30d8b68e91468151e514248b9d611cf468904d2d3533946d3c3629386cda16a,5e9091d6037b1959c869cbb88225590565db20266925155c8565c56c56c5aae7,-0.00016593530017416924,-10.232839584350586,8,7,-10.232673649050412,3.5974161120707594e-05,0
11437.jpg,0,d5c495fb587a70e24218d03bf6dad65ee031526d924ba0c2a4a838d1009d045b,9fd0ccfc8e217f18aa2fbc50728e677acadd1faa32c7663c16044271e700149a,-0.004133910872042179,-5.7265496253967285,8,7,-5.722415714524686,0.0032611278686489427,0
10992.jpg,1,760aac0797b3dd9ff21a891305a875b35c1dbdc89d50f0746811f7ede69eb490,63f3b2aacf514716f46ae50a3b7369d9561294cdf55ef3c316f854d62ad2cd9f,-0.48428115248680115,-0.9656907320022583,8,7,-0.48140957951545715,0.3819193288454712,0
13351.jpg,1,4af6817b26bb3cda8c4d5201a45ae36dcf2f03e7139b4c6ee59b72fe322dbc88,896107c36aa21d5ba2ce8aea6c7ea52dceb5be5fdd994933e6b69737b415389f,-4.544758319854736,-0.011182623915374279,8,7,4.533575695939362,0.98937197187667,1
9140.jpg,0,0b0f304db9447813c121df0be0940b76a33d3fa646a185094039945396cb0e33,acb0e8b488ba9cf61e42e0c30ff577d5c06606f94e00b708284c3df5a19a8812,-0.00014090114564169198,-9.974456787109375,8,7,-9.974315885963733,4.6578920639266564e-05,0
3702.jpg,1,546e1998a1bee555b23dd67dee0def63b50de6064a6db5738fc21c1b4555ef70,a126fcbe9eabfce693eb2cc77dcc23f099d2c21f6344f4d50b363e457ccd7d28,-3.268084764480591,-0.040066398680210114,8,7,3.2280183658003807,0.9618751502110595,1
6659.jpg,0,e8cb7c66fe36142cc8fa63ae22f4d586b26bc678162eb70d94499ab8806f4001,8fcbdb5bf6345d426af6b20df2cc66262f32b86fc20f17d7743906e2b8e4485e,-0.2159062623977661,-1.6540305614471436,8,7,-1.4381242990493774,0.19183597966254143,0
10227.jpg,0,52863be8b5837209c1fd0433703e51e6f4d1871f14b76bab5faa23b747cf1918,caa7307c040a19d87977f0c5e3d54f967fc9ea8ad689ae1f5b7c5b3e92b3a0ba,-0.016415024176239967,-4.2466301918029785,8,7,-4.2302151676267385,0.014340614359604913,0
4734.jpg,0,d02bb3dc86b65014d359205921735c91dc7311e27caa234a39c0b4c9a65f4f2f,3616806bb80d4d0a78c3e1225814e65fbc979c045495d758b8526108ca96f3f7,-0.00022648593585472554,-9.380532264709473,8,7,-9.380305778773618,8.436228262172321e-05,0
5287.jpg,0,41403489886bdf7dff88798ab9264094b0156033b736c94711b519942429fb7a,51af62b719319c12c4e5e522f602de1e3afb874aee91c746932667d7887dbdb1,-0.4712994396686554,-0.9876857995986938,8,7,-0.5163863599300385,0.3736976110976991,0
8432.jpg,1,e530f70b23bedfc035e336104b7aca913c71185f848a4474c9f4d0752f562cd7,e20ef9bc5022cf5a8cd44edae6081703faa42887c1df5886d56d3b9ff5b33ac3,-3.181861162185669,-0.04385271668434143,8,7,3.1380084455013275,0.9584336123071207,1
6829.jpg,1,e0d4267aaece3c70ec67d7483165fa9885cf55108dcacb1f1cef5d0802c4a8b4,0f321d500cd5a7bf7fae5d48d88515a17cedc8042325276acd530a1129118bfb,-2.8464627265930176,-0.061914101243019104,8,7,2.7845486253499985,0.9418351273468245,1
11283.jpg,0,426d6bbf83ebd40d956c43457c2bbf1196e212db78d6358ac639026827acb8f0,b73ed4766d0b1639e782a4f1945291f170de09997dd5d21a92bae59dd40457dc,-0.00018107316282112151,-10.17741584777832,8,7,-10.1772347746155,3.8024768797738796e-05,0
1808.jpg,1,9a7adc4eb63df48ed8c2fa9b0ee5a723b541d3776fbf9affd7b620bdf40da614,ddcb737f131da7ddb04a10e3e1d3ebcfdd68d109a0e561d3cce2f76145e7fbad,-3.232088804244995,-0.04134487360715866,8,7,3.1907439306378365,0.9604844653095316,1
13213.jpg,1,3fe6a3fb5b7612df182c0d0ca9cccdd45c9d2c3a7c32b33b0eae6b6dc1fd1718,e0a13a2b313e9cee17c47728b271f9ada3a3c722d8df3b8185d30123b04c6d5c,-5.137942314147949,-0.006259815767407417,8,7,5.131682498380542,0.9941280689914367,1
9898.jpg,1,ff00e2d242382bdd74a3a45107ee60df80cd85245a20e4a496e7a42af4cf1030,0780ff5849477fc24ed20799a54f4d15d3a73b5e83028f983d48a4b271e6a84b,-5.628243446350098,-0.003936710301786661,8,7,5.624306736048311,0.9964039142017737,1
3496.jpg,1,5ef89c705e58cf96f4047cd67c48434f2594dd89cbfa5c818f379614e843f261,ca3cac1444c676d79baf8a0a56588a580a7d578c31fc6c307d2ed51ab2075533,-0.07626556605100632,-2.6451821327209473,8,7,-2.568916566669941,0.07116588717440261,0
5176.jpg,0,6685ad02650abb67c93768777b4d43d3c2d141dcef9702ef801b7c3142c9bf14,ac1038eadbf2e6444228a8e436d30aca5816d54b212f4ba56ca4ca61f478f281,-0.1427839696407318,-2.0459580421447754,8,7,-1.9031740725040436,0.12974965359334342,0
9514.jpg,0,e2540941c9b180906463c3e714c69cc70784088c488c5695f254d72a0b980984,0eca3863a09cbdc7ce9f8fcc580d5ab8e6b237cabf7983bc233f8a5cd112f44c,-0.0002537823165766895,-9.94831371307373,8,7,-9.948059930757154,4.7818032056289584e-05,0
10948.jpg,1,e36bf059a324626f5c8b2cbe5f582fa1d914b9b92c0d79dfd26e48187ee814d4,6cb7cf41ce0dc3bceefe51d31476d62678c48f7c62dee79c609c6dc83bb6eaf8,-4.438729763031006,-0.01260352786630392,8,7,4.426126235164702,0.9881806351543031,1
8031.jpg,0,bb73b41c7d01102e9741bd79c6bf7804c32f8055cace5a1fd610ed20d1bea9d3,3e2cc8471a3711210b5802f403a5c0f7eb6dc25547976b37891f1e6edc3b4ab6,-0.4585125744342804,-1.0086482763290405,8,7,-0.5501357018947601,0.36583292568553666,0
4856.jpg,0,c4919a4fac3e4f9d16266e2bf57cbd03510c687ce5d50e71d88cd60a7c551330,396dd28608de5a3474806c62102927dd41ca0e36ce58efc758f2451fb90dc40b,-0.010045548900961876,-4.780327796936035,8,7,-4.770282248035073,0.008406714907985424,0
4904.jpg,0,678cebc31ad22a6ace688b0af9821efeaa4cd4657bc5dad96fbcab382105f268,c78a0a0bca38db5fa8e9c993b71407d34626741cabe173ac2b5f9a6b76696591,-0.0005742213106714189,-7.999016284942627,8,7,-7.9984420636319555,0.00033587281620244696,0
11507.jpg,1,97f3f70ce225b24dbee447258a347776590006929f979cf0cb20ec9722a1ca5f,64c54c5b534d97264669c84c8c45c28581e118f598fbca4a2856f75562a7b4e1,-2.8157920837402344,-0.06318819522857666,8,7,2.7526038885116577,0.9400602393278417,1
10959.jpg,1,f4ffdb8cf830785951fcce08f527cd4329f9f6780535b37b47e5c92454deb345,2edbc63f7b6552042dfef52cd67e23164fa8d23aa370b485405a9456937d65e6,-6.1303606033325195,-0.002472206950187683,8,7,6.127888396382332,0.9978235653070344,1
10409.jpg,1,96e7a0f438fa7e4d2814e7cb1091aa161babeae2eeef91a8aba85d3cd6b9284c,a07b8261f573e2e02c78f1492b218c66f9828bf04f994dfa80bf21b7076afaa6,-1.0534859895706177,-0.4353620409965515,8,7,0.6181239485740662,0.6497917498122671,1
13051.jpg,1,b74193940a987ecfdd87e39fbd4085cfb8a60dc0d48e484ea7a9f10fd54870a5,80c234fa09ca36521762c3a462bda9d3fec9f0265f14191b5524d44e09edf948,-1.860224962234497,-0.17235253751277924,8,7,1.6878724247217178,0.8439441580733349,1
7403.jpg,0,4e8f9db1f4bc7782fde1eea02aeb486880ede566fe4c2090e6dc51b220de7122,b0ef50cb7fe50b9780b0af53658f1984342da75fd0a1c2ec5946cab38bbaf0c9,-0.00015139213064685464,-10.850271224975586,8,7,-10.850119832844939,1.9401906278588792e-05,0
3972.jpg,1,9a9b31a0756f68c15bbc33cead3c3933aff9bc7f29fc601bf674d6c2dc6fd127,e85426fcdc49afb70dabc5a88faf27ba16bb8d3e4cc384d6ac29dbcab1f9fca3,-2.6658935546875,-0.07509084790945053,8,7,2.5908027067780495,0.9302673067358709,1
3262.jpg,1,7001936a54659ac75b9f04d2ba8e762c7a1602579e27a784414489121467a5a0,ed3ae4d6ae5047263faa785036c4f20437d5ed3ba16a9b1d042b3254a55ed80f,-3.1937625408172607,-0.0426202267408371,8,7,3.1511423140764236,0.9589537085677945,1
11517.jpg,0,981142885aa3376db35366d578108569518c278305e515613f7ecac82084774c,c8ee17ba2cd20310f216a232537daf5ed4ae724dcb5e1fc6bfe38629924b7441,-0.000805601361207664,-7.587772846221924,8,7,-7.586967244860716,0.0005067594458470409,0
9056.jpg,1,037228c167728c8272dc987d835f26e6e373a480d5ad8cbf117565c00032868c,7254cebbcc281d3fdeaccfe3db83d5e77d6322b1f7c4c02cfdf95019b9dd0e9b,-0.008037124760448933,-4.968032360076904,8,7,-4.959995235316455,0.0069641221284404186,0
5368.jpg,0,4ff843e5e2e9b93d9edabf1b91e03c6e375b2357dfeebc39b55ba32fc7e817bf,e41e8bf1fca29f2b94eb039c30b5a74a9db1e923d2ad44152d3ba4017a155b56,-0.40297502279281616,-1.115357518196106,8,7,-0.7123824954032898,0.329072609687722,0
3076.jpg,0,b4ab75876e17b4e2b4c430a648583f23662f6bbecb3cb33df8e2cc7c9e32f69e,e70d666438f8cde5cf298daa7078aa2ee375067c634d9e13eac6f0123bda5914,-0.0001527040294604376,-10.673276901245117,8,7,-10.673124197215657,2.315853052713735e-05,0
3280.jpg,1,7dfa587ef62ec82ea1c13a2fc1d0ccbf154a803fb277bca66615e756947a19ee,068b4e35188db87c184455f0926557c81dd051dc03529a2cc20341f2ff0ad0da,-2.997786283493042,-0.05256930738687515,8,7,2.945216976106167,0.9500369419194585,1
7347.jpg,1,a93f7b42ecc2271d8b10e8a3ba0f1e7dc1ad1c7e73a4b403042fd76d1544f518,e890e9af40aa7b33752367263f7e5fabce0d34d2efa16f4303b643b6c3e353c8,-4.95676326751709,-0.0075972918421030045,8,7,4.949165975674987,0.9929605855269926,1
11193.jpg,0,13ed7dddaa0a511fee1820c2086f0ccf13d0ba85eca13d568fed4f235ad60e85,62a26fba51fa4ace3559b6f85666e68e446a013ee1ae534c6a64ed6f57a6e23e,-0.00032266441849060357,-8.70289134979248,8,7,-8.70256868537399,0.00016613084951475895,0
2829.jpg,1,ed415a3340e41896fb2982b9a64fa10b89aca7d7c29d5f8a923f086c1409ebfb,2a66a7f36aaf9fe4d9ddba25a28d87a72db457b8507cb9b20788a0a470631c30,-0.8521893620491028,-0.5615760684013367,8,7,0.2906132936477661,0.572146270736692,1
3937.jpg,0,bf37fac8493458503565bab7a747aab75fb2d8a66176bfb4491eeeb1ab880ced,16dbb261b2d7e04bb19d9580753a39ef5d72d48552f16dde69c0233955c66aee,-0.00020014357869513333,-9.7575044631958,8,7,-9.757304319617106,5.786706340485963e-05,0
7230.jpg,1,817f303475593f58e4dd011296571db9d64fcb6496c1f3276f9cd4c0b61e8140,f25b1c0980716a1f91c4e31d834e92d88af67c95f3f52ab9859bfa5555304eab,-0.07150154560804367,-2.7210984230041504,8,7,-2.6495968773961067,0.06601386008278497,0
2171.jpg,0,9eaca8fab81902c582de990a88311bb7d6f883065ad537be31f7a7cd8fae4a28,3807d2d05778d6fb7ec5df1b22566a14692f29bd1c71687ec91b8b30b840d6d8,-0.0001357762230327353,-10.278242111206055,8,7,-10.278106334983022,3.437638499729128e-05,0
9808.jpg,0,a3f93557f7d8cf4ced5e8e9387f9a9b149c6f42e70552315d5d18d41f020150c,a4d195390d03d515515bb52829fbbe35ba4402f26d0da0debd2b7e4a56d5555b,-0.017124339938163757,-4.153421401977539,8,7,-4.136297062039375,0.015730518218412294,0
6568.jpg,0,78f2e8c1ebbee8d733a424fc550633e7f02305e3822eb1f06a2cc023d3a95c83,b02f6f3ed01cf32b0b9a00b7a6c5687ecf5658317cf6d25945737818cfd9bcf6,-0.0001971663732547313,-10.277481079101562,8,7,-10.277283912728308,3.44046675571734e-05,0
9912.jpg,0,a998d7ed4ce979a6e7b47d5f8799508c1a89c745c40947d5c33146c28f0c7c0c,fd28eb175ea41a617829b2c7e18524139c6ce6ec6be80f26cb290ff0eb58aa76,-0.002221089554950595,-6.358310222625732,8,7,-6.356089133070782,0.0017331343079472904,0
9913.jpg,0,78b163ef1736e9410f71919d20f4ff681472e58485bd55e8dc6e0ef7f04029d7,7cad7052882fafddff327e9df1b4481400e5957339e69d443e9e58ee4ae3404a,-0.00014757804456166923,-10.611883163452148,8,7,-10.611735585407587,2.4624708453715506e-05,0
10593.jpg,1,3d181a27cf0e6823b62c61aa961bf4658ee7346031950b3dcbfeb99e51c8df12,6ae86c1c0d82ad8f89b57fd3f23975fa49c024c1fbf571ca5236cdf9f84aa628,-0.27746304869651794,-1.4305416345596313,8,7,-1.1530785858631134,0.2399272161043337,0
898.jpg,1,17008a85b270dab3fef78071e63adf12cbc0c1943d475d901beb152830b7edf0,314be01dbfaea71a7b8ead6bb290fafd8d7db8b288a4185ff97a67369b0e1474,-3.600856065750122,-0.02877962402999401,8,7,3.572076441720128,0.9726704405909229,1
8368.jpg,1,5a0c677a582167e8db89641f7cf1624cc3227634a6a4e08f5d1d0789c3ecd530,613472236a6e9a34dc31dbc6ba781105528bb49fad35cd8671dc0d2769bca49c,-3.6625657081604004,-0.026643170043826103,8,7,3.6359225381165743,0.9743173783468779,1
13276.jpg,1,7e47f42713ac5353b5f2c07ca4f8f80aec8884d2ce19d86353c6d83b91890994,71cf1f3f3e49d2a97575c864465e267f19d73086b77dd0dc102beb4d3450767d,-5.610987663269043,-0.00395244499668479,8,7,5.607035218272358,0.9963414940778155,1
6620.jpg,0,8c243a09cb0fedb318ee02ab1ae06ec4d1740acd66d6c8a2f0b49f2ef448006c,da59a1acac8608a0b0f5defb5ea1fd294717075ef13988ff3fa0885f6e31e410,-0.00017857072816696018,-10.11870002746582,8,7,-10.118521456737653,4.0324078677975554e-05,0
9505.jpg,1,dc5e24493b4996187bc4a0d37079c64b43374d9cd5b79594002460c57c8b9a8e,d9693db7cdaeaa2d999685032550b3142c15db6a5611d45d873b1d054b6fc226,-2.6693928241729736,-0.0752280130982399,8,7,2.5941648110747337,0.9304850913389346,1
4445.jpg,0,feaa39bd771045fb9b479ace53d3ffb3f9a1fc7de29701b35fa4c5bf70f03fea,f3ebea1963cc5a6355781ec235d162106ef417cd0db3c1d26de8454a86a44a7d,-0.00017511450278107077,-10.625151634216309,8,7,-10.624976519713528,2.4300811312726664e-05,0
11340.jpg,0,41606cadc57f8d5d2ef30efc6e211646395844969890b513b2db8538f98c0ffa,f98e7fd7598adb88287fd3f94cd19d9bfc469695c2ea3d9b404661704aea968c,-0.00015425204765051603,-9.966078758239746,8,7,-9.965924506192096,4.697140814516189e-05,0
2061.jpg,0,cedd2aa4f779bc060b3b26bfd6d3f8f7a2b793ff10b372d9f4b32a2f0689feca,78208f9dab1e0b44634c0bfaaff1b69e893d9a1e54036c85433435abfca1ef85,-0.00019573648751247674,-10.258034706115723,8,7,-10.25783896962821,3.508018732873253e-05,0
64.jpg,1,056b721d3b36c6967277267a381d0caa6178c371f139a2880617886b229721ae,b0fc059b6917661e513cd50c03976145cc325aadc4e76208ef0a21cb23c0a6c9,-1.586902379989624,-0.2312099039554596,8,7,1.3556924760341644,0.7950587202533355,1
9002.jpg,1,08459c114e9d30519f8f76b4d1e9bbad5c043a9494c8bc4d3aca12ad0be277b8,aa80fc050cceba55e0a41f00c9577fc2c06dae647098c56226d29a93a15051d6,-4.960626602172852,-0.00767109589651227,8,7,4.952955506276339,0.9929870243977852,1
4909.jpg,0,9090f6e963c27011416531ec9874bad0b8b06301b17f1cd93800f69d806d4e6e,8c9a024c479a40673c56dfe70360125a42333dda35363303230fd87a2f628cba,-0.33506596088409424,-1.2689822912216187,8,7,-0.9339163303375244,0.2821308518937656,0
5279.jpg,0,4100003ea99ec06b8d1d54ba8dd3510309960567946df3f3fd86c41b64809395,2b2bed6abe6921cb52d727408cbe0c93e33119d9f7764bae4c3530becf532740,-0.003156546736136079,-6.083871841430664,8,7,-6.080715294694528,0.0022813241773662622,0
8125.jpg,0,d43f59162dcafd8f3248d9c30d5c02068231f3f56bd03b605f24af8892cb3151,0a9bd067c2379a255de480795a5d76af25ef571ed93194e5cd980139966e175f,-0.00797341763973236,-4.98328161239624,8,7,-4.975308194756508,0.006859019037046979,0
6073.jpg,0,5d80b78dde10c08d137f74dbc8985cce33fd684cfe607811715cfbfff7692a2b,b10b12a47cf86821bb353ac741565cbf2228dfb50241ef6a05fd7e1a2277815e,-0.0003782075073104352,-9.110599517822266,8,7,-9.110221310314955,0.00011051803535328699,0
10071.jpg,0,d7d7cd53e13bef90e6c6b55308e233bb62b1b897d4782acaeac29f479ecf34cb,0317ba858bef46ed32e9b89392d6404e8a66fb19e1da9f66eaa56edf00a18f45,-1.4396436214447021,-0.27558237314224243,8,7,1.1640612483024597,0.7620698814318863,1
2795.jpg,0,4afdc8152862986782352ce56068979b0d5bafb9343e91ee2e1d938fd800589d,15b7ecfa4aae73897a514e9ba9be9a6299eb7e60c4f166cb9a9ff98eb1d4da36,-1.7784286737442017,-0.18759743869304657,8,7,1.590831235051155,0.8307330198749371,1
8185.jpg,0,e327d6b82ce4efc39bc2df84ad23e869c8444eff6cf9efe4902fe7b551d3ea9b,e603c759848fab2a15faacfe52fe38ed18c553b605c656006f33441ac888465f,-0.7215270400047302,-0.6707778573036194,8,7,0.05074918270111084,0.5126845733871876,1
4622.jpg,0,2ddc2168f8662a23a16d334a2bc3c18e028ba254877e4d73fb46e7012c99c3c3,8192f5150208a1a94ced91ec48cd43d7d494e5fb51bb1f2185ab93eae4debcc5,-0.0001339888694928959,-10.753918647766113,8,7,-10.75378465889662,2.1363941728064398e-05,0
3606.jpg,1,8486eccf98487461edcfecdd1a3ea4c1faec2ead0725676f3b07385161bff2b1,17b2f999378113f7db1b9c0a04603f605a2585dc5e0b915912ea68220c411667,-0.9585474729537964,-0.4887329638004303,8,7,0.4698145091533661,0.6153398522559078,1
6010.jpg,0,f9b3af585ed2014b077a196d8cb09989d9a22b85e08a328bd752c58ce2a8b6fc,a0114ffcea3f860b179fd59248ecc505da2a87ce23a90cd7456c0129ab432f8e,-0.026606831699609756,-3.717824697494507,8,7,-3.691217865794897,0.024334662396374284,0
5777.jpg,1,91d4f5456aeceaab168152bd12aef03fdfe109ab6a9d924e7bf00aca7cb8290c,86a3148d24e99adb36bb44e25a95aea5694304311a33f02c71b34d62537773c5,-4.35105037689209,-0.013497291132807732,8,7,4.337553085759282,0.9871001151837666,1
6063.jpg,1,a18ba05b636e6be688e66aada56d809db588e5d570dd5360c1dbc01af5756397,27ecd2c25b6584d8341b9b5428e9b410efe3e7a63e603e23462d1a25c0c7093d,-2.3914551734924316,-0.09785662591457367,8,7,2.293598547577858,0.9083454839869007,1
7882.jpg,1,ddfd3d502d55beb785950e91d423b52f10afd0df75434615c9d2bde2af39ae80,e76a26b33ef33b4479a1540da43a608e1eeca7a66e46a0ebadb603ebb3cb0899,-5.077428817749023,-0.0066467393189668655,8,7,5.070782078430057,0.9937616525640742,1
10316.jpg,0,da1cb4476c7c995250fb3a1ef44b5fae639f61ecb5a228dec451750b2927fb9d,7e462ee489c134bacc3956bcae77a06d57f8aa8c41e6f3ddf096736b023db647,-0.0002350711583858356,-10.031576156616211,8,7,-10.031341085457825,4.399717707006133e-05,0
8831.jpg,0,ed56230180dcffe0c6faabb81ac046feccea0c0b0bb850df2e273857676c6854,999280754ad27dcf1a18503bd632fd88711255d6e8be1f98a5c5fac5be4171fa,-2.149101972579956,-0.12672275304794312,8,7,2.022379219532013,0.8831268014759036,1
3948.jpg,1,7066611a4360c535b4211870457a35bbec778d15328f005cf8e4d5b49ebc549a,7f7c78b87fd6c657fe8a32af7fee07cf679d642c463166c2b82c3605d7c54ed0,-3.7079055309295654,-0.025854183360934258,8,7,3.682051347568631,0.9754467501139378,1
6105.jpg,0,b96c0e951c7f2e9c520efa4a70caffe2b5311ae79d5ca8bb8578a7465ee778aa,714e47bff2f8c7213023bbca2ea4a182d3dca2361f768f7d1d0d4bde160228cd,-1.9157240390777588,-0.16137515008449554,8,7,1.7543488889932632,0.8525004848188883,1
1003.jpg,0,ca144764cf8cee948be857ca798454644ce0e3340ac622d9a01cb1a8241b8476,55b77eddc0247796bc1f3f011afc31a2a050f495dfa45811f9e119e39efdd937,-0.00016629177844151855,-10.053102493286133,8,7,-10.052936201507691,4.305727896587543e-05,0
2701.jpg,0,9bd9fd3c0626a205d2874123d93bd2bd023270e30803d0222b3203de07bd093b,b51b98e63283bd52a04c0087c680a499776a2d0dacf54bab0c214d95cf0bc819,-1.6469457149505615,-0.21635964512825012,8,7,1.4305860698223114,0.8069926158088334,1
79.jpg,1,c86771860180ba61e813aa61f65a92db1ca443936bd1a9f68874505ec2aa6087,890330b425bd583f0a32faa719f57950d03b18fd985e3beb9291c5c007072b09,-3.7522060871124268,-0.024776985868811607,8,7,3.727429101243615,0.9765104337347712,1
9289.jpg,0,bdd9e48d332115c546f0e824e03d85169b4739026e772999b440787ec713d24e,657d2ae02e8715b6a8e2284a3edc1b91a46b273661dfa33aec3e97a05058b53f,-0.0002405503619229421,-9.253469467163086,8,7,-9.253228916801163,9.579263891109052e-05,0
8046.jpg,1,b567cb7fa8f4ba3751ec60c968b02effe218df5d2382b18ece19f020c111976b,4800ef2835247412da358012b31dade701fcb3afbb67f4486dc49ace9d69f29b,-1.5810775756835938,-0.23365169763565063,8,7,1.3474258780479431,0.7937084721270073,1
6426.jpg,1,69d57aafce9c276c18e85fe954f719478ad7fd22f6b66683d2687b4fd80eecf0,991f9b5fa217d92ad02e25cbc5a1a810dcd2305a5d4c8ae8c937e4d4455687d0,-3.861699104309082,-0.021930694580078125,8,7,3.839768409729004,0.9789538820129677,1
7340.jpg,1,bf08640bdc526d8091e621bd061f1bb873416cc013625f3552357684c284f98b,3e582a26efb2d4ffc6eb18c9047d0cdc71328c177e936bfc721223a55208f19f,-2.4172494411468506,-0.09480053931474686,8,7,2.3224489018321037,0.9107192604914389,1
6486.jpg,0,68c503032cba52f90597916be719fe8d87c3b845eef678d81dc91ee6ec1a67a1,ea75f6b5be290ddf041e9ab70a934abfa4f16a5e607eb7272721ba6c783129a5,-0.008241505362093449,-4.940240859985352,8,7,-4.931999354623258,0.007160427870152398,0
10511.jpg,1,b2bfd321cc41823c31e9e898b697337d7f5cf21bb801f0ce90272fefd7133dd5,f623b066d6b9288b373b29450d191edd245a794ae9eddc5b0a4840cc674967a4,-4.42528772354126,-0.012546839192509651,8,7,4.41274088434875,0.9880232727778654,1
11566.jpg,0,2c2f894fff684cb5bdc20972e7b3441916df7fa242e0a466839f3d988d19a6be,b41cdd35bd0b575444efb2054d96e94bf12ce2109dbf6ba8a108ab6c1ad20afa,-0.000166292826179415,-10.177950859069824,8,7,-10.177784566243645,3.8003869638306986e-05,0
11099.jpg,0,dad9dadac791209ee3dcf6b935eec805a6741034eac0b9d2f6fef4b462e9bf5a,cecc213513e8949f5c96755ea7e6f216ca7fdbd2bcc7168091efa7404c644178,-0.0002152821543859318,-9.754792213439941,8,7,-9.754576931285555,5.8025095610139286e-05,0
6522.jpg,0,14161d229a75464d2446d3499af447a931630cfe783f7e21d16ed9343fc18e9a,490d847b8648bd08e4fa97c9b8adfc8761d7b2e57d8121cb5f5a31330f27319a,-0.016482047736644745,-4.247405052185059,8,7,-4.230923004448414,0.014330612552352337,0
6223.jpg,1,6d3a68b357a8392df2d34c516b2a277fd914b0a185a99cf31f16fc0aee0c161f,9750404986d4e3da91751c0c1d5fed47f0fd494a02fc008ab85b36b9a79a1864,-3.3498873710632324,-0.03741472214460373,8,7,3.3124726489186287,0.9648542261208287,1
1779.jpg,0,a512c9da2ce9d416e19ef513d4865cba611a77f92bea7870c01b5129f46c728a,30105773b23af68e316909e490e63d7f5581180be6c5fc7afc33220a1fef8fef,-0.00013923320511821657,-10.53286361694336,8,7,-10.532724383738241,2.6649210480090464e-05,0
11238.jpg,0,8dc8610b4e0572a1f2625d26f5a713762b25f8026c26a170d1aa3904d27663c7,3643b7dedb88b508aa6d86426691871c0b61183fc32d2ef0d3e99503c5dcc7ae,-0.0001527041313238442,-10.57084846496582,8,7,-10.570695760834496,2.5656299615344243e-05,0
6361.jpg,1,1d4778f2e731ec8ec18feb4db0e8771e0e2a2e81a3297ee4425c91a3a43ade00,789b8db7c4df29c310aae58ef902f04db7c2596b8914997fe35dfcd44566d547,-5.187254905700684,-0.006146878004074097,8,7,5.1811080276966095,0.9944096537813897,1
9045.jpg,1,7440b93c9b200ead89e9bbb730ed9084b224542b75d6f88d13346e5689ed1b9e,11537650dce2f92d5ebcd636a70ba2a5e0d949e92515bc0c7f03143b8521b9fb,-5.233224868774414,-0.006391514558345079,8,7,5.226833354216069,0.9946581833614133,1
9675.jpg,1,a26f16cef7486009be80509c2f875ab8aa125e939140f1091efc1af3a992dd16,14349646ea25a787b02410aae9a7228224640b875c3e0174dfecf10548eaf8e6,-2.35782790184021,-0.10163228958845139,8,7,2.2561956122517586,0.9051836177041609,1
6089.jpg,0,edcf58158ce1266610d9d35ec5ef098c000edb72993eb9cb6a3ad2638a0282b9,d33de40bedaeb9ebe11e9f65d103f723ae258d2eb80829d9c8223ccd946fde80,-0.0018989931559190154,-6.584419250488281,8,7,-6.582520257332362,0.0013824421693147471,0
5439.jpg,0,5871994cd12f2b663d24339bd189f0b063447f541a60b70f76497f0f47623a62,27beb6576982b79c2e8a5b9635296a1cec45c0d01331fdd8288b4805d6dbe4cc,-0.36579200625419617,-1.1958911418914795,8,7,-0.8300991356372833,0.3036241088750088,0
3750.jpg,0,a3c442685d0a3230d8335653239881edebd04cfcea7b86df2e1d6915bd20ebce,f30799aa955517610b7a0ddee08b86386afc2cf061f46c34f576df04f79213b6,-0.0001573512563481927,-10.07494068145752,8,7,-10.074783330201171,4.212684138136166e-05,0
11278.jpg,1,f284683db7fad6a8a1e3a2f2f5c7cef453fd4a112c6319cb8ed5105d47ee2feb,8efacbfde6644c1e2836f46aa9c2ac9034418ca31137e95cc2f5aff7d25e6f12,-6.012213230133057,-0.002775672124698758,8,7,6.009437558008358,0.9975505457078213,1
7745.jpg,1,539304aed8c36aad5c8a713c633c8b571a1a35cb9be41719fffb2102d2c4334a,5414106ae495d641ed485e27672715d6cedff27211f16151635af3c292311b5c,-2.0516979694366455,-0.13956603407859802,8,7,1.9121319353580475,0.8712584702959364,1
4766.jpg,1,179a277734548bf13d6bf98c989088b15430ae636c5d458044de8856cde59440,62b268a3f69c2c3252fd4f8d24271fb2518e2f8e28f38e0031f1dec3b897e525,-3.4987635612487793,-0.03176627680659294,8,7,3.4669972844421864,0.9697340131376528,1
11358.jpg,0,3a97df02427bf8b0061ddf39b07b6cd12e722b25df37dbc9ea578cae7e35fcdc,603a7ba65f7422180bce2672567d0acfdcddaf3e6881af54358004874584e3ab,-0.00016080828208941966,-10.202022552490234,8,7,-10.201861744208145,3.709980498991027e-05,0
1022.jpg,0,84523c38879781f4f9368e216cf5ce8d207dc83ac7ac45e7d1cebf8fedea116a,e3880190a56ecf822d7427b86e31cd9da80627781fb5d5ecf86b7f9d297af6fd,-0.6893000602722168,-0.7065215110778809,8,7,-0.017221450805664062,0.4956947437018818,0
3067.jpg,1,e44322ccae8065fa2deddc3dd27ac9491372292fd1ad7a4116741355aca73492,9a0bf735de06dcbaf13a5d39d6e87d29fb685b67c797a2995fcb90675bbd2890,-0.5611875653266907,-0.8528062701225281,8,7,-0.2916187047958374,0.42760762759827864,0
5470.jpg,0,481d12c06d13cc0144fb2a77f074ce262c46c783052505e20a1ce2e55a4d5899,13594d289ee7dfed3beb58bfc10b7a1fdc9bd82d29f09345e72830c6dce224d3,-0.0009021048899739981,-7.715836524963379,8,7,-7.714934420073405,0.00044591579005221664,0
1713.jpg,1,4b4b2b1d50d4ec922b0a4da5a3647062afb201cb478b13f3bdb3328a6b2f482a,03ac6f2e9ce9d11cdab723ec43f72078efac25cffccccaa5f2823599b062941d,-1.440912127494812,-0.2737572193145752,8,7,1.1671549081802368,0.7626303670507539,1
582.jpg,1,46c61651d0166c5e49b3b6abd6b7288a2397d588d94e567f97d3276a2301e597,162bcdb1d14034bbb538348db15c2c9a797342f7e7a25c1e0325576d30d35ec7,-3.9151391983032227,-0.02122437208890915,8,7,3.8939148262143135,0.9800410115039601,1
13102.jpg,1,4be90aa7f33b71b00e4f90ee446ad0232464372374dfdd858d74799d1ed13abc,7d7795a894f595de5c3e9ae4e2219ee0e8516f319b366ecd3ccce6693a13196a,-4.583906650543213,-0.010743590071797371,8,7,4.5731630604714155,0.9897802726007618,1
3625.jpg,1,62d9890d1a355c7c9257b61b96b9fe8515f785d0ebe3ab831d5fcee3a486e3da,66df3d9cda369ff6aef8c39910bd2e335169aee9f7e09d84b902710955083a2d,-4.604125022888184,-0.010698702186346054,8,7,4.5934263207018375,0.9899832201382032,1
2609.jpg,1,d727c8802421a8419b8345d6d33f42a70f44fd836f0dbf087675ffc9a75d0164,ef197deb6c5a8ca6cb7db07b9c9dc386ca9187506d8f642c89d4acb0762882d5,-4.675780296325684,-0.009868505410850048,8,7,4.6659117909148335,0.9906770711953998,1
9517.jpg,0,3c3393d5f28c2a1b61b02219a5ffc64194e035c8327b0f4bc42cb4d00ae438fd,c9836f020f996282aee3b866b7cde9273128897e44ddf71737049334ba7a7b66,-0.06689002364873886,-2.7938828468322754,8,7,-2.7269928231835365,0.06139923611962564,0
8011.jpg,1,e77a4f57dd9836143549b2e9fdc958863a7be90f83938f384d6ab0269c13439a,ce081ae7f5e474b4394d7670726e1d3aa6d1d3af3e74e2238a06a5f383ff55a4,-2.5335426330566406,-0.0842619463801384,8,7,2.4492806866765022,0.9205088329083018,1
11661.jpg,1,c89185f3fbfbe290cb0bc4846cc76195b11e9e90217e2c3854d86b1e2e53819f,a17abeb20ecd01318ea5620460efdc6842327a84f70806c91df86e38c29d832a,-4.726900577545166,-0.009323962964117527,8,7,4.7175766145810485,0.9911423494749758,1
11116.jpg,0,b2f150f8e96b5f67ca575325eddd872907487370b72b98a7cf8500036e2654de,8f853cea75c757b4e73a021ee8d24c8ecf78d01f4dfb51c6f17ca347b8e04e48,-0.00016891442646738142,-10.277885437011719,8,7,-10.277716522585251,3.438978748957799e-05,0
6170.jpg,0,c629376e3237c9d78ac9fc8b4f42adbf617f114c994c017b2efe4abbf675dee6,25eac6576ef925e6f3320439338e9611e9bf3644a81e4af4ed31a599ec3399f1,-0.0004220629925839603,-8.699604034423828,8,7,-8.699181971431244,0.00016669434705449823,0
779.jpg,0,a870bf72717f0c68f69802dbddf2fea572e0a4c4f833b46cb7cf7b539b55bea6,a54b744b19b46abad448432ba9cbbf0945d2ceff408f773514fb662531d93cdc,-0.0017519622342661023,-6.752115726470947,8,7,-6.750363764236681,0.0011690854136835501,0
13090.jpg,1,22653850b507692ea8e5ae9ac7fdddac6ffee9d481e21b169678bc2fc91159f0,784efa3e0e9676578f0f5c1fad8ca7689c7ad48fe0eeaf0e93f78b208e98b4fc,-1.4049822092056274,-0.2858622372150421,8,7,1.1191199719905853,0.7538254438056983,1
8078.jpg,0,c032d75370aa16e56000f9432418602f4eed2dae0b4d76595798980a7cc130dd,ace60533a1915acd0714e89469356b178969011d1d735a2aebdedbcee5da4e50,-0.0004597170336637646,-8.277570724487305,8,7,-8.277111007453641,0.0002542060890146027,0
7270.jpg,1,a176a6f9aa6bf1e61f217fb079f92ce214b77328f92f3833b9f56a09e35f7019,8634e4f9051d633c44ca79e2e89a5f262d7f56bb8d26a9bc4e8e7c26410688d7,-2.3499972820281982,-0.10174984484910965,8,7,2.2482474371790886,0.9044992553893106,1
9888.jpg,0,55e6043f185f4b6b91cc4ff6f4772c20f7c80a258f97445b21da132ff64f926b,d7d0e535e7d7636a98667b869510017a08679d9e93dae03003cbd57ed0a977d1,-0.6658276915550232,-0.7270305752754211,8,7,-0.06120288372039795,0.48470405339262795,0
9351.jpg,1,8c8e27b490f4be13d4306d641725fc7b826b71c80bdf2621954fee47cbd5940f,cbd2de6c55789ccc5af070ba193a114d96a6774709db74e3844f53bcf718fb66,-1.8174570798873901,-0.17938478291034698,8,7,1.6380722969770432,0.8372724638472875,1
13369.jpg,1,7f4d7d525aec281b93c664ba4dbb7ae1fcfce2959cbfab155527caf5898aa3ae,aaf1c3693b621b8410bf9b95179597d4a082a14fbca3982584aa7e33e6818081,-0.5250864624977112,-0.9035715460777283,8,7,-0.3784850835800171,0.40649232838386506,0
7978.jpg,0,534b29c2a6c62723758db3722e699de02949f9c827199569d5af7db3cc51dcb8,596b84eb8597e983b3392c513dde01995329c63e76c33eba3e1f7d1d1087e62a,-0.10665523260831833,-2.316437005996704,8,7,-2.2097817733883858,0.09887551528132074,0
7599.jpg,1,ff8af6315a2dcbf79bfbdf2d2c07f20dd8b193899de0bb3a6faaab1902073596,a696db35d0d842d29a7e4a31eb882ecac97e9892c3b089a46a29cd080f047daa,-5.614085674285889,-0.00406552292406559,8,7,5.610020151361823,0.9963523584167834,1
903.jpg,1,e112ec8b8e23149479bb04d15a515ffb966b3e4f19980aa2e41a0391dc636035,472d7a3edb881bd968d090d96de104242068579d2ee1d4c58c488ddebd241b9c,-4.378476619720459,-0.013210868462920189,8,7,4.365265751257539,0.9874482718014653,1
7252.jpg,1,94d48d8b7867acda10c79092ddb5763bfc3deee2d072e07ceec7949783857a3f,5efa0bba1716c762d4fa147c9c79add8adc7da1d8dbfa5b3e0aac585d0e572f5,-0.24091018736362457,-1.555440902709961,8,7,-1.3145307153463364,0.2117296791091212,0
2225.jpg,0,9e5d3c836a1bc02312a04691ddecebe73e07a93b0398921e5b0a16cce735810a,1d8f1197506a49130c74a56ca9d332960fec6daa71a531ae531e63e138a35ca0,-0.10811688005924225,-2.3024237155914307,8,7,-2.1943068355321884,0.10026290340955739,0
8190.jpg,1,455c60ab92fd00101cbf8f24b47b8a03f580960cf1087d51a8e779d95b996401,1bb4ce73b1f620ab358f547a23602ef095c91edba1445110da7b01446c73bea9,-2.960219383239746,-0.0544402152299881,8,7,2.905779168009758,0.948131383535646,1
5557.jpg,1,5ba61deb87c86d45107e87f47c12753bc3bd53e0f73b6af4b7d752ff9c616eda,a6e29b9b0588eba61d4fdec3e5717dcae693fbaef1f57282f60f4d3175c4cffb,-0.3831738531589508,-1.1570206880569458,8,7,-0.773846834897995,0.3156475467101599,0
10868.jpg,0,070b4adeb92b3a837eb8cafa2c0c9e873ba9294686c3b2ecfb454bb562b52a1b,997e4aad730452713643ed0e9453934493cc98ab6a7b132bd62f8c4ec49db82b,-1.1501386165618896,-0.38386499881744385,8,7,0.7662736177444458,0.6827142517188046,1
752.jpg,1,0aa495cd2bdf785a7c9d9eea2ff574c1de8f167afe7a29aec20318d2bc7ff68a,8b6f5e2f2f3857c7d4f24d99d75d668ab186e114dd4772ee839040116d01a2eb,-4.0195159912109375,-0.019070323556661606,8,7,4.000445667654276,0.9820216600440058,1
4698.jpg,0,821a125a5261c547c2efb238608c8c0e1cdde7ee48482689783d2cf3981ad915,7cff1077cb6fbd39781d68def023a1641f414d3caccc614175b0ff9a7277db45,-0.00016760472499299794,-10.612377166748047,8,7,-10.612209562023054,2.461303997053026e-05,0
5044.jpg,0,8ed3344b00764b1e1dfe864e1547bf091f64a519e154122b3b7f32f85bbd564a,a94073ba013c2ded0d61104d782128de9fa56a0597d9582cd83578f48f9a01e3,-0.006250432226806879,-5.3846964836120605,8,7,-5.378446051385254,0.004593787541237801,0
8782.jpg,0,1ff1d93d945edd5683469dbc76008f3eff937b22d2af4aef42803870b9ef358b,bd4f29c0efa88ae11b2f43291391346face0190ac5293f419c91702bda8123af,-3.049999713897705,-0.04961570352315903,8,7,3.000384010374546,0.9525914721137511,1
9559.jpg,1,123d4a4a9b111ee48841d4f9afe50d5731514916cba5827fbd1df7c1668942ad,56dff64d7ea5e31aa959addda3661f00423f08c760c1be99b2bd27717c66054c,-5.908211708068848,-0.00359997502528131,8,7,5.904611733043566,0.9972805751201876,1
2700.jpg,0,79af79e1a2cb58c5ea391bbd5cd615d21055f13de70aedd05a2ded4e16fa7b18,43838204d6fb0b681d51f7d9c31df7a77784bc84ef46fa8a853d585a9d89c8a5,-0.0004682993167079985,-8.42913818359375,8,7,-8.428669884277042,0.0002184642063127515,0
3021.jpg,1,e3e8bcd427d39ea707e80ac2263428a605fab4a6ba817fbf7193db5d3315c222,a18a4379eec2cf6beb1556357b0d4d982b6388c59404bcdb9e1fa0d6ed9a1c6a,-0.09732697159051895,-2.4076859951019287,8,7,-2.3103590235114098,0.09026865727336278,0
6880.jpg,1,a23b95af19e5fb65978a15f34d242e96495b057a47b81f2c8a516911dd5beec4,12d4a2fe411fc2495b220b80088cb34a6ec3b1d2237856e839ff86b556eabd7f,-2.758275270462036,-0.06683046370744705,8,7,2.691444806754589,0.9365199301246802,1
1793.jpg,0,99ac45fad24e6307e4e863be71c29b395598931ed38051c67065837a7a5b8b15,466a64502e6159a96d0d456788f69fd466d9b6862bce873fb82d048d6efaf36d,-0.0001870328705990687,-9.816734313964844,8,7,-9.816547281094245,5.453860157762589e-05,0
2636.jpg,1,8b67fcbd95567ae55ed347ddd0cabc65f714ed5a1cdf92f60395047248c482a1,ff7be80808cc36d0585e7a591a3a826a53b793b19d48b1adf1229f0d4a3c435f,-0.475085586309433,-0.9787024259567261,8,7,-0.5036168396472931,0.37669107527912143,0
6782.jpg,0,cd8e6aaeaf931cc96537ad5335721e82de9adc4de9ed6e46a242b36187ca8d3c,d442aaa72bf3035360ffa5af60de80931eac6cb1751db1072d8811db30801eee,-0.6193045973777771,-0.7806776165962219,8,7,-0.16137301921844482,0.4597440668756795,0
6667.jpg,1,6b93f6c75c003a296569ed196e3a80e6c676d8786e681024ead17186f3e1071a,7cdc937cb8dec10d7565dbb2093eb5ba8e2b120e40a789fbbe531f182c29de93,-1.3176982402801514,-0.3143816292285919,8,7,1.0033166110515594,0.7317101640130186,1
9054.jpg,0,4600a88ff7db9e3d8bfd0f11eaf967b63ae4f4d039e9788751bee3cc0f1c0366,8845d9f3f50d375b1166c6c5813f65d3df9d3c83230d8d44890fb4107a4438d2,-0.18396811187267303,-1.801208257675171,8,7,-1.6172401458024979,0.1655858395812548,0
4588.jpg,0,c048660ab045156fe9f32f47a67fa55e3fe188a86c26797e88ec7e6a7df85001,b4778f602eb5af2cc0d36a9edf38b7441db7e6e374d65ba53ffe8cbb4ce86545,-0.6984462141990662,-0.695009171962738,8,7,0.003437042236328125,0.5008592597131941,1
11042.jpg,0,612af437d298889eb0ba49257613ebfe589e0b2cab5f5c12b6f3c5c7257e5278,c00e09ed6911846f801a097b4d613f79f0a930436908870040b2806f504a84b8,-0.42349177598953247,-1.0706061124801636,8,7,-0.6471143364906311,0.3436401093127693,0
4906.jpg,1,394b7a452a5b95b2f6b82a871f19c37eaa63d74b9a5e2c1f098a24b303efce48,c5d4806e0b501ccbe6a8a33cc7b95baf829aade0c95e57cba8e57a2e30e0a64a,-3.3444385528564453,-0.0370083823800087,8,7,3.3074301704764366,0.96468283152251,1
9196.jpg,1,41d0956597371226549a99c5384a733f976710c0d11edd98f5b4ccce28ff5f1a,fcf89fb04b337daf211cb0619dc789bbfa12a986cd24974e80df5512b66aea60,-4.024523735046387,-0.018626149743795395,8,7,4.005897585302591,0.9821176617754079,1
6555.jpg,0,33abdb0086034cebbbc56d510fed7e0609ebb6d58365135175fa9d7b77ff03a1,f80e9b2a84c0a6b7fc93273906fa49a81f776702c70f034d04db2043a472387d,-0.0002388866851106286,-9.891963005065918,8,7,-9.891724118380807,5.058908538733548e-05,0
7526.jpg,0,d7a1cefb1795bae86cab962648ea405b0119cffe37931866f42cb945c8968960,bfcf1f57015d6b3c69c82b5046bd2d114bedcc5ab2d8fb5abe93e43842115b4f,-0.5016303062438965,-0.9387762546539307,8,7,-0.4371459484100342,0.3924212423425893,0
333.jpg,1,77e15f68e56cb4ee79d541d367480b01b87d4d6a754b5ed4418b6f4302479124,c49c89f23be5ed41932c1af6ed89aa42acb94930d9ad75ec39ccb8143feb3639,-4.8347554206848145,-0.008368074893951416,8,7,4.826387345790863,0.992048310195523,1
2274.jpg,1,500b5755c1f7906874ff75430f6ba5118ba36b3ec9c57097cb3cba8dbd89b5c1,487e7b4d57920ba845ba4288452e26daa68837a72b7ca05d01401be76dc2dd53,-2.2534337043762207,-0.1130397617816925,8,7,2.140393942594528,0.8947677092728011,1
5213.jpg,1,81876b7d2462eac7429efa1cf17698435710815117112a6a2c9be0fc89c9601a,10d4e416f25c5d57d47d86869506d35a24e5b153001a4ad8fbf8bed89c22bcfe,-4.2378315925598145,-0.015320256352424622,8,7,4.22251133620739,0.985550083877464,1
876.jpg,1,23fdb8890fcbd501600cfb9f515f1a620550a8631a9d794a11094566316fe5e6,19019dc1e708748fc0d9a6a35db1339f840779b9b045ea63351670f39b6653ea,-7.223822116851807,-0.001096171559765935,8,7,7.222725945292041,0.9992707219526337,1
10453.jpg,0,c60283041546769c657d3b9cde57f25bb79a85b44b07bc6ddfa54cd2caedc45b,e472d208b89e1d4286dd9b574b8f309a479c38956b502c2527295baeeea42280,-0.0007224290166050196,-7.8566460609436035,8,7,-7.8559236319269985,0.0003872999862548409,0
9727.jpg,0,58fc7da69b429aa0660d685f204d4546a2cb492cf1cc5aba346e4e538f10ee3f,76ab984d2a9fe3e4f13d716c5e3bf6e220a098109592caf53410f52acacdbda0,-0.0001947800919879228,-9.796775817871094,8,7,-9.796581037779106,5.5638415015189645e-05,0
1711.jpg,1,b30fcda5b641b7762ff64be99f89ee061b2a82874ac774d4cebdc00c9539a742,426e4d1de9861abca212e96e54ecd372b85fcbd2ca9730617ebdd1b47c9092d4,-7.183121204376221,-0.001035540015436709,8,7,7.182085664360784,0.9992404963700607,1
11369.jpg,0,35f3e8431cd595525b5edb1ebda6bd468b287d6421a6febc330d65c4d0731c6c,40420b56e86afbc97369938bcca6be2c710f29fb8419104fc097ba67197c79c9,-0.02528708055615425,-3.753770351409912,8,7,-3.728483270853758,0.023465398069123455,0
9469.jpg,0,04a0efd9f6e1089917f72d3421962a47eb45c7d589f12d663ef9e5f9b04fc877,ad4d91fda738ea9c071bf431cc7749e577465d63f4abe0c82ba0f82328a5f975,-2.5686609745025635,-0.08206558972597122,8,7,2.4865953847765923,0.9231967476147364,1
36.jpg,0,e62b75e988984d8664c3cebdf4075a4f9caf27f0b378768125e11a942e399a7a,0761d956c1f03bea9434758b0f296751b83c015f9df75c81d985835dc145c849,-0.00028632048633880913,-9.871208190917969,8,7,-9.87092187043163,5.165241925039457e-05,0
1925.jpg,0,8335fabcde77a750aaf80f198ec3d9926e1b79f8391c644112e17bdfaf24e623,d7c24ffae66439239cc4db2d6dbbe7661565e37f8082a615bb258469f4c618b9,-0.022734539583325386,-3.8989310264587402,8,7,-3.876196486875415,0.020308534254905256,0
9248.jpg,1,f2bea4bee203ba3ea5f145f5df7a2cc59be9349fce3f309461c4ee0a42a92ff6,877b9b1915390cca6955a655663a23838dec58ba63a430429d12e10dcb2d0ae5,-4.046280860900879,-0.01833507791161537,8,7,4.0279457829892635,0.982500796399715,1
3426.jpg,0,9ea2ba49d4ec186a3db408112a2c94e6464666f062938da6e5de0d7ac9237319,fcf9a69e90b3fd79f0cd239ab0137bf27f371c37362659dd0be82530011bed37,-0.00014817430928815156,-10.797388076782227,8,7,-10.797239902472938,2.0455467370044263e-05,0
3961.jpg,0,dda0bd584ed2007634abb84191d00ceff7c8058e8c01dbc437deec98536d82b4,84c9c3d94ae56d2593c134c009760315d43ed9966001d76634f7d7c8f905b777,-0.0067924936302006245,-5.207432746887207,8,7,-5.200640253257006,0.005482806655810969,0
2937.jpg,1,7406eb6ecbaa2e421ff93a82f08f8f2a90a40c69ed88eb89478afe7d2c30ea2d,902704a7baa09fcf4a32b90ffad2144c8009765700cec6087ab7ac86aaf05f70,-4.999932289123535,-0.0073015098460018635,8,7,4.992630779277533,0.9932579795558188,1
11347.jpg,1,d227acb71580d6f4b9601562938751b10b124cffc0b9ea3393294f3b09b1d9aa,de83807d74bc3c2c4bd30f170b6dd7fa5a5838a9c4b539bbc4da16fb3dec42d9,-6.879275321960449,-0.0012049427023157477,8,7,6.8780703792581335,0.9989709301869759,1
4157.jpg,0,20d0f80bee74853dd25c534750459f0949b57ae18ff48c1429f30b6f25e256ae,6dc93502cea481266835de99ea4ea4d9ac300dafb100c4aa79f226b9d4404390,-0.0001605715515324846,-10.529708862304688,8,7,-10.529548290753155,2.6733983139441998e-05,0
6940.jpg,1,684e1c34fdba97140b9e774a70225e4870fda3547153eab83c04ad6da8f4f2d8,d776718874f853513ea6798754ab87819b720f8c70413803c0636b7193832d45,-3.150540351867676,-0.04484986513853073,8,7,3.105690486729145,0.9571268627328836,1
7895.jpg,0,d0faeab24f87cdcd87b00356bc34082484db8ba17aba3a58d55e080eb7b9741d,f01f4805624f08764b09e38827a4c4689a2c72a5fa3b2bcfe53e8f276752741f,-0.00030764882103540003,-8.711341857910156,8,7,-8.71103420908912,0.0001647306316938111,0
9476.jpg,1,0f00e1000caa60cb16dcf9d09a1fc54886dc1dfc9a83c07a6000f6c6e70925f2,8016b382c43bead76a85dc6adb9375ee959b3742e082ca3881b5c362e2cb4110,-6.465296268463135,-0.0018857712857425213,8,7,6.463410497177392,0.9984429600848728,1
5556.jpg,0,f192cd6a500867484db546848a702a36fe17069154e6dce861e8d1702bc07347,a47865c3ced891259c590bd179cf37b6768bc8f6193ff57fecd81e0857eca780,-0.04768814891576767,-3.1157896518707275,8,7,-3.06810150295496,0.04444238185668006,0
443.jpg,1,c857958bf85721f20cd3793aafa4e9f74b38e8882f7439318aeb30e0379ef170,a118e2558fc0d684d0fed48e0a90d57aac5d65c2f84a8b69f1a93b2b385d055e,-3.930434465408325,-0.020428579300642014,8,7,3.910005886107683,0.9803533434229827,1
4455.jpg,0,8779118748044d879e6653ca7391e09dfc70497e13dcdbed1e00f7f321cfd78a,7a6ff4273e4af5bfb7b5b80e611a35e6b326953328d54b774a8458eb40f3212f,-0.00012898258864879608,-11.02155590057373,8,7,-11.021426917985082,1.634737432119667e-05,0
5187.jpg,0,e57928d4234d413e040ec23426b0e298c094bfa893dfef5cbe59c44af0f7d280,b13335a6aff4db2bd710e13cfb0ea911169f21a00bc7d43c59372582d01f5c67,-0.3232177793979645,-1.2986327409744263,8,7,-0.9754149615764618,0.2738025022378861,0
10607.jpg,1,490bb7b46e5f3c9dc9634716091d7030f46173f9c49d8e4168ef410539ac0b11,8c8459aaa0ad5109bfac5c7664efb5e16720b0e33598cf9b9654975c0bca4842,-5.48628044128418,-0.004573718179017305,8,7,5.481706723105162,0.995855032391015,1
5513.jpg,0,4f3f4e458a2cf2e982a7ea45a118ed5f0b6ba1d50371965219ac0aa311659a16,b035de3d767ad195863ed84f3cee86d4959ac1edd6bafee69b6e242605ebc3af,-0.000797012762632221,-7.654752731323242,8,7,-7.65395571856061,0.00047394002636426164,0
13018.jpg,1,32edd055a21fd0e4ee9781df8f111200c5a4e2f48f900bf3266fc15db71b0fb4,02185447dad43eb2b7f15b63326adc2a03af0efbb1976849ca2caf76677a9d17,-2.4638373851776123,-0.0906747430562973,8,7,2.373162642121315,0.9147577943634997,1
5207.jpg,0,8b15af63d9a8b122db12499b55b21bf73d982faca9163501ac9af6155e4f3c59,c8e456427d9e78f8338a29094e69d2684d6fe847ea8919de55177eafc97d67e4,-0.007099819369614124,-5.118076324462891,8,7,-5.1109765050932765,0.005994046287651745,0
9997.jpg,0,e13ffa28ff315c3be7a2019b7786c6a07c47b465e980d438a4b23c3d02bf6965,0b18ef2179dda4eb219a9eb50e2121c40c92994e2456d6c4a51d245c1d4d31a5,-0.0031999803613871336,-5.918651580810547,8,7,-5.91545160044916,0.00269018474243514,0
13333.jpg,1,6f9f22b62464a148822f7895148dbf67d3f315088fad249d9bc54fe8b51666f0,e1aea19339940443f50c1a05ddb6f4b8f49af01726f6941178678fba1b301a8a,-3.958861827850342,-0.019854536280035973,8,7,3.939007291570306,0.9809042170043422,1
7210.jpg,1,8c81ff24dbcddf96bf9a2b972c6bf984ed6b22dd76c7d1e2b61396d31624cec4,e3682ac26fbb1d50de8469960cfc2c5d3baab673e3baea7a1eb61ef889809ef2,-5.350647449493408,-0.005373242311179638,8,7,5.345274207182229,0.9952520080923652,1
4761.jpg,0,4598133f26a329490048a062583b385b06ebae9928687d430df255cc4a5611c0,ab64ed8489b4a3d6532d20f4da3bfdac20dca8551ee4760846de4e01d5bedb70,-0.02869206666946411,-3.6559298038482666,8,7,-3.6272377371788025,0.025900839183841954,0
8899.jpg,1,3aec824b5b911dd4893a06fab83101e5a1b3a25ebb978788a0ea97398be29587,e117bad6ea9e46ceba6f7e1fcbd10d31ecb5df29bbc6bdc8e78ac24773a614d0,-4.820370197296143,-0.008532713167369366,8,7,4.811837484128773,0.9919327086079545,1
9955.jpg,1,30180f6d4d2c8796d213f4483dfeb17fd86967537fde446b2d9ed7ac4515d0c2,85425f842863b351eea01f8fe2e9a91409a5f850fcdf36d00f78767719c67e0c,-6.248048782348633,-0.002318893326446414,8,7,6.245729889022186,0.998065036328614,1
9562.jpg,1,eb6aa0679cad394a9858b4906b2c4dcb4175a7f22d08a678a84472b72c097cb7,aef28a98c34601705c5c00546f2c9115f805e755dbf731ebc6dc7f69443c40a0,-6.203698635101318,-0.0023242486640810966,8,7,6.201374386437237,0.997977455645815,1
9345.jpg,0,3194462c6cf3ae029b22a11cea0dcd54106c789eaeabcf8a80140a2e73cddd92,37db934a415b44ab342ab5f32a0cd6a9989534f85030a7eb01b026d740ff91be,-0.0003045551711693406,-8.851771354675293,8,7,-8.851466799504124,0.0001431510830177205,0
11615.jpg,1,6c603816c75366c2976f5ea9d0a65307ca583770cf605d08d9537cde994b72bd,5f71f802375db9b7feb935959d6d18af51b8d8fb94ab84e25904ccea80146980,-1.3946212530136108,-0.28884851932525635,8,7,1.1057727336883545,0.7513401786462887,1
2121.jpg,0,0fc9f5e7f2f6e7a573d517fc636ba9821f74541aebf5a1be02d3bec2af0e5c7b,21b872e1342810effb52fe14fb893de628be460cea95a138c0a0dd4c46e7ca31,-0.00017392064910382032,-10.204450607299805,8,7,-10.2042766866507,3.701032250314415e-05,0
4506.jpg,0,16548557a4097e4e8fa34ce9149757f45a0bc4d0a0ad4f9fa83889b52283683f,b4d8771284c52dbebe29a877914e44d64e77a7f642f2aa7ab4b14c75db37d1b8,-0.00037285490543581545,-8.795077323913574,8,7,-8.794704469008138,0.0001515104450855869,0
9146.jpg,1,f82a2eb7839bd05a7e324e35af34f97a8ff7b3936ad6eed3adc85d8ca29f3ba7,8dccf7ea337393c48fb3253544617acefa1b5623ef7d5aad9c2a6c5877f6b668,-6.131789684295654,-0.0025879484601318836,8,7,6.129201735835522,0.9978264156194923,1
7954.jpg,0,da08e16117f27808bc0100abb62f7ac45b7ac8113ef9357db442352494c3ac14,28815257b3ffeaaf809aaaeff65521a04d7d9fe7125bf211a847ee973c1d1500,-0.0007506771944463253,-8.05485725402832,8,7,-8.054106576833874,0.00031769323183828394,0
6852.jpg,1,001f4c62d889f9447d032194230934f48eea2c92e7dff4cae8d3647072bdaab8,32c06a89a61e62d72ab4bca3d097508be2390711e517a1ec1fc837306147ee87,-5.60717248916626,-0.003961249254643917,8,7,5.603211239911616,0.9963275287237958,1
8471.jpg,0,9079065cebda8c5832172a44c9db21d14c17f9de2ba81d2b345d8ddec7fb2b0a,467609c5a1f27934d3038ac213bac983cfe5d90b3114114622fd976d400094d2,-0.00023649878858122975,-9.549555778503418,8,7,-9.549319279714837,7.124467154649647e-05,0
13339.jpg,1,65b8af3a7d3b5cfce588afd043b545b7706e9201061f36d742db3dcb6c169cfe,9c5bf0e48d6e4606f463e2a347710919e86b8c473a9c286040349474df8f85a9,-2.6413912773132324,-0.0764724388718605,8,7,2.564918838441372,0.9285694043242271,1
7476.jpg,0,a378175b1b176e8b89d4a46b318b1f7448c2367d604327327defe5f29e5637d4,2e47ad5ef709587bba5dc1a3ab798a3cc37847ba51fadbf8aee88272892ab8cf,-0.5830379128456116,-0.8238186240196228,8,7,-0.24078071117401123,0.44009396571527104,0
4706.jpg,1,e8370130ebe27523b22d0f90cb256c7ffb9a75db27b736d0dd7dcc889c5d279b,ce04f63352eb183da93b584ae2646f4a5da7b8888c2a1bc44c798bc00b20f83b,-0.5491482019424438,-0.8684297800064087,8,7,-0.31928157806396484,0.42085084275317153,0
1204.jpg,0,437cff09d73f36742977d756f51458c130a79bb52ea24f98f9e7ac0aeb9228f7,6f556e9bae04da388cc72655a2aff3ae4aeace76d508d14dc8623f312ec94afc,-0.0008852720493450761,-7.439077854156494,8,7,-7.438192582107149,0.0005880016777662836,0
4886.jpg,1,a50dd53dba385367f275222abeb761bfb1662ff82317e3a8edc1ea4de02d93a9,b25aa09e3e852cff7b65bcd02e7252c310e144b2b41d065ef591e79765c9b839,-2.5515811443328857,-0.08240076899528503,8,7,2.4691803753376007,0.921952808492836,1
1124.jpg,0,d5bd97cb43daded2aa8304fb20dfc32afe93f60ae246ab8ef647e63eb0da6258,1fc2a75a9f29c1a6579f70a81f6c936b9da0c434cf06549609e571586225acea,-0.009239095263183117,-4.857858180999756,8,7,-4.848619085736573,0.0077782203462884595,0
624.jpg,0,f54742cffcdde48557299ee444e5101ea1d04eb0bf70d018041bfc5d01064f9b,23645d10989838e2de88d2199fc5e9f1da963e7d473b49c72301e825ad1bdd77,-0.03502253070473671,-3.4431958198547363,8,7,-3.4081732891499996,0.03204100338547622,0
4484.jpg,1,b17e50c9ce323ab96e5e16a918860e0349d9231357f97f5cdd9e410c718d7066,9c2fd110a3accc6524cc60f1c1d113aac25945627bef81669d6a8a8d5bea20d5,-2.624988079071045,-0.07680470496416092,8,7,2.548183374106884,0.927451377259414,1
1424.jpg,0,bc07fbaa0242eba37387be2ac689f8427d7ec51e21f0cff87d99a5abe2d96219,c57332339f2c2cc2e88289a03d36ec7584b8498d86bff5cc8744af0080b5790f,-0.03813660889863968,-3.3459646701812744,8,7,-3.3078280612826347,0.03530361489714627,0
599.jpg,1,1788060bb4d755da159deb504fddefcd7510d2488f5ab71787b369e02f6abe13,126f620bd891675f0d1e2d868c7db256b9540327139656661c224a240be37760,-0.03859620541334152,-3.3349575996398926,8,7,-3.296361394226551,0.03569622600310472,0
9162.jpg,0,61f9c679e4849bc763201e94b193a37d254ebb4e13bf7dbd19f3f608c9682c49,0ecd133cffccd437b0c355a38a862ed754dfac8bfed24e3db447989ecef27fba,-3.0930404663085938,-0.04749464988708496,8,7,3.045545816421509,0.9545898366909953,1
7473.jpg,0,f2dcb85536807f34a44de3f76869bc72dcb33dac84b2d817473ee1edda96ac4f,5dc44b31a1f6c2813026e739264b988ae3191c4abfad4cdd21c5298de0a996c3,-0.00011026679567294195,-10.802383422851562,8,7,-10.80227315605589,2.035277057739121e-05,0
7510.jpg,0,6bd089a7056c7cb7399b1603613381bd30dfcdace41e920c3710d211d82e558e,3aa381f3236be1e1cf795ace5744681dc3cc225bd40057520dbc13c0f43692bd,-0.0002931136405095458,-9.297578811645508,8,7,-9.297285698004998,9.166431842049994e-05,0
1233.jpg,0,7a865c832e038ce13ce746aa3f6a755e6458bef5c103953170b7e85eb62f260c,6f77f34a62fba65546e7be5d5120279e7804ea24905616e6f400486d28f19afc,-0.0001255248353118077,-10.414419174194336,8,7,-10.414293649359024,2.9999685805863987e-05,0
7481.jpg,0,9fbb27b154776c981f75918d00f272397badfa0ea010a04157c595198c984646,87f7eb794fb0248f926e17b2e8673df808b0fd5a8aec348b424e04f0a6fd3397,-0.36072829365730286,-1.2065845727920532,8,7,-0.8458562791347504,0.30030281931830344,0
5635.jpg,0,bd858642fdc7fe151dc9f1c22847b836ea1fcb523e46a675ffd6b7c5d22e86d0,545918cda63d3ba28372c6da74c6edc9ab3726598c99db7f6d1dab7b80d26878,-0.0001651010534260422,-10.522120475769043,8,7,-10.521955374715617,2.6937739132864973e-05,0
11071.jpg,1,fb488902ff9d4e81fdb25a3166ac45a313e6bf6e32420818a1c4be95110162e3,7fc2c0d2e984a09a5c72d379d82fdcb6505218727f9f3f6cae4c6c39b6164ddf,-0.39636141061782837,-1.1296762228012085,8,7,-0.7333148121833801,0.324467736619026,0
5494.jpg,0,9fe269bf070ed3e8faa8ba9becf50cf597d7afb3b501b052d1284dc543855940,1a176a5c7dfc272d99f1e351b88d6ee184adc1026645fbd50a0b28a9df689e09,-0.0068536242470145226,-5.163448810577393,8,7,-5.156595186330378,0.005728280182174584,0
9284.jpg,0,82ca9741a03c9df8441197e776d361ba118666e4f59bd88bbcabe59af8308678,6c1c0663093a7b642d868a9dc354ed78506f3e2a6d3c33b0b4c410b908079e69,-0.0019523054361343384,-6.4806318283081055,8,7,-6.478679522871971,0.0015334821997735396,0
3693.jpg,1,78283811a576547288105c28c36c836fecd9cff62a22ac52eee52d972237a580,a55ca542d45b76f1ea022f21cb313129e4b29002e2a27faf186ecf72ea737e53,-6.528920650482178,-0.001762024243362248,8,7,6.5271586262388155,0.998538980375686,1
13282.jpg,1,4c3373a22dc048b459e14d69a378c28ea4660ca194898ef7382b859927611d20,4a5f95698419db99c80448b48695241c2ce1458c890d7454f88179e6504c570d,-5.387907981872559,-0.004906973335891962,8,7,5.383001008536667,0.9954269939110418,1
8551.jpg,0,614797f94649312802bb27c9cc8f005b5c308739385022dfb5fde42ee2ab1736,e3539148199e5203945a285464b5e18ca81d33e178b28db616ee4ceda87af801,-0.09059447050094604,-2.480125904083252,8,7,-2.389531433582306,0.08397446829279424,0
2791.jpg,0,17eb6a1e9410f3d873e93ead362fdbf59e68af2b74ea292e5e4455fff2ec27c1,9de3817a365986d1414fe2f6e23204c36704945e146229488034d9c9d9867344,-0.0012312255566939712,-7.198284149169922,8,7,-7.197052923613228,0.0007482290332228198,0
3488.jpg,1,d73788caa6692571423977f428631802eaf4f0f4461c871410d9764447c038c9,dcea9123b5f7478825db4cbf22261742831a1d7e998dd4cf3a429aac8d82760a,-1.4839130640029907,-0.25978705286979675,8,7,1.224126011133194,0.772788835556249,1
1699.jpg,0,f1f63e29736b8dd5d20b437eb00fda77422be7f8c893dc47b82dc5e80a2a49c9,e81dc43a908f390972db29b304202dd9df7a3b54133d04580b11e3494ba86f0c,-0.0002753519802354276,-9.138427734375,8,7,-9.138152382394765,0.00010747418676389456,0
11208.jpg,1,3b8721b39bc8007b5930bed83028098ee0813d86d8b2c7ca4caf8b66d2ea1ea1,5c1eea451e3c6268718159dce3cd2920c4f279eb89ad9a9ee4d2118ac79b161a,-1.3685386180877686,-0.2973446547985077,8,7,1.0711939632892609,0.7448239083127454,1
11268.jpg,0,c2cc61c3a44d3a9029e48d6167e62a8fae346ab8577d001d311197379513518e,06739a1fdb7f2eaeeffd9f9d3389e4cb1b72a661136ca04bf00db37eaca07867,-0.03132839500904083,-3.607814073562622,8,7,-3.5764856785535812,0.027212594147980187,0
1388.jpg,0,8d56d2b51bd5f9a41c22b771190ddace874dcd725c116460dcaeb8177309f1ff,144fa2cad03e46ad2931398ba41dc978d246c3161d33f320e06a99b3bf951939,-1.347023844718933,-0.30460110306739807,8,7,1.042422741651535,0.739317205136809,1
4068.jpg,0,989acc547b9202f6e949aef3981b2b82ec088138e562404f6fe802e0c434519d,98af020369c93425b118a3bad05539e5d2c12bebb8428efe3572c86487539e31,-0.26139169931411743,-1.4846563339233398,8,7,-1.2232646346092224,0.22736244585629284,0
10856.jpg,1,6492b13c52f1117c3136150678d9be2d0210b231f9be925eaf2e54f81313bbc5,8d1dff3a0b1ddb2c6205812ffb5a3fa5da24fe1b109fe460ddd5ee7d1b70b6f9,-6.065890789031982,-0.002691312925890088,8,7,6.063199476106092,0.9976784581346744,1
8961.jpg,1,d393fa488b860e9d9bd3249c50402408b5b592627fcd05bed881b38da7314a91,860522a0e01e7663cde96f232ffa640b0f47da278c18d4008c90a40b33dc3672,-5.788198471069336,-0.003371128113940358,8,7,5.784827342955396,0.9969355784942521,1
11052.jpg,0,5f56bf76e46469cfbb68bb62bb86a9f054b37b8982b7dba717624499b771f536,e031f1722ebc2d87895d37a0d0e0545dda6a8b8019905eb978d711033d416fc6,-0.0036174054257571697,-5.775306224822998,8,7,-5.771688819397241,0.003104823302375364,0
8337.jpg,0,c361ac9b2b08529e939085b711d7918bde9aba1bc3d070d23e89ea3a72d28d45,e28d8bccc88eedf0b931fc67a6d0ac686565a73b67acf686615a797c489c01f5,-0.00016617286019027233,-10.172792434692383,8,7,-10.172626261832193,3.820040413467391e-05,0
10837.jpg,0,e69057d1918351fc37007a2641fc8e1858bda02b03aff8f17a8052c79b27b43f,c01031e1f0f65a03b9853a0556673b92b8490d5cef3e4335bbc2ba151a1e7a44,-0.005431746132671833,-5.465849876403809,8,7,-5.460418130271137,0.004233776500191166,0
4893.jpg,0,f3abab77d0a37366e1bb64622c5269236dd68d0cfaff6741ab8f6fb7263856ad,5a0ed5683f2f1debfe2db0b65b26597b5ba933a1fca2335a1bb04cd38d061593,-0.004192954394966364,-5.774233818054199,8,7,-5.770040863659233,0.0031099282066307946,0
7082.jpg,0,18a7626ef8499dff9ab24916accd5dbfcae84c3b9a4f2c2b7c3e69eec4f0e6c5,3d8214924ceb8461cde26ca06c1c659a16793b0485241f323a933a99ddc37c8d,-0.01882450096309185,-4.069002628326416,8,7,-4.050178127363324,0.017121035547415064,0
2090.jpg,1,e103e6417a7eedef0fcb21ac68cedbc19babe6278022809a1bccf0191b20e9f6,779675a300b1179b03082d93fb9f00e88b4a69157fb1f19f955a4ffb9dfdbfc9,-2.120107412338257,-0.13001172244548798,8,7,1.9900956898927689,0.8797532606909012,1
11083.jpg,1,924c76d22dd1aadba7cd8633d62b6660f3981c255c13932171943b5a5846a30d,091ed082e1a3c6bce47b4a70c98271f29b83d5f9cd360cc1f3f25f5edcc8c9fd,-4.308191299438477,-0.01436268724501133,8,7,4.293828612193465,0.9865313270250246,1
10729.jpg,0,f0833b150220bb01e79b8d0f93a0ae4296f01275335fa7e4001d3fbc4315a9d2,4dd60330b5e96687b1adec50c43775398d6762b703a56bedf219b283b9498f85,-0.0034996611066162586,-6.050532341003418,8,7,-6.047032679896802,0.002359289518096861,0
5864.jpg,0,b27ea31bae20c25b3dd0dd3a65032a9322297d361e8b1ef8b59dee9977ba2609,4bf1014763b1b2925ffbe2bba3de734c793362af1a5bad0099fdbf8cbba1840a,-0.38994523882865906,-1.1442933082580566,8,7,-0.7543480694293976,0.3198746172984388,0
4240.jpg,0,800cead870551ce96b2e0423b0c95c51ddc0956b416805e7db20aeedddfd6bef,cf5abae737dfdf6bb5ec0e231c2ff70139e6b4d233d638d28ce5aecba86f1ff7,-0.00017535062215756625,-9.998908042907715,8,7,-9.998732692285557,4.5455435626268156e-05,0
9347.jpg,1,276d93d6d89a28e588efab624ed53d4f6dadfbaa8b8fc2b1b46000126293161d,a4b60a97824a2337941a51433de49912e18eb4b130d185fb20691dfb5e8bc6de,-0.6377794742584229,-0.7578840255737305,8,7,-0.12010455131530762,0.4700099043590276,0
4923.jpg,1,87ab329d0de937084b5fadad31e8360947a74eb2f6b96fab600f220d04aa8760,85de387dc3b3c05293974330ad19b1f3791c08c57f40ef0a789d5e672c05b4c9,-2.4219019412994385,-0.09483887255191803,8,7,2.3270630687475204,0.9110937266432284,1
9209.jpg,0,3d77782d61c28ccd33bcd5ec95cd1f17b4f83cf8eca533b8578041e8f769d7ec,d9451f4aa837e802bca59537fd9cb8562cb88cbe204d01005738252c9e2dc6bd,-0.07081874459981918,-2.716675281524658,8,7,-2.645856536924839,0.06624484931377694,0
3778.jpg,0,8b1724d4d2b141b0a4ff8ba8e9c7644dd63c89fd2ed5cf8d98c6681ce7044854,1fe36a7a3c799e0530857214ae2d6d88800c465ca0d34be6ba57c22426947f38,-0.00024186316295526922,-9.85318374633789,8,7,-9.852941883174935,5.2589479168365645e-05,0
2280.jpg,1,1982434e0f9b7aba65a57108d299953759ba9e12f6f26e853d40af440a71cf4c,488280a65c0271e4a826c5228b97a488277679ee3d1f2c0fb63dc4603c42b1c5,-5.5956034660339355,-0.0040758890099823475,8,7,5.591527577023953,0.9962845295256118,1
5265.jpg,0,eb406a0a9b2351751eb4ee75951ecc9681e943b973bfb8e61a4bc8dbdf328001,a7c26cdac7f97ecae18cfbcdec1b93469e7ee2616328eff2a854e7e50e2394a5,-1.1689454317092896,-0.37584441900253296,8,7,0.7931010127067566,0.6884967900018485,1
13414.jpg,1,f3d0ba1e5c246560ba18273635f33a04059eb47db2cb4b6e03b51a248ac736a8,3df7c3eda16b116dddf2dcbfd87c5825b5461050150c91e8b7b851470af09062,-4.903560161590576,-0.00802577380090952,8,7,4.895534387789667,0.9925756226987236,1
1319.jpg,0,232910b6c16f319cb690b41bd0fe2c34959487e3a2a7ae902d07773bb661367d,be5c8e41ecd1396a75cf6d6977497bf11de0ec729a9db3b43cb1f9f8566b038b,-0.48899874091148376,-0.9582481384277344,8,7,-0.4692493975162506,0.3847939165296483,0
7824.jpg,1,e7d7871ff0e21d6a3443b123ed26d0b34b752480b09e440f658128bf08c4b893,a72840d35c0281e6d1aaf27ba47d6751fcda043c7fa1a28bed362845b6f20096,-0.2807968556880951,-1.4221364259719849,8,7,-1.1413395702838898,0.24207449918315174,0
3086.jpg,0,a53bcb65e50b7ccf26475cce940ea5115abc145e625a246d491f17244811477a,85c0915fc17488bdec9e54ae88df40b54b4db1a3dee8331b4592db1fec23b78e,-0.00015508700744248927,-10.285691261291504,8,7,-10.285536174284061,3.412192914970482e-05,0
4606.jpg,1,a01f66b7855284306794fd846995cf230ca6039205c9611b62888b56c3b01b37,fae15cbc0c5701816cea81a900464c9a5d326a27991add5ea60ccfbf4c63c3b7,-0.1545266956090927,-1.9668633937835693,8,7,-1.8123366981744766,0.14035595170386578,0
8157.jpg,0,632ba3d62c474651a9c48c1be6675d289f94161bcc9936a0755d7fe70dab750d,6108a8b43d951c7b12f3a7d6ec112457ca998aa026408d7cce2cd90b5ac0cfa1,-0.02824859879910946,-3.652092456817627,8,7,-3.6238438580185175,0.025986604623862757,0
2493.jpg,1,d6a3a01e43fc3756da81ffdc674101c166d07b6d5ec91b3dfb77832913ea4762,d12c4443cf9b5e0bb5c6b55b118448f79e0b80a973fc0f35ba3dce16ba92da8f,-4.228285789489746,-0.015120942145586014,8,7,4.21316484734416,0.9854163736159441,1
10987.jpg,1,9e7cd246e5ef3bfe3d2ce221e9d25627a796b55698047aa10a7817c399739851,a485ca09e9253023b3f134b5b12c0bca60dd50c7ca67f3a219f2772097f782d7,-0.9621223211288452,-0.4860552251338959,8,7,0.47606709599494934,0.6168187476866063,1
10660.jpg,0,c3ab0531343fccdf3284278a6a3e2eda760d358df48f4c351275073c0e2b4836,ec2646942975ca5952db77b22ff3133cd793feff307a50d57c7ec2ed70db6379,-1.5402047634124756,-0.24397817254066467,8,7,1.296226590871811,0.7851992395243304,1
2786.jpg,0,1cfa0dbc7333e20058b2843cdea27d28229486db9cee69fd48f4c1a09a858ab1,7eb5030a0370959ed90c3776409013c7bbe79cb2fda559a2e432a4feb7e4618b,-0.9704552888870239,-0.48257172107696533,8,7,0.4878835678100586,0.6196077284218081,1
6580.jpg,0,9f6b3c4917028207bd471552ce51d0244f81806a121644f46e31e48a3d6a6882,199acce7fd3c625062ce1e6e99d27e06f0b9bc66a3b3a559c6f20ccd31e4458d,-0.00014865056436974555,-10.509928703308105,8,7,-10.509780052743736,2.7267710514569833e-05,0
3123.jpg,0,c29b88ed4213c4def1f8af8ceb6872bd7397c003e1080160d6c6d0c0606ab91b,d107ffbd09548375a2769049c51e549f608acdbebb1a9ca393866a103cc8eead,-0.00017034352640621364,-9.690267562866211,8,7,-9.690097219339805,6.188955633703677e-05,0
6987.jpg,1,80ad0ea3be68c578e60805d540fdc8d959e625a75c4cc2a99a228dd8deb81654,4801592938047536e91b8a2757a77ac56c6e95770b761356ffd2334e1f4554b4,-2.9944989681243896,-0.052854474633932114,8,7,2.9416444934904575,0.9498670948862339,1
4586.jpg,1,e14ec8d658a2977973fd3ef2d93704e2157cc9893bb43ae39be3cdf0be05c788,2e3018e98dc413fae370482fe63f8641cd15b1bf2d16743485d95b1d446ed558,-4.378152847290039,-0.013465500436723232,8,7,4.364687346853316,0.9874411009302545,1
4394.jpg,1,2d225eeb0d27b269b732f51329d771fd7f3f426130f2e28d3d5b7e59493e7555,c260c556438377a643b4c8960f81e8ff577bd93c97b2e3588967b609c2da698d,-1.9925261735916138,-0.14886608719825745,8,7,1.8436600863933563,0.8633810046286655,1
6404.jpg,0,034e65d841a2dd09ae5bc96e9cfbcd60b084ef7bf75a7aaa5c956d6d0cd448d1,c7648814c76b157072158332661a72ad877ea2f339c2a352fcd4a819a55c91c2,-0.0014789897250011563,-6.766173362731934,8,7,-6.764694373006932,0.0011524703524680203,0
3703.jpg,0,0259763da2d16426a47280ef0cb650085bbfbfa347eab7d533a61f2136ff9d9c,86293746eff3228103381566d8e8666d7fbb21a0ecd77062f09cf19dbf56a70c,-0.00017296794976573437,-10.116985321044922,8,7,-10.116812353095156,4.039305284912873e-05,0
1817.jpg,0,d82c9134bbb2994862eb21970b49ef081638a5b141bd073a704ef29ca621ee5c,13bb77a064519dcf46b7ffcb78d9ad9a4c5008fa8711517dc54e1222f62266a4,-0.003495460841804743,-5.846808433532715,8,7,-5.84331297269091,0.002890840468149306,0
8914.jpg,1,e13b4ec53a68d4770b185ad1fef0c4af1468a0a5fba021d6b5f30fa8f33828da,77c382b36e0aacef4d4147a91f7f3078dbdcc6363e1eaad8d5ccba49a4069997,-0.6017281413078308,-0.8008661866188049,8,7,-0.19913804531097412,0.45037935990945727,0
5555.jpg,1,92814f04616beade8edf2b182afc396f73244a5a078634cf14443ae7ace6011d,d35a2fce97d1125288d6429b5d9d59c3ab9192b4902bcaba0689fd8928ad8050,-1.867063045501709,-0.17029136419296265,8,7,1.6967716813087463,0.8451126274496574,1
2332.jpg,0,66c40495c27fe1bbc069a3faec2d7f1db5ad3c15953bd8cdb6d060746974c2f7,d34b97fd1eb581c28320b9142427bb5742fade55c3e2eab46d1f45bdcea534f7,-0.00014185548934619874,-10.144392013549805,8,7,-10.144250158060458,3.92998656095855e-05,0
7319.jpg,1,80bbec06072914f16b47e4838e7e47bc71600a2688247e2f498d482ab3014293,2e7a02e2ed5432e0b3a528b78016114cfbbc3fc51439b207830dc7e7bf57170b,-5.511118412017822,-0.004699469543993473,8,7,5.506418942473829,0.9959557992721824,1
9638.jpg,0,4b1e4cff796dee1c1d153ae705c2d91bd5e92c874370266f93403fb1a1f7fe90,f5f5ab27ffd0977e322caff677af51044ee4a9d6c18407098678927d0c77f004,-0.00011837271449621767,-10.832390785217285,8,7,-10.832272412502789,1.975128186868705e-05,0
3338.jpg,0,f28687a5ff17207d06b6ce53fd48e0aa7ab67d2cb0ff37210e75f250269142aa,8e9274acaff0079064d928a46cd908afccdac770083ea8693398641a8c3e25dd,-0.01038781926035881,-4.698118209838867,8,7,-4.687730390578508,0.009123554350184745,0
10292.jpg,1,c53a2d36f2ef038a031adfee909fb52f617ebabc44c5c4b0666618453e62c2aa,95f35c4f669cd740d75bfb3352d2cf7cdce0424fd3175969448e273740c96a93,-6.123786926269531,-0.00244364095851779,8,7,6.1213432853110135,0.9978093048895962,1
5280.jpg,0,1168b4e5610fb73cc26c2589fdfe8c1e93ff8ad2c3af5cc6e73ce42b5191880c,b8b66d1ff1e472e6aa17ae5db6c0e53d2604cf426ae365e826862335d4c42d96,-0.334121972322464,-1.2739613056182861,8,7,-0.9398393332958221,0.28093279765158663,0
1374.jpg,1,bd968826550ac0f0010827399466c34c1e8d1c0df17a09c4247504338dd40a71,1a9f30dc6e280483844d7be196254259739a520677c2aaecd356416777e3b104,-3.4476518630981445,-0.03358379006385803,8,7,3.4140680730342865,0.9681413162074506,1
11721.jpg,1,e1b0c13c3559bffc04021f91ae9b84eb65ef420e1a5bce4086b90b8b67833c81,4f485bc9c1005fceec75dd320b9f501838be7c8a415779d0d3b3cc637400ad75,-3.9404537677764893,-0.020532557740807533,8,7,3.9199212100356817,0.9805434123315047,1
8798.jpg,1,7ef9f2e64306f00fe01aea18a7b094ebbece4338414d15beee63774e00aa2e76,eee7ae44d00893edfe426793c0206cbffc59b7ae315edbc90e6896f350667b33,-2.449066638946533,-0.09183342009782791,8,7,2.3572332188487053,0.9135074476832901,1
365.jpg,0,beba3ab3dc98718738bdae31b552baac8c897764ec984fdc1ac7a4a5d4198321,e1c655a56967a7135843b49cc497a9b010e59b8881f7246c7300d936c04c1a36,-0.0059137907810509205,-5.300995349884033,8,7,-5.295081559102982,0.00499116851593494,0
1694.jpg,1,bf1cb96776d470e55c0e5d7064da20d48066d445a62f40de23b4e83e2ebd5d85,ca21a20648fe372acceea2e751a10dd44c15b3feadb4dc434419b365889b9fb2,-3.2083590030670166,-0.042327169328927994,8,7,3.1660318337380886,0.9595357938058485,1
7267.jpg,0,33b22b011ec8279c74226f352d0ebc177cbc7d8ca07e46f95f090d4067b343a5,f396086a43089185fe35357889cad520b9b26fd6a7b47127c152a66cdf79c3c5,-1.4437413215637207,-0.272114634513855,8,7,1.1716266870498657,0.7634389211852942,1
8598.jpg,0,30fc715436c93521b7dc888df07e55b1c5bebca16dc3c805b220820997fb3c31,28e6ed6136164de30ee9bf387fecde03093d9ca4d6e4ae9f85d8eb8547f435d1,-1.802030324935913,-0.18340954184532166,8,7,1.6186207830905914,0.834604831100857,1
13252.jpg,1,aeb6431dd356d9ff1afd7e878ac11284b828d1e8a5799ed8391e211897bcf96d,fd4acd6bfd1afaea5c72f74c175385847a6fe5bb537fdfdce3d115b5a48e88fb,-3.7369942665100098,-0.025149540975689888,8,7,3.71184472553432,0.976150295197492,1
7921.jpg,0,9826cd67f8b61e00305593dbd5533546856335ffcb70fc234496510584012926,563230368bbd354917259d0ca9e68512237f041b48d4dc2b40ec578f0b9d3638,-0.00017439817020203918,-10.241661071777344,8,7,-10.241486673607142,3.565852416164056e-05,0
10509.jpg,1,6a61f3ea4d7a548bb6c06c6d7320635bb6504b79932205d11c47ace72695d0a3,5045dae44477eb75ff0615f4f5c5f5701ef8d9fe76559b8d85de91d91a87448f,-4.39253044128418,-0.013770596124231815,8,7,4.378759845159948,0.9876144246412667,1
9981.jpg,1,39395b70a35a63dd622b4c02b86e19c394597729bd0dc9c69ac13cc886bff01b,0a0336ef5ba9bef8adcff6a7cc6c04f7b7514d2307037d59dc6da64f089d0fb9,-3.5871336460113525,-0.029012545943260193,8,7,3.5581211000680923,0.9722970133951157,1
11541.jpg,0,f9a036f928a46789e1570502e3449f587b9fb0c0c8123810ea75b5f30ff90f1d,b4437edc26ad9e9ad6edc618e7d0673b455b975ed2bd6e3dd111c168e613782d,-0.00014388252748176455,-10.299301147460938,8,7,-10.299157264933456,3.366031786579861e-05,0
11589.jpg,0,0e53225321375f24b161399cca529fc797d4e09560de769a84528aa095fc2cb7,fb14c945222558520dd6a9c99de1632da965d54aea528dd3d0b8f389440504d9,-1.003068447113037,-0.46087178587913513,8,7,0.542196661233902,0.632323269003394,1
4352.jpg,0,e9313663c6049dc7809a2bc30f55c2f4b9ec4341d8232a5668d29b0f9e3c3e5f,08125f2eca272a7518bdb2fe0babfae8c3230b438298dd22bd60fdf864054e17,-0.00016092826263047755,-10.284273147583008,8,7,-10.284112219320377,3.4170550188675604e-05,0
2060.jpg,1,a9c0a3f1de5703eba5e4db0bb8a82ac4238674acc6fcb9be4abc65a2bde1d7ba,04063b9d52f7d63eb141ee6e0d869b7591ae9b29f3d3ed7ef2ffeedd5b0b1b75,-3.4180357456207275,-0.03498512879014015,8,7,3.3830506168305874,0.9671706054102782,1
6015.jpg,1,641f5b50de992b4c6781f362b43506ff7bb57a0d1c4d69891b5fb940afe857dc,ef363b0b5bb4d260e63063017ed6a9bf3c7f073e398a1097c5785bb8a493bfef,-1.357325792312622,-0.30155688524246216,8,7,1.05576890707016,0.7418811480276083,1
13471.jpg,1,29be2a04dfc7743924c8172b86398df639065ae315c2ee124d7f7e30495d0bad,b4c4c7f44b7c6d5695a875c53b2e8e1d5d292e6890b450cd1c72c257902d676a,-5.018378734588623,-0.007014943286776543,8,7,5.0113637913018465,0.9933822742561379,1
1866.jpg,1,1006dc9a7725de894c59ad3cf874c6304e020ef0bbe28ceb40cc1091eddbe8cc,963a3a21765be5af9b9fd6601eed3044798a08ee8182677ee88f8f4423ee0c49,-0.0402224063873291,-3.285085678100586,8,7,-3.244863271713257,0.03751190775406653,0
5652.jpg,0,0ecebd30497f2c485d4840a646c5cdef4c393a47dc50df67c15758536b7197a8,4ecdc3cca06072b0390679af356ecb397ae69315d78274118af79433a44494fd,-0.0001820269535528496,-10.231908798217773,8,7,-10.23172677126422,3.600823915951901e-05,0
6761.jpg,0,3e32432f675f94dc362751d08f95180e9e75e17263505d3aa06fe3058c25bb7b,f6831ec922f5dcfaa2f296bcaabc36a29e2f4f6705458de9896fa11bd14b932c,-1.463333249092102,-0.26715245842933655,8,7,1.1961807906627655,0.7678446707256945,1
1625.jpg,1,16ce8a33b96f48911135d846a2c6f8f4d4be5e05b288fb1335be815202a34de1,9377afc45fe73738817cbcf841687a63d8aae1da269dc5927fd017eaab6f2b4e,-4.2576494216918945,-0.014813886024057865,8,7,4.242835535667837,0.9858366849957245,1
9396.jpg,0,49c2e325420a813fb862a1fbd2ebd3eca1ed4cb12843d8aa8fbfa3fccd5e4fb1,16903962c8d12e7535ee2770b2038822c294e1352a4531519f7a3581fa9e1e44,-0.7028769850730896,-0.6885377764701843,8,7,0.014339208602905273,0.5035847407285243,1
5956.jpg,0,a8665c733f092422a4b7ef6fc9bf0fff8750d632efed310cab0ba1b18b836e84,7eb518c4725e9b737aece82daa4cc07aa411839dfe2941ca5c34f6918d46a8dc,-0.5708697438240051,-0.8398907780647278,8,7,-0.26902103424072266,0.43314744546863654,0
8475.jpg,1,432507b63052d16359ccee82567e59b65fed892010db5555229b3babfaab62a0,9feaef09f24f9385209b45a71bb1a6c5983a2be8c1a58085756ef7480fa9a3fd,-4.005153656005859,-0.019189927726984024,8,7,3.9859637282788754,0.9817641868577814,1
4912.jpg,1,1641b3a6e02546d331325987c9e70065cea3e92210b9a272b5fd77ed5c769d4e,7c434a0ef1d5821f9431e2b7ea87fa7a359cc26d45a0c6b7fce7275092492c18,-6.176573276519775,-0.0024455776438117027,8,7,6.174127698875964,0.997921706500673,1
3234.jpg,1,42b32a24a8494816ea67250632bf020814dce6c147472ccc3feb3a1c7db00ba1,8b672240af8a04da44366016b4758cf5209c9a8911484859e2e31fff3832899a,-5.121860027313232,-0.006618831306695938,8,7,5.1152411960065365,0.994031309784585,1
9610.jpg,0,0c0c6f97c11605df91cbe3c8e4b3716cfe288a0f330ea5f31b462094386ac19d,2a4e917b1b85070a36c39e0b7bbff9ff67ce275101781289293aea6f2237158a,-0.06817630678415298,-2.767673969268799,8,7,-2.699497662484646,0.06300300435288396,0
5186.jpg,1,3436a403caa58db27d4683f21d5ad649aef28737275d67ae281c6ffe77896c08,16e1ef831120d69c2529fe7298c5dd995c04eb76ce83813d9f39117ba75d2017,-3.64168119430542,-0.027388308197259903,8,7,3.61429288610816,0.9737705502673815,1
5595.jpg,0,f11d58cfbeb995e444867d3b64f8ea8c53caf63e4cc7d18099e167f5410d11a0,f5939b18e6f67cf66d6e6fd855db12bb7d2bfafb2915921d1b5e2db05735a9d6,-0.00028834491968154907,-9.246166229248047,8,7,-9.245877884328365,9.649934006717971e-05,0
1432.jpg,1,6218f7ea402307770993d3978a0d4ec836b9cb2e9b4f17c08a45644948f63829,fb876e033c094a9dca0cb9a4b2aa614c07a530c40d6cf4b9c32cf1a7471aa75a,-5.254781246185303,-0.005670182406902313,8,7,5.2491110637784,0.994775256139994,1
7814.jpg,1,76943b39644c3f3192627ccd18da5b571e474f6864069b8f6d25f5dee5464dcf,1a85fb99bad63516d038d4e004493d9282084488e57e43f2fddbc62c140d2967,-0.012574032880365849,-4.496153831481934,8,7,-4.483579798601568,0.011166808537755195,0
3982.jpg,1,72e1a76f3d0ca51f3b2164face1df86ca8f13a51053b2de43ef6bb177e27137f,58729e77a6f0a8c7f09ad841755640ef84e30c8e4c936ec44c03ead387a454d3,-0.4130067825317383,-1.0893452167510986,8,7,-0.6763384342193604,0.33707901547829877,0
