threshold,n,true_negatives,false_positives,false_negatives,true_positives,precision,recall,false_positive_rate,accuracy,macro_f1
0.0,999,0,499,0,500,0.5005005005005005,1.0,1.0,0.5005005005005005,0.333555703802535
7.796076346795052e-06,999,0,499,0,500,0.5005005005005005,1.0,1.0,0.5005005005005005,0.333555703802535
9.125118966919276e-06,999,1,498,0,500,0.501002004008016,1.0,0.9979959919839679,0.5015015015015015,0.33577837116154874
1.0629880399188439e-05,999,2,497,0,500,0.5015045135406219,1.0,0.9959919839679359,0.5025025025025025,0.3379933519734079
1.0964680423269283e-05,999,2,497,1,499,0.501004016064257,0.998,0.9959919839679359,0.5015015015015015,0.33754021347764024
1.163547080870381e-05,999,3,496,1,499,0.5015075376884423,0.998,0.9939879759519038,0.5025025025025025,0.33974347892577644
1.270605117743336e-05,999,4,495,1,499,0.5020120724346077,0.998,0.9919839679358717,0.5035035035035035,0.3419391853126793
1.3183177138840236e-05,999,5,494,1,499,0.5025176233635448,0.998,0.9899799599198397,0.5045045045045045,0.344127379918166
1.388694079337193e-05,999,6,493,1,499,0.5030241935483871,0.998,0.9879759519038076,0.5055055055055055,0.34630810965465353
1.4384158922728711e-05,999,7,492,1,499,0.5035317860746721,0.998,0.9859719438877755,0.5065065065065065,0.34848142107080354
1.5162776068595587e-05,999,8,491,1,499,0.5040404040404041,0.998,0.9839679358717435,0.5075075075075075,0.35064736035512345
1.5385643480241286e-05,999,9,490,1,499,0.5045500505561172,0.998,0.9819639278557114,0.5085085085085085,0.3528059733395259
1.5761494795389306e-05,999,10,489,1,499,0.5050607287449392,0.998,0.9799599198396793,0.5095095095095095,0.35495730550284627
1.5886831262886938e-05,999,11,488,1,499,0.5055724417426545,0.998,0.9779559118236473,0.5105105105105106,0.35710140197431883
1.607906080277372e-05,999,12,487,1,499,0.5060851926977687,0.998,0.9759519038076152,0.5115115115115115,0.35923830753701214
1.622984820890272e-05,999,13,486,1,499,0.5065989847715736,0.998,0.9739478957915831,0.5125125125125125,0.3613680666312245
1.634737432119667e-05,999,14,485,1,499,0.5071138211382114,0.998,0.9719438877755511,0.5135135135135135,0.36349072335784033
1.6863689428633436e-05,999,15,484,1,499,0.5076297049847406,0.998,0.969939879759519,0.5145145145145145,0.36560632148164635
1.804130909305106e-05,999,16,483,1,499,0.5081466395112016,0.998,0.9679358717434869,0.5155155155155156,0.3677149044346107
1.8107740019306394e-05,999,17,482,1,499,0.508664627930683,0.998,0.9659318637274549,0.5165165165165165,0.36981651531912285
1.823690551355714e-05,999,18,481,1,499,0.5091836734693878,0.998,0.9639278557114228,0.5175175175175175,0.3719111969111969
1.9040307783181754e-05,999,19,480,1,499,0.5097037793667007,0.998,0.9619238476953907,0.5185185185185185,0.37399899166363776
1.914202904319632e-05,999,20,479,1,499,0.5102249488752556,0.998,0.9599198396793587,0.5195195195195195,0.37607994170917036
1.9205778437617595e-05,999,21,478,1,499,0.510747185261003,0.998,0.9579158316633266,0.5205205205205206,0.3781540888635339
1.9313517113769068e-05,999,22,477,1,499,0.5112704918032787,0.998,0.9559118236472945,0.5215215215215215,0.3802214746285394
1.9401906278588792e-05,999,23,476,1,499,0.5117948717948718,0.998,0.9539078156312625,0.5225225225225225,0.3822821401950935
1.9439373486363203e-05,999,24,475,1,499,0.5123203285420944,0.998,0.9519038076152304,0.5235235235235235,0.38433612644618687
1.975128186868705e-05,999,25,474,1,499,0.512846865364851,0.998,0.9498997995991983,0.5245245245245245,0.3863834739598487
1.9916415314483793e-05,999,26,473,1,499,0.5133744855967078,0.998,0.9478957915831663,0.5255255255255256,0.3884242230120681
1.9973058044888842e-05,999,27,472,1,499,0.513903192584964,0.998,0.9458917835671342,0.5265265265265265,0.39045841357968153
2.011351231751766e-05,999,28,471,1,499,0.5144329896907216,0.998,0.9438877755511023,0.5275275275275275,0.3924860853432282
2.0231042833392815e-05,999,29,470,1,499,0.5149638802889577,0.998,0.9418837675350702,0.5285285285285285,0.3945072776897727
2.03045102966558e-05,999,30,469,1,499,0.515495867768595,0.998,0.9398797595190381,0.5295295295295295,0.39652202971569583
2.035277057739121e-05,999,31,468,1,499,0.516028955532575,0.998,0.9378757515030061,0.5305305305305306,0.3985303802294548
2.0455467370044263e-05,999,32,467,1,499,0.5165631469979296,0.998,0.935871743486974,0.5315315315315315,0.4005323677543107
2.1090942344753878e-05,999,33,466,1,499,0.5170984455958549,0.998,0.9338677354709419,0.5325325325325325,0.40252803053102726
2.1363941728064398e-05,999,34,465,1,499,0.5176348547717843,0.998,0.9318637274549099,0.5335335335335335,0.40451740652053786
2.1431999093625653e-05,999,35,464,1,499,0.5181723779854621,0.998,0.9298597194388778,0.5345345345345346,0.4065005334065836
2.315853052713735e-05,999,36,463,1,499,0.5187110187110187,0.998,0.9278557114228457,0.5355355355355356,0.4084774485983217
2.3324131976412064e-05,999,37,462,1,499,0.5192507804370448,0.998,0.9258517034068137,0.5365365365365365,0.41044818923290466
2.3361800436979134e-05,999,38,461,1,499,0.5197916666666667,0.998,0.9238476953907816,0.5375375375375375,0.4124127921780313
2.3687067662741538e-05,999,39,460,1,499,0.5203336809176226,0.998,0.9218436873747495,0.5385385385385385,0.41437129403446843
2.411886059650281e-05,999,40,459,1,499,0.5208768267223383,0.998,0.9198396793587175,0.5395395395395396,0.4163237311385459
2.4300811312726664e-05,999,41,458,1,499,0.5214211076280042,0.998,0.9178356713426854,0.5405405405405406,0.41827013956462333
2.4304583263565365e-05,999,42,457,1,499,0.5219665271966527,0.998,0.9158316633266533,0.5415415415415415,0.4202105551275293
2.461303997053026e-05,999,43,456,1,499,0.5225130890052356,0.998,0.9138276553106213,0.5425425425425425,0.4221450133849747
2.4624708453715506e-05,999,44,455,1,499,0.5230607966457023,0.998,0.9118236472945892,0.5435435435435435,0.4240735496399385
2.4885295833680777e-05,999,45,454,1,499,0.5236096537250787,0.998,0.9098196392785571,0.5445445445445446,0.42599619894302837
2.5116826538053283e-05,999,46,453,1,499,0.5241596638655462,0.998,0.9078156312625251,0.5455455455455456,0.42791299609481426
2.5255634144591244e-05,999,47,452,1,499,0.5247108307045215,0.998,0.905811623246493,0.5465465465465466,0.42982397564813773
2.543851750907153e-05,999,48,451,1,499,0.5252631578947369,0.998,0.9038076152304609,0.5475475475475475,0.43172917191039517
2.549679472292043e-05,999,49,450,1,499,0.5258166491043204,0.998,0.9018036072144289,0.5485485485485485,0.4336286189457964
2.5656299615344243e-05,999,50,449,1,499,0.5263713080168776,0.998,0.8997995991983968,0.5495495495495496,0.43552235057759925
2.6649210480090464e-05,999,51,448,1,499,0.5269271383315733,0.998,0.8977955911823647,0.5505505505505506,0.43741040039031875
2.6733983139441998e-05,999,52,447,1,499,0.5274841437632135,0.998,0.8957915831663327,0.5515515515515516,0.4392928017319141
2.688938747629506e-05,999,53,446,1,499,0.5280423280423281,0.998,0.8937875751503006,0.5525525525525525,0.44116958771595016
2.6937739132864973e-05,999,54,445,1,499,0.5286016949152542,0.998,0.8917835671342685,0.5535535535535535,0.4430407912237367
2.7038432415326068e-05,999,55,444,1,499,0.5291622481442205,0.998,0.8897795591182365,0.5545545545545546,0.4449064449064449
2.7267710514569833e-05,999,56,443,1,499,0.529723991507431,0.998,0.8877755511022044,0.5555555555555556,0.44676658118720003
2.770111439154302e-05,999,57,442,1,499,0.5302869287991498,0.998,0.8857715430861723,0.5565565565565566,0.4486212322631526
2.785879279042302e-05,999,58,441,1,499,0.5308510638297872,0.998,0.8837675350701403,0.5575575575575575,0.45047043010752685
2.8118530823990853e-05,999,59,440,1,499,0.531416400425985,0.998,0.8817635270541082,0.5585585585585585,0.4523142064716479
2.8894782593743435e-05,999,60,439,1,499,0.5319829424307037,0.998,0.8797595190380761,0.5595595595595596,0.45415259288694615
2.8993039669420708e-05,999,61,438,1,499,0.5325506937033084,0.998,0.8777555110220441,0.5605605605605606,0.45598562066694204
2.9009813772548536e-05,999,62,437,1,499,0.5331196581196581,0.998,0.875751503006012,0.5615615615615616,0.4578133209092081
2.930161339554256e-05,999,63,436,1,499,0.5336898395721925,0.998,0.87374749498998,0.5625625625625625,0.45963572449731094
2.962209640608485e-05,999,64,435,1,499,0.5342612419700214,0.998,0.8717434869739479,0.5635635635635635,0.461452862102733
2.9863800850595856e-05,999,65,434,1,499,0.5348338692390139,0.998,0.8697394789579158,0.5645645645645646,0.4632647641867732
2.9999685805863987e-05,999,66,433,1,499,0.5354077253218884,0.998,0.8677354709418837,0.5655655655655656,0.4650714610024281
3.027652860242604e-05,999,67,432,1,499,0.5359828141783028,0.998,0.8657314629258517,0.5665665665665666,0.46687298259625304
3.0322261970104127e-05,999,68,431,1,499,0.5365591397849462,0.998,0.8637274549098196,0.5675675675675675,0.4686693588102039
3.0435341367892845e-05,999,69,430,1,499,0.5371367061356297,0.998,0.8617234468937875,0.5685685685685685,0.4704606192834593
3.0609768675085515e-05,999,70,429,1,499,0.5377155172413793,0.998,0.8597194388777555,0.5695695695695696,0.47224679345422377
3.121476460601679e-05,999,71,428,1,499,0.5382955771305286,0.998,0.8577154308617234,0.5705705705705706,0.4740279105615126
3.126027177401303e-05,999,72,427,1,499,0.5388768898488121,0.998,0.8557114228456913,0.5715715715715716,0.4758039996469169
3.1541561142590736e-05,999,73,426,1,499,0.5394594594594595,0.998,0.8537074148296593,0.5725725725725725,0.47757508955635164
3.2937246089606294e-05,999,74,425,1,499,0.54004329004329,0.998,0.8517034068136272,0.5735735735735735,0.47934120894178445
3.3284979387930505e-05,999,75,424,1,499,0.5406283856988082,0.998,0.8496993987975952,0.5745745745745746,0.4811023862629472
3.337898885766676e-05,999,76,423,1,499,0.5412147505422994,0.998,0.8476953907815631,0.5755755755755756,0.4828586497890296
3.3490485825464717e-05,999,77,422,1,499,0.5418023887079262,0.998,0.845691382765531,0.5765765765765766,0.48461002760035465
3.3519537988365346e-05,999,78,421,1,499,0.5423913043478261,0.998,0.843687374749499,0.5775775775775776,0.4863565475900385
3.366031786579861e-05,999,79,420,1,499,0.5429815016322089,0.998,0.8416833667334669,0.5785785785785785,0.48809823746563114
3.379695071853428e-05,999,80,419,1,499,0.5435729847494554,0.998,0.8396793587174348,0.5795795795795796,0.4898351247507417
3.3842183771433596e-05,999,81,418,1,499,0.5441657579062159,0.998,0.8376753507014028,0.5805805805805806,0.49156723678664654
3.412192914970482e-05,999,82,417,1,499,0.5447598253275109,0.998,0.8356713426853707,0.5815815815815816,0.4932946007338808
3.4170550188675604e-05,999,83,416,1,499,0.5453551912568306,0.998,0.8336673346693386,0.5825825825825826,0.49501724357381405
3.437638499729128e-05,999,84,415,1,499,0.5459518599562363,0.998,0.8316633266533067,0.5835835835835835,0.496735192110209
3.438978748957799e-05,999,85,414,1,499,0.5465498357064622,0.998,0.8296593186372746,0.5845845845845846,0.498448472970766
3.44046675571734e-05,999,86,413,1,499,0.5471491228070176,0.998,0.8276553106212425,0.5855855855855856,0.5001571126086494
3.508018732873253e-05,999,87,412,1,499,0.5477497255762898,0.998,0.8256513026052105,0.5865865865865866,0.5018611373040011
3.538736390556461e-05,999,88,411,1,499,0.5483516483516484,0.998,0.8236472945891784,0.5875875875875876,0.5035605731654365
3.55007660249434e-05,999,89,410,1,499,0.5489548954895489,0.998,0.8216432865731463,0.5885885885885885,0.5052554461315265
3.565852416164056e-05,999,90,409,1,499,0.5495594713656388,0.998,0.8196392785571143,0.5895895895895896,0.506945781972265
3.572247761633158e-05,999,91,408,1,499,0.5501653803748622,0.998,0.8176352705410822,0.5905905905905906,0.5086316062905198
3.5859405187104575e-05,999,92,407,1,499,0.5507726269315674,0.998,0.8156312625250501,0.5915915915915916,0.5103129445234709
3.5974161120707594e-05,999,93,406,1,499,0.5513812154696133,0.998,0.8136272545090181,0.5925925925925926,0.5119898219440326
3.600823915951901e-05,999,94,405,1,499,0.5519911504424779,0.998,0.811623246492986,0.5935935935935935,0.5136622636622636
3.612561583398897e-05,999,95,404,1,499,0.5526024363233666,0.998,0.8096192384769539,0.5945945945945946,0.5153302946267602
3.613938154203712e-05,999,96,403,1,499,0.5532150776053215,0.998,0.8076152304609219,0.5955955955955956,0.5169939396260376
3.701032250314415e-05,999,97,402,1,499,0.5538290788013318,0.998,0.8056112224448898,0.5965965965965966,0.518653223289897
3.709980498991027e-05,999,98,401,1,499,0.5544444444444444,0.998,0.8036072144288577,0.5975975975975976,0.5203081700907788
3.73275154624492e-05,999,99,400,1,499,0.5550611790878754,0.998,0.8016032064128257,0.5985985985985987,0.5219588043451022
3.737401637941756e-05,999,100,399,1,499,0.5556792873051225,0.998,0.7995991983967936,0.5995995995995996,0.5236051502145923
3.765758412486554e-05,999,101,398,1,499,0.5562987736900781,0.998,0.7975951903807615,0.6006006006006006,0.525247231707593
3.7709372979769724e-05,999,102,397,1,499,0.5569196428571429,0.998,0.7955911823647295,0.6016016016016016,0.5268850726803682
3.8003869638306986e-05,999,103,396,1,499,0.5575418994413408,0.998,0.7935871743486974,0.6026026026026026,0.5285186968383887
3.8024768797738796e-05,999,104,395,1,499,0.558165548098434,0.998,0.7915831663326653,0.6036036036036037,0.5301481277376077
3.820040413467391e-05,999,105,394,1,499,0.5587905935050392,0.998,0.7895791583166333,0.6046046046046046,0.5317733887857232
3.891101158924198e-05,999,106,393,1,499,0.5594170403587444,0.998,0.7875751503006012,0.6056056056056056,0.5333945032434277
3.92998656095855e-05,999,107,392,1,499,0.5600448933782267,0.998,0.7855711422845691,0.6066066066066066,0.5350114942256469
3.942003399768137e-05,999,108,391,1,499,0.5606741573033708,0.998,0.7835671342685371,0.6076076076076076,0.5366243847027641
3.949982003018487e-05,999,109,390,1,499,0.5613048368953881,0.998,0.781563126252505,0.6086086086086087,0.5382331975018353
3.955414706033288e-05,999,110,389,1,499,0.5619369369369369,0.998,0.779559118236473,0.6096096096096096,0.5398379553077904
3.9853842009774485e-05,999,111,388,1,499,0.5625704622322435,0.998,0.7775551102204409,0.6106106106106106,0.5414386806646236
3.986027986590476e-05,999,112,387,1,499,0.5632054176072234,0.998,0.7755511022044088,0.6116116116116116,0.5430353959765725
3.9922973223253914e-05,999,113,386,1,499,0.5638418079096045,0.998,0.7735470941883767,0.6126126126126126,0.5446281235092845
3.993351578149728e-05,999,114,385,1,499,0.5644796380090498,0.998,0.7715430861723447,0.6136136136136137,0.5462168853909736
4.0031850234694305e-05,999,115,384,1,499,0.565118912797282,0.998,0.7695390781563126,0.6146146146146146,0.5478017036135654
4.0324078677975554e-05,999,116,383,1,499,0.5657596371882087,0.998,0.7675350701402806,0.6156156156156156,0.5493826000338302
4.039305284912873e-05,999,117,382,1,499,0.5664018161180476,0.998,0.7655310621242485,0.6166166166166166,0.5509595963745061
4.121776197504518e-05,999,118,381,1,499,0.5670454545454545,0.998,0.7635270541082164,0.6176176176176176,0.5525327142254115
4.1270068115079484e-05,999,119,380,1,499,0.5676905574516496,0.998,0.7615230460921844,0.6186186186186187,0.5541019750445466
4.185235946589733e-05,999,120,379,1,499,0.5683371298405467,0.998,0.7595190380761523,0.6196196196196196,0.5556674001591835
4.198242932606964e-05,999,121,378,1,499,0.5689851767388826,0.998,0.7575150300601202,0.6206206206206206,0.5572290107669476
4.212684138136166e-05,999,122,377,1,499,0.569634703196347,0.998,0.7555110220440882,0.6216216216216216,0.5587868279368877
4.305727896587543e-05,999,123,376,1,499,0.5702857142857143,0.998,0.7535070140280561,0.6226226226226226,0.5603408726105356
4.399717707006133e-05,999,124,375,1,499,0.5709382151029748,0.998,0.751503006012024,0.6236236236236237,0.5618911656029559
4.434965786189356e-05,999,125,374,1,499,0.5715922107674685,0.998,0.749498997995992,0.6246246246246246,0.5634377276037874
4.517833813667307e-05,999,126,373,1,499,0.5722477064220184,0.998,0.7474949899799599,0.6256256256256256,0.564980579178271
4.5455435626268156e-05,999,127,372,1,499,0.5729047072330654,0.998,0.7454909819639278,0.6266266266266266,0.5665197407682724
4.602260580687349e-05,999,128,371,1,499,0.5735632183908046,0.998,0.7434869739478958,0.6276276276276276,0.5680552326932912
4.6140256675351914e-05,999,129,370,1,499,0.5742232451093211,0.998,0.7414829659318637,0.6286286286286287,0.5695870751514631
4.6578920639266564e-05,999,130,369,1,499,0.5748847926267281,0.998,0.7394789579158316,0.6296296296296297,0.5711152882205514
4.697140814516189e-05,999,131,368,1,499,0.5755478662053056,0.998,0.7374749498997996,0.6306306306306306,0.5726398918589297
4.7818032056289584e-05,999,132,367,1,499,0.5762124711316398,0.998,0.7354709418837675,0.6316316316316316,0.5741609059065552
4.799945581212241e-05,999,133,366,1,499,0.576878612716763,0.998,0.7334669338677354,0.6326326326326326,0.575678350085933
4.8018936611095234e-05,999,134,365,1,499,0.5775462962962963,0.998,0.7314629258517034,0.6336336336336337,0.5771922440030713
4.8512150172156685e-05,999,135,364,1,499,0.578215527230591,0.998,0.7294589178356713,0.6346346346346347,0.5787026071484278
4.913077483990303e-05,999,136,363,1,499,0.5788863109048724,0.998,0.7274549098196392,0.6356356356356356,0.5802094588978473
4.955309148959073e-05,999,137,362,1,499,0.5795586527293844,0.998,0.7254509018036072,0.6366366366366366,0.5817128185134903
5.008162204409377e-05,999,138,361,1,499,0.5802325581395349,0.998,0.7234468937875751,0.6376376376376376,0.5832127051447538
5.034709990908434e-05,999,139,360,1,499,0.580908032596042,0.998,0.7214428857715431,0.6386386386386387,0.5847091378291827
5.058908538733548e-05,999,140,359,1,499,0.5815850815850816,0.998,0.7194388777555111,0.6396396396396397,0.5862021354933726
5.165241925039457e-05,999,141,358,1,499,0.5822637106184364,0.998,0.717434869739479,0.6406406406406406,0.587691716953866
5.165666245998905e-05,999,142,357,1,499,0.5829439252336449,0.998,0.7154308617234469,0.6416416416416416,0.5891779009180382
5.2589479168365645e-05,999,143,356,1,499,0.583625730994152,0.998,0.7134268537074149,0.6426426426426426,0.5906607059849759
5.2589968402213936e-05,999,144,355,1,499,0.5843091334894613,0.998,0.7114228456913828,0.6436436436436437,0.5921401506463481
5.440835713963423e-05,999,145,354,1,499,0.5849941383352872,0.998,0.7094188376753507,0.6446446446446447,0.5936162532872686
5.453860157762589e-05,999,146,353,1,499,0.5856807511737089,0.998,0.7074148296593187,0.6456456456456456,0.5950890321871508
5.454053247260598e-05,999,147,352,1,499,0.5863689776733255,0.998,0.7054108216432866,0.6466466466466466,0.5965585055205544
5.5381948573966354e-05,999,148,351,1,499,0.5870588235294117,0.998,0.7034068136272545,0.6476476476476476,0.5980246913580247
5.5638415015189645e-05,999,149,350,1,499,0.5877502944640753,0.998,0.7014028056112225,0.6486486486486487,0.5994876076669244
5.5885589270341064e-05,999,150,349,1,499,0.5884433962264151,0.998,0.6993987975951904,0.6496496496496497,0.6009472723122575
5.786706340485963e-05,999,151,348,1,499,0.58913813459268,0.998,0.6973947895791583,0.6506506506506506,0.6024037030574857
5.8025095610139286e-05,999,152,347,1,499,0.5898345153664303,0.998,0.6953907815631263,0.6516516516516516,0.6038569175653379
5.937238353611043e-05,999,153,346,1,499,0.5905325443786982,0.998,0.6933867735470942,0.6526526526526526,0.6053069333986121
5.956370064125034e-05,999,154,345,1,499,0.5912322274881516,0.998,0.6913827655310621,0.6536536536536537,0.6067537680209698
6.153148806717502e-05,999,155,344,1,499,0.5919335705812574,0.998,0.6893787575150301,0.6546546546546547,0.6081974387977241
6.188955633703677e-05,999,156,343,1,499,0.5926365795724465,0.998,0.687374749498998,0.6556556556556556,0.6096379629966195
6.262279966188312e-05,999,157,342,1,499,0.5933412604042806,0.998,0.685370741482966,0.6566566566566566,0.6110753577886059
6.293105882074625e-05,999,158,341,1,499,0.594047619047619,0.998,0.6833667334669339,0.6576576576576577,0.612509640248605
6.406695192222752e-05,999,159,340,1,499,0.5947556615017878,0.998,0.6813627254509018,0.6586586586586587,0.61394082735627
6.465286692340905e-05,999,160,339,1,499,0.5954653937947494,0.998,0.6793587174348698,0.6596596596596597,0.6153689359967387
6.621091443350922e-05,999,161,338,1,499,0.5961768219832736,0.998,0.6773547094188377,0.6606606606606606,0.6167939829613797
6.764933766280005e-05,999,162,337,1,499,0.59688995215311,0.998,0.6753507014028056,0.6616616616616616,0.6182159849485319
6.819457710653788e-05,999,163,336,1,499,0.5976047904191617,0.998,0.6733466933867736,0.6626626626626627,0.6196349585642381
6.91551453052383e-05,999,164,335,1,499,0.5983213429256595,0.998,0.6713426853707415,0.6636636636636637,0.621050920322971
7.081624005812093e-05,999,165,334,1,499,0.5990396158463386,0.998,0.6693386773547094,0.6646646646646647,0.6224638866483538
7.124467154649647e-05,999,166,333,1,499,0.5997596153846154,0.998,0.6673346693386774,0.6656656656656657,0.6238738738738738
7.218978191479568e-05,999,167,332,1,499,0.6004813477737665,0.998,0.6653306613226453,0.6666666666666666,0.6252808982435905
7.306422456578551e-05,999,168,331,1,499,0.6012048192771084,0.998,0.6633266533066132,0.6676676676676677,0.6266849759128359
7.410050698934563e-05,999,169,330,1,499,0.6019300361881785,0.998,0.6613226452905812,0.6686686686686687,0.6280861229489114
7.447697029235064e-05,999,170,329,1,499,0.6026570048309179,0.998,0.6593186372745491,0.6696696696696697,0.6294843553317748
7.454639053499359e-05,999,171,328,1,499,0.6033857315598549,0.998,0.657314629258517,0.6706706706706707,0.6308796889547257
7.49878493452151e-05,999,172,327,1,499,0.6041162227602905,0.998,0.655310621242485,0.6716716716716716,0.6322721396250808
7.54235702157966e-05,999,173,326,1,499,0.6048484848484849,0.998,0.6533066132264529,0.6726726726726727,0.6336617230648462
8.407496246877888e-05,999,174,325,1,499,0.6055825242718447,0.998,0.6513026052104208,0.6736736736736737,0.6350484549113826
8.436228262172321e-05,999,175,324,1,499,0.606318347509113,0.998,0.6492985971943888,0.6746746746746747,0.6364323507180649
8.496377930064254e-05,999,176,323,1,499,0.6070559610705596,0.998,0.6472945891783567,0.6756756756756757,0.6378134259549365
9.121383735320375e-05,999,177,322,1,499,0.607795371498173,0.998,0.6452905811623246,0.6766766766766766,0.6391916960093569
9.129208782731814e-05,999,178,321,1,499,0.6085365853658536,0.998,0.6432865731462926,0.6776776776776777,0.6405671761866452
9.166431842049994e-05,999,179,320,1,499,0.6092796092796092,0.998,0.6412825651302605,0.6786786786786787,0.6419398817107171
9.211600428061507e-05,999,180,319,1,499,0.6100244498777506,0.998,0.6392785571142284,0.6796796796796797,0.6433098277247167
9.357297545871965e-05,999,181,318,1,499,0.6107711138310894,0.998,0.6372745490981964,0.6806806806806807,0.644677029291642
9.49454822635706e-05,999,182,317,1,499,0.6115196078431373,0.998,0.6352705410821643,0.6816816816816816,0.6460415013949674
9.557191490459422e-05,999,183,316,1,499,0.6122699386503068,0.998,0.6332665330661322,0.6826826826826827,0.6474032589392581
9.570589912511202e-05,999,184,315,1,499,0.6130221130221131,0.998,0.6312625250501002,0.6836836836836837,0.648762316750781
9.579263891109052e-05,999,185,314,1,499,0.6137761377613776,0.998,0.6292585170340681,0.6846846846846847,0.6501186895781099
9.649934006717971e-05,999,186,313,1,499,0.6145320197044335,0.998,0.627254509018036,0.6856856856856857,0.6514723920927256
9.782716507786559e-05,999,187,312,1,499,0.6152897657213316,0.998,0.625250501002004,0.6866866866866866,0.6528234388896106
0.00010640192257734151,999,188,311,1,499,0.6160493827160494,0.998,0.6232464929859719,0.6876876876876877,0.6541718444878395
0.00010747418676389456,999,189,310,1,499,0.6168108776266996,0.998,0.6212424849699398,0.6886886886886887,0.6555176233311638
0.00010894882751703051,999,190,309,1,499,0.6175742574257426,0.998,0.6192384769539078,0.6896896896896897,0.656860789788592
0.00010924806448328012,999,191,308,1,499,0.6183395291201983,0.998,0.6172344689378757,0.6906906906906907,0.6582013581549643
0.00010984978047821305,999,192,307,1,499,0.6191066997518611,0.998,0.6152304609218436,0.6916916916916916,0.6595393426515239
0.00011051803535328699,999,193,306,1,499,0.6198757763975156,0.998,0.6132264529058116,0.6926926926926927,0.6608747574264816
0.00011111212517514059,999,194,305,1,499,0.6206467661691543,0.998,0.6112224448897795,0.6936936936936937,0.6622076165555772
0.00011126027918694966,999,195,304,1,499,0.6214196762141968,0.998,0.6092184368737475,0.6946946946946947,0.6635379340426354
0.00011136570781622893,999,196,303,1,499,0.6221945137157108,0.998,0.6072144288577155,0.6956956956956957,0.6648657238201177
0.00011511739438264787,999,197,302,1,499,0.6229712858926342,0.998,0.6052104208416834,0.6966966966966966,0.6661909997496683
0.00011795386201061949,999,198,301,1,499,0.62375,0.998,0.6032064128256514,0.6976976976976977,0.6675137756226581
0.00012282899785086822,999,199,300,1,499,0.6245306633291614,0.998,0.6012024048096193,0.6986986986986987,0.6688340651607212
0.0001275176885503495,999,200,299,1,499,0.62531328320802,0.998,0.5991983967935872,0.6996996996996997,0.6701518820162888
0.00013229776939144617,999,201,298,1,499,0.6260978670012547,0.998,0.5971943887775552,0.7007007007007007,0.6714672397731185
0.0001392093335064011,999,202,297,1,499,0.6268844221105527,0.998,0.5951903807615231,0.7017017017017017,0.6727801519468186
0.00014087881975406393,999,203,296,1,499,0.6276729559748427,0.998,0.593186372745491,0.7027027027027027,0.6740906319853688
0.0001431510830177205,999,204,295,1,499,0.628463476070529,0.998,0.591182364729459,0.7037037037037037,0.6753986932696361
0.00014347373832013889,999,205,294,1,499,0.6292559899117276,0.998,0.5891783567134269,0.7047047047047047,0.6767043491138865
0.00014477037568517295,999,206,293,1,499,0.6300505050505051,0.998,0.5871743486973948,0.7057057057057057,0.6780076127662933
0.0001515104450855869,999,207,292,1,499,0.6308470290771175,0.998,0.5851703406813628,0.7067067067067067,0.67930849740944
0.00015462771403163336,999,208,291,1,499,0.6316455696202532,0.998,0.5831663326653307,0.7077077077077077,0.6806070161608199
0.00015994218862880425,999,209,290,1,499,0.632446134347275,0.998,0.5811623246492986,0.7087087087087087,0.6819031820733318
0.00016272828769952493,999,210,289,1,499,0.633248730964467,0.998,0.5791583166332666,0.7097097097097097,0.6831970081357712
0.0001647306316938111,999,211,288,1,499,0.6340533672172808,0.998,0.5771543086172345,0.7107107107107107,0.6844885072733173
0.00016613084951475895,999,212,287,1,499,0.6348600508905853,0.998,0.5751503006012024,0.7117117117117117,0.6857776923480176
0.00016669434705449823,999,213,286,1,499,0.6356687898089172,0.998,0.5731462925851704,0.7127127127127127,0.6870645761592657
0.00016677732180502475,999,214,285,1,499,0.6364795918367347,0.998,0.5711422845691383,0.7137137137137137,0.6883491714442787
0.00020303333498942935,999,215,284,1,499,0.6372924648786717,0.998,0.5691382765531062,0.7147147147147147,0.689631490878568
0.00020479940441683314,999,216,283,1,499,0.6381074168797954,0.998,0.5671342685370742,0.7157157157157157,0.6909115470764082
0.0002184642063127515,999,217,282,1,499,0.6389244558258643,0.998,0.5651302605210421,0.7167167167167167,0.6921893525913005
0.00022402632689570368,999,218,281,1,499,0.6397435897435897,0.998,0.56312625250501,0.7177177177177178,0.6934649199164346
0.00022789203280586856,999,219,280,1,499,0.6405648267008985,0.998,0.561122244488978,0.7187187187187187,0.6947382614851441
0.00022915722470191925,999,220,279,1,499,0.6413881748071979,0.998,0.5591182364729459,0.7197197197197197,0.6960093896713615
0.0002542060890146027,999,221,278,1,499,0.6422136422136422,0.998,0.5571142284569138,0.7207207207207207,0.6972783167900669
0.00025598133004803487,999,222,277,1,499,0.6430412371134021,0.998,0.5551102204408818,0.7217217217217218,0.6985450550977345
0.00027857945950331955,999,223,276,1,499,0.6438709677419355,0.998,0.5531062124248497,0.7227227227227228,0.6998096167927752
0.00028361792271565606,999,224,275,1,499,0.6447028423772609,0.998,0.5511022044088176,0.7237237237237237,0.7010720140159761
0.0002861011005671886,999,224,275,2,498,0.6442432082794308,0.996,0.5511022044088176,0.7227227227227228,0.70016740255167
0.00029406674644465256,999,225,274,2,498,0.6450777202072538,0.996,0.5490981963927856,0.7237237237237237,0.701426789334165
0.0003088112728510129,999,226,273,2,498,0.6459143968871596,0.996,0.5470941883767535,0.7247247247247247,0.7026840415273745
0.00031769323183828394,999,227,272,2,498,0.6467532467532467,0.996,0.5450901803607214,0.7257257257257257,0.7039391710651552
0.0003179264035790286,999,228,271,2,498,0.647594278283485,0.996,0.5430861723446894,0.7267267267267268,0.7051921898257596
0.0003238925104046793,999,229,270,2,498,0.6484375,0.996,0.5410821643286573,0.7277277277277278,0.7064431096322544
0.00033587281620244696,999,230,269,2,498,0.6492829204693612,0.996,0.5390781563126252,0.7287287287287287,0.7076919422529387
0.0003642681271710131,999,231,268,2,498,0.6501305483028721,0.996,0.5370741482965932,0.7297297297297297,0.7089386994017559
0.0003867883687392834,999,232,267,2,498,0.6509803921568628,0.996,0.5350701402805611,0.7307307307307307,0.7101833927387045
0.0003872999862548409,999,233,266,2,498,0.6518324607329843,0.996,0.533066132264529,0.7317317317317318,0.7114260338702445
0.0003997176453379967,999,234,265,2,498,0.6526867627785059,0.996,0.531062124248497,0.7327327327327328,0.7126666343497019
0.0004450077099250351,999,235,264,2,498,0.6535433070866141,0.996,0.5290581162324649,0.7337337337337337,0.7139052056776682
0.00044591579005221664,999,236,263,2,498,0.6544021024967148,0.996,0.5270541082164328,0.7347347347347347,0.7151417593023994
0.0004564943491436377,999,237,262,2,498,0.6552631578947369,0.996,0.5250501002004008,0.7357357357357357,0.7163763066202091
0.0004601512098240277,999,238,261,2,498,0.6561264822134387,0.996,0.5230460921843687,0.7367367367367368,0.7176088589758609
0.00047394002636426164,999,239,260,2,498,0.6569920844327177,0.996,0.5210420841683366,0.7377377377377378,0.718839427662957
0.0004827007456907536,999,240,259,2,498,0.6578599735799208,0.996,0.5190380761523046,0.7387387387387387,0.7200680239243233
0.00048284355315066096,999,241,258,2,498,0.6587301587301587,0.996,0.5170340681362725,0.7397397397397397,0.7212946589523924
0.0005032956007611438,999,242,257,2,498,0.6596026490066225,0.996,0.5150300601202404,0.7407407407407407,0.7225193438895829
0.0005067594458470409,999,243,256,2,498,0.6604774535809018,0.996,0.5130260521042084,0.7417417417417418,0.7237420898286773
0.0005223572385811827,999,244,255,2,498,0.6613545816733067,0.996,0.5110220440881763,0.7427427427427428,0.7249629078131946
0.0005239169066345602,999,245,254,2,498,0.6622340425531915,0.996,0.5090180360721442,0.7437437437437437,0.7261818088377631
0.0005461520406827558,999,246,253,2,498,0.6631158455392809,0.996,0.5070140280561122,0.7447447447447447,0.7273988038484875
0.0005862990550186184,999,247,252,2,498,0.664,0.996,0.5050100200400801,0.7457457457457457,0.7286139037433155
0.0005880016777662836,999,248,251,2,498,0.664886515353805,0.996,0.503006012024048,0.7467467467467468,0.7298271193724004
0.0007482290332228198,999,249,250,2,498,0.6657754010695187,0.996,0.501002004008016,0.7477477477477478,0.7310384615384615
0.0007555396321751087,999,250,249,2,498,0.6666666666666666,0.996,0.49899799599198397,0.7487487487487487,0.7322479409971415
0.0007825081559337683,999,251,248,2,498,0.6675603217158177,0.996,0.4969939879759519,0.7497497497497497,0.7334555684573614
0.0008533389372018418,999,252,247,2,498,0.6684563758389261,0.996,0.49498997995991983,0.7507507507507507,0.7346613545816734
0.000873761347475466,999,253,246,2,498,0.6693548387096774,0.996,0.49298597194388777,0.7517517517517518,0.7358653099866095
0.000932392396401514,999,254,245,2,498,0.6702557200538358,0.996,0.4909819639278557,0.7527527527527528,0.7370674452430299
0.0009484967965614688,999,255,244,2,498,0.6711590296495957,0.996,0.48897795591182364,0.7537537537537538,0.7382677708764666
0.0009717976101985152,999,256,243,2,498,0.6720647773279352,0.996,0.48697394789579157,0.7547547547547547,0.7394662973674658
0.000992065871567129,999,257,242,2,498,0.672972972972973,0.996,0.4849699398797595,0.7557557557557557,0.7406630351519279
0.0010896582628181137,999,258,241,2,498,0.6738836265223275,0.996,0.48296593186372744,0.7567567567567568,0.7418579946214434
0.001131978735494763,999,259,240,2,498,0.6747967479674797,0.996,0.48096192384769537,0.7577577577577578,0.743051186123629
0.0011524703524680203,999,260,239,2,498,0.6757123473541384,0.996,0.4789579158316633,0.7587587587587588,0.7442426199624584
0.0011671103370208488,999,261,238,2,498,0.6766304347826086,0.996,0.47695390781563124,0.7597597597597597,0.7454323063985934
0.0011690854136835501,999,262,237,2,498,0.6775510204081633,0.996,0.4749498997995992,0.7607607607607607,0.74662025564971
0.0012165602244954947,999,263,236,2,498,0.6784741144414169,0.996,0.4729458917835671,0.7617617617617618,0.7478064778908246
0.00128538354501248,999,264,235,2,498,0.679399727148704,0.996,0.4709418837675351,0.7627627627627628,0.7489909832546158
0.0013431556629490997,999,265,234,2,498,0.680327868852459,0.996,0.46893787575150303,0.7637637637637638,0.7501737818317453
0.001352689759982227,999,266,233,2,498,0.6812585499316005,0.996,0.46693386773547096,0.7647647647647647,0.7513548836711761
0.0013824421693147471,999,267,232,2,498,0.6821917808219178,0.996,0.4649298597194389,0.7657657657657657,0.7525342987804878
0.0013879863971268628,999,268,231,2,498,0.6831275720164609,0.996,0.46292585170340683,0.7667667667667668,0.7537120371261907
0.0014658454203177933,999,269,230,2,498,0.6840659340659341,0.996,0.46092184368737477,0.7677677677677678,0.754888108634037
0.001508525060303122,999,270,229,2,498,0.6850068775790922,0.996,0.4589178356713427,0.7687687687687688,0.7560625231893295
0.0015334821997735396,999,271,228,2,498,0.6859504132231405,0.996,0.45691382765531063,0.7697697697697697,0.7572352906372297
0.0015978645412124935,999,272,227,2,498,0.6868965517241379,0.996,0.45490981963927857,0.7707707707707707,0.758406420783061
0.0016169801179642131,999,273,226,2,498,0.6878453038674033,0.996,0.4529058116232465,0.7717717717717718,0.7595759233926129
0.0016204451550174718,999,274,225,2,498,0.6887966804979253,0.996,0.45090180360721444,0.7727727727727728,0.7607438081924407
0.0016631911070956386,999,275,224,2,498,0.6897506925207756,0.996,0.44889779559118237,0.7737737737737738,0.7619100848701639
0.0017331343079472904,999,276,223,2,498,0.6907073509015257,0.996,0.4468937875751503,0.7747747747747747,0.7630747630747631
0.0019510737213339823,999,277,222,2,498,0.6916666666666667,0.996,0.44488977955911824,0.7757757757757757,0.7642378524168738
0.0019809404227086828,999,277,222,3,497,0.6912378303198887,0.994,0.44488977955911824,0.7747747747747747,0.7632953208768736
0.0019927680437422553,999,278,221,3,497,0.692200557103064,0.994,0.44288577154308617,0.7757757757757757,0.7644562334217506
0.0021395637535408423,999,278,221,4,496,0.691771269177127,0.992,0.44288577154308617,0.7747747747747747,0.7635134779694828
0.002191179562587716,999,279,220,4,496,0.6927374301675978,0.992,0.4408817635270541,0.7757757757757757,0.7646722304482434
0.0022036194794797497,999,280,219,4,496,0.6937062937062937,0.992,0.43887775551102204,0.7767767767767768,0.7658294309635305
0.0022813241773662622,999,281,218,4,496,0.6946778711484594,0.992,0.43687374749499,0.7777777777777778,0.7669850889284874
0.0023578458085767844,999,282,217,4,496,0.6956521739130435,0.992,0.4348697394789579,0.7787787787787788,0.7681392137197347
0.002359289518096861,999,282,217,5,495,0.6952247191011236,0.99,0.4348697394789579,0.7777777777777778,0.7671944675383569
0.0024939431547035583,999,283,216,5,495,0.6962025316455697,0.99,0.43286573146292584,0.7787787787787788,0.7683464892446097
0.0025651785883245653,999,284,215,5,495,0.6971830985915493,0.99,0.4308617234468938,0.7797797797797797,0.7694970004614675
0.00269018474243514,999,285,214,5,495,0.6981664315937941,0.99,0.4288577154308617,0.7807807807807807,0.7706460104350451
0.0027002150684541457,999,286,213,5,495,0.6991525423728814,0.99,0.42685370741482964,0.7817817817817818,0.7717935283762261
0.0028231109389123873,999,287,212,5,495,0.7001414427157001,0.99,0.4248496993987976,0.7827827827827828,0.7729395634609322
0.002834412791005671,999,288,211,5,495,0.7011331444759207,0.99,0.4228456913827655,0.7837837837837838,0.7740841248303936
0.002883047717626417,999,289,210,5,495,0.7021276595744681,0.99,0.42084168336673344,0.7847847847847848,0.7752272215914144
0.002890840468149306,999,290,209,5,495,0.703125,0.99,0.4188376753507014,0.7857857857857858,0.7763688628166397
0.0029996489595064606,999,291,208,5,495,0.7041251778093883,0.99,0.4168336673346693,0.7867867867867868,0.7775090575448171
0.003104823302375364,999,292,207,5,495,0.7051282051282052,0.99,0.4148296593186373,0.7877877877877878,0.77864781478106
0.0031099282066307946,999,293,206,5,495,0.7061340941512125,0.99,0.41282565130260523,0.7887887887887888,0.7797851434971066
0.003195135780180877,999,294,205,5,495,0.7071428571428572,0.99,0.41082164328657317,0.7897897897897898,0.7809210526315788
0.0032611278686489427,999,295,204,5,495,0.7081545064377682,0.99,0.4088176352705411,0.7907907907907908,0.7820555510902389
0.0032785868349454253,999,296,203,5,495,0.7091690544412608,0.99,0.40681362725450904,0.7917917917917918,0.7831886477462437
0.0032912052411510954,999,297,202,5,495,0.7101865136298422,0.99,0.40480961923847697,0.7927927927927928,0.7843203514403987
0.0033035628090952343,999,298,201,5,495,0.7112068965517241,0.99,0.4028056112224449,0.7937937937937938,0.7854506709814093
0.0033243708354842787,999,299,200,5,495,0.7122302158273381,0.99,0.40080160320641284,0.7947947947947948,0.7865796151461308
0.0034725977147864874,999,300,199,5,495,0.7132564841498559,0.99,0.39879759519038077,0.7957957957957958,0.787707192679817
0.00356119286751689,999,301,198,5,495,0.7142857142857143,0.99,0.3967935871743487,0.7967967967967968,0.7888334122963665
0.003909527785237372,999,302,197,5,495,0.7153179190751445,0.99,0.39478957915831664,0.7977977977977978,0.7899582826785685
0.004233776500191166,999,303,196,5,495,0.7163531114327062,0.99,0.3927855711422846,0.7987987987987988,0.791081812478346
0.004293329554532958,999,304,195,5,495,0.717391304347826,0.99,0.3907815631262525,0.7997997997997998,0.792204010316998
0.004348998574676525,999,304,195,6,494,0.7169811320754716,0.988,0.3907815631262525,0.7987987987987988,0.7912477479491133
0.004546653951266661,999,305,194,6,494,0.7180232558139535,0.988,0.38877755511022044,0.7997997997997998,0.792368125701459
0.004593787541237801,999,305,194,7,493,0.7176128093158661,0.986,0.38877755511022044,0.7987987987987988,0.7914116866131966
0.004732747730153374,999,306,193,7,493,0.7186588921282799,0.986,0.3867735470941884,0.7997997997997998,0.7925302585999219
0.004889376363374131,999,307,192,7,493,0.7197080291970803,0.986,0.3847695390781563,0.8008008008008008,0.793647531412023
0.00499116851593494,999,308,191,7,493,0.7207602339181286,0.986,0.38276553106212424,0.8018018018018018,0.7947635135135136
0.005482806655810969,999,309,190,7,493,0.7218155197657394,0.986,0.3807615230460922,0.8028028028028028,0.7958782133392799
0.0054988196102445566,999,310,189,7,493,0.7228739002932552,0.986,0.3787575150300601,0.8038038038038038,0.796991639295312
0.005585069853986962,999,311,188,7,493,0.723935389133627,0.986,0.37675350701402804,0.8048048048048048,0.798103799758933
0.005728280182174584,999,312,187,7,493,0.725,0.986,0.374749498997996,0.8058058058058059,0.799214703079027
0.0057851580640220284,999,313,186,7,493,0.7260677466863034,0.986,0.3727454909819639,0.8068068068068068,0.800324357576266
0.005994046287651745,999,314,185,7,493,0.7271386430678466,0.986,0.37074148296593185,0.8078078078078078,0.8014327715433351
0.006137018794647518,999,315,184,7,493,0.7282127031019202,0.986,0.3687374749498998,0.8088088088088088,0.8025399532451566
0.006859019037046979,999,316,183,7,493,0.7292899408284024,0.986,0.3667334669338677,0.8098098098098098,0.8036459109191121
0.0069641221284404186,999,317,182,7,493,0.7303703703703703,0.986,0.36472945891783565,0.8108108108108109,0.8047506527752644
0.0070744660361804785,999,317,182,8,492,0.7299703264094956,0.984,0.36472945891783565,0.8098098098098098,0.8037888060071782
0.007160427870152398,999,317,182,9,491,0.7295690936106983,0.982,0.36472945891783565,0.8088088088088088,0.8028272494768658
0.0077782203462884595,999,318,181,9,491,0.7306547619047619,0.982,0.3627254509018036,0.8098098098098098,0.803929872984654
0.007980552184915671,999,319,180,9,491,0.7317436661698957,0.982,0.36072144288577157,0.8108108108108109,0.8050313036636076
0.00812212967581531,999,320,179,9,491,0.7328358208955223,0.982,0.3587174348697395,0.8118118118118118,0.8061315496098105
0.008157899749412837,999,320,179,10,490,0.7324364723467862,0.98,0.3587174348697395,0.8108108108108109,0.8051689142824122
0.008202711361358257,999,321,178,10,490,0.7335329341317365,0.98,0.35671342685370744,0.8118118118118118,0.8062675358970127
0.008406714907985424,999,321,178,11,489,0.7331334332833583,0.978,0.35671342685370744,0.8108108108108109,0.80530472469444
0.008658188965195478,999,322,177,11,489,0.7342342342342343,0.978,0.35470941883767537,0.8118118118118118,0.8064017350573954
0.00873133068050939,999,322,177,12,488,0.7338345864661654,0.976,0.35470941883767537,0.8108108108108109,0.8054387420204133
0.009123554350184745,999,323,176,12,488,0.7349397590361446,0.976,0.3527054108216433,0.8118118118118118,0.806534154120003
0.009467955204562168,999,324,175,12,488,0.7360482654600302,0.976,0.35070140280561124,0.8128128128128128,0.8076284232909932
0.01,999,325,174,12,488,0.7371601208459214,0.976,0.3486973947895792,0.8138138138138138,0.8087215574533266
0.010047006636252832,999,325,174,12,488,0.7371601208459214,0.976,0.3486973947895792,0.8138138138138138,0.8087215574533266
0.010783707864826098,999,326,173,12,488,0.7382753403933434,0.976,0.3466933867735471,0.8148148148148148,0.8098135645022366
0.011166808537755195,999,327,172,12,488,0.7393939393939394,0.976,0.34468937875751504,0.8158158158158159,0.810904452308452
0.011199502582132438,999,327,172,13,487,0.7389984825493171,0.974,0.34468937875751504,0.8148148148148148,0.80993952083554
0.011522655049655309,999,328,171,13,487,0.7401215805471124,0.974,0.342685370741483,0.8158158158158159,0.8110288675055515
0.012148461509375557,999,329,170,13,487,0.741248097412481,0.974,0.3406813627254509,0.8168168168168168,0.8121171137377099
0.012180532223398774,999,329,170,14,486,0.7408536585365854,0.972,0.3406813627254509,0.8158158158158159,0.8111515669562501
0.012526331970416311,999,330,169,14,486,0.7419847328244275,0.972,0.33867735470941884,0.8168168168168168,0.8122382955123169
0.012963689004094881,999,331,168,14,486,0.7431192660550459,0.972,0.3366733466933868,0.8178178178178178,0.8133239422737316
0.013114879309021651,999,332,167,14,486,0.7442572741194488,0.972,0.3346693386773547,0.8188188188188188,0.8144085149622544
0.0142788100649787,999,333,166,14,486,0.745398773006135,0.972,0.33266533066132264,0.8198198198198198,0.8154920212765957
0.014330612552352337,999,334,165,14,486,0.7465437788018433,0.972,0.3306613226452906,0.8208208208208209,0.8165744688926112
0.014340614359604913,999,335,164,14,486,0.7476923076923077,0.972,0.3286573146292585,0.8218218218218218,0.8176558654634947
0.014494195819834165,999,336,163,14,486,0.74884437596302,0.972,0.32665330661322645,0.8228228228228228,0.8187362186199707
0.01482131451257105,999,337,162,14,486,0.75,0.972,0.3246492985971944,0.8238238238238238,0.8198155359704857
0.01556748191424128,999,338,161,14,486,0.7511591962905718,0.972,0.3226452905811623,0.8248248248248248,0.8208938251013987
0.015730518218412294,999,339,160,14,486,0.7523219814241486,0.972,0.32064128256513025,0.8258258258258259,0.8219710935771698
0.015795395224739862,999,340,159,14,486,0.7534883720930232,0.972,0.3186372745490982,0.8268268268268268,0.8230473489405489
0.015905356449235224,999,341,158,14,486,0.7546583850931677,0.972,0.3166332665330661,0.8278278278278278,0.8241225987127627
0.016755781419060794,999,342,157,14,486,0.7558320373250389,0.972,0.31462925851703405,0.8288288288288288,0.8251968503937008
0.017013601366459068,999,342,157,15,485,0.7554517133956387,0.97,0.31462925851703405,0.8278278278278278,0.8242262304204789
0.017071705986801862,999,343,156,15,485,0.7566302652106084,0.97,0.312625250501002,0.8288288288288288,0.8252991040429029
0.017121035547415064,999,344,155,15,485,0.7578125,0.97,0.3106212424849699,0.8298298298298298,0.8263709974236291
0.017272134316053834,999,345,154,15,485,0.758998435054773,0.97,0.30861723446893785,0.8308308308308309,0.8274419179865924
0.017790660983489522,999,346,153,15,485,0.7601880877742947,0.97,0.3066132264529058,0.8318318318318318,0.8285118731352434
0.01806582459896204,999,347,152,15,485,0.7613814756671899,0.97,0.3046092184368738,0.8328328328328328,0.8295808702527282
0.01873391340071229,999,347,152,16,484,0.7610062893081762,0.968,0.3046092184368738,0.8318318318318318,0.8286085422045031
0.02,999,347,152,17,483,0.7606299212598425,0.966,0.3046092184368738,0.8308308308308309,0.8276364081857673
0.020308534254905256,999,347,152,17,483,0.7606299212598425,0.966,0.3046092184368738,0.8308308308308309,0.8276364081857673
0.02128424720549893,999,348,151,17,483,0.7618296529968455,0.966,0.3026052104208417,0.8318318318318318,0.8287037037037037
0.021470495915776416,999,349,150,17,483,0.7630331753554502,0.966,0.30060120240480964,0.8328328328328328,0.8297700615788051
0.021716963814788697,999,350,149,17,483,0.7642405063291139,0.966,0.2985971943887776,0.8338338338338338,0.8308354891095896
0.022528967358659436,999,351,148,17,483,0.7654516640253566,0.966,0.2965931863727455,0.8348348348348348,0.8318999935752114
0.023465398069123455,999,352,147,17,483,0.7666666666666667,0.966,0.29458917835671344,0.8358358358358359,0.8329635822356347
0.023835201880426572,999,353,146,17,483,0.7678855325914149,0.966,0.2925851703406814,0.8368368368368369,0.8340262623318089
0.024334662396374284,999,354,145,17,483,0.7691082802547771,0.966,0.2905811623246493,0.8378378378378378,0.8350880410858401
0.024755262992470793,999,355,144,17,483,0.7703349282296651,0.966,0.28857715430861725,0.8388388388388388,0.8361489257011645
0.025900839183841954,999,355,144,18,482,0.7699680511182109,0.964,0.28857715430861725,0.8378378378378378,0.8351740349047534
0.025986604623862757,999,356,143,18,482,0.7712,0.964,0.2865731462925852,0.8388388388388388,0.8362336769759451
0.026309316785026775,999,357,142,18,482,0.7724358974358975,0.964,0.2845691382765531,0.8398398398398398,0.8372924419977688
0.027212594147980187,999,358,141,18,482,0.7736757624398074,0.964,0.28256513026052105,0.8408408408408409,0.8383503371072383
0.027688127420045682,999,359,140,18,482,0.77491961414791,0.964,0.280561122244489,0.8418418418418419,0.8394073694234854
0.03,999,360,139,18,482,0.7761674718196457,0.964,0.2785571142284569,0.8428428428428428,0.8404635460479271
0.030746601405632516,999,360,139,18,482,0.7761674718196457,0.964,0.2785571142284569,0.8428428428428428,0.8404635460479271
0.03204100338547622,999,361,138,18,482,0.7774193548387097,0.964,0.27655310621242485,0.8438438438438438,0.8415188740644322
0.035002696515158825,999,362,137,18,482,0.778675282714055,0.964,0.2745490981963928,0.8448448448448449,0.842573360539487
0.0351606694407974,999,363,136,18,482,0.7799352750809061,0.964,0.2725450901803607,0.8458458458458459,0.8436270125223613
0.03530361489714627,999,364,135,18,482,0.7811993517017828,0.964,0.27054108216432865,0.8468468468468469,0.8446798370452718
0.03569622600310472,999,365,134,18,482,0.7824675324675324,0.964,0.2685370741482966,0.8478478478478478,0.8457318411235462
0.036381760158871616,999,365,134,19,481,0.7821138211382114,0.962,0.2685370741482966,0.8468468468468469,0.8447536679379815
0.037403823873445464,999,366,133,19,481,0.7833876221498371,0.962,0.2665330661322645,0.8478478478478478,0.8458045281363478
0.03751190775406653,999,367,132,19,481,0.7846655791190864,0.962,0.26452905811623245,0.8488488488488488,0.8468545844944949
0.04,999,367,132,20,480,0.7843137254901961,0.96,0.26452905811623245,0.8478478478478478,0.845875895220618
0.04119831953763052,999,367,132,20,480,0.7843137254901961,0.96,0.26452905811623245,0.8478478478478478,0.845875895220618
0.04206862322433661,999,368,131,20,480,0.7855973813420621,0.96,0.2625250501002004,0.8488488488488488,0.8469248277702629
0.04444238185668006,999,368,131,21,479,0.7852459016393443,0.958,0.2625250501002004,0.8478478478478478,0.845945945945946
0.04618280341291295,999,369,130,21,479,0.7865353037766831,0.958,0.2605210420841683,0.8488488488488488,0.8469937650940611
0.04758624301210333,999,370,129,21,479,0.787828947368421,0.958,0.25851703406813625,0.8498498498498499,0.8480408063927312
0.048973790365912255,999,371,128,21,479,0.7891268533772653,0.958,0.2565130260521042,0.8508508508508509,0.8490870767293531
0.05,999,371,128,22,478,0.7887788778877888,0.956,0.2565130260521042,0.8498498498498499,0.8481073476106682
0.05109027458994207,999,371,128,22,478,0.7887788778877888,0.956,0.2565130260521042,0.8498498498498499,0.8481073476106682
0.05234232595031166,999,372,127,22,478,0.7900826446280992,0.956,0.2545090180360721,0.8508508508508509,0.8491525337846397
0.052922943808394046,999,373,126,22,478,0.7913907284768212,0.956,0.25250501002004005,0.8518518518518519,0.8501969652757514
0.055229352341001146,999,374,125,22,478,0.7927031509121062,0.956,0.250501002004008,0.8528528528528528,0.8512406489158567
0.055467948346655804,999,375,124,22,478,0.7940199335548173,0.956,0.24849699398797595,0.8538538538538538,0.8522835915219082
0.05815835352622305,999,375,124,23,477,0.7936772046589018,0.954,0.24849699398797595,0.8528528528528528,0.8513027074808854
0.06,999,375,124,24,476,0.7933333333333333,0.952,0.24849699398797595,0.8518518518518519,0.8503219275156915
0.06139923611962564,999,375,124,24,476,0.7933333333333333,0.952,0.24849699398797595,0.8518518518518519,0.8503219275156915
0.06200536738661777,999,376,123,24,476,0.7946577629382304,0.952,0.24649298597194388,0.8528528528528528,0.8513635107656774
0.06300300435288396,999,377,122,24,476,0.7959866220735786,0.952,0.24448897795591182,0.8538538538538538,0.8524043715846994
0.06601386008278497,999,378,121,24,476,0.7973199329983249,0.952,0.24248496993987975,0.8548548548548549,0.8534445167275903
0.06624484931377694,999,378,121,25,475,0.7969798657718121,0.95,0.24248496993987975,0.8538538538538538,0.8524628967258485
0.07,999,379,120,25,475,0.7983193277310925,0.95,0.24048096192384769,0.8548548548548549,0.8535020252127611
0.07027145378625266,999,379,120,25,475,0.7983193277310925,0.95,0.24048096192384769,0.8548548548548549,0.8535020252127611
0.07075751402590151,999,380,119,25,475,0.7996632996632996,0.95,0.23847695390781562,0.8558558558558559,0.8545404539645047
0.07116588717440261,999,381,118,25,475,0.8010118043844857,0.95,0.23647294589178355,0.8568568568568569,0.8555781896852396
0.07603711900346978,999,381,118,26,474,0.8006756756756757,0.948,0.23647294589178355,0.8558558558558559,0.8545957353904374
0.08,999,382,117,26,474,0.8020304568527918,0.948,0.23446893787575152,0.8568568568568569,0.8556324826661357
0.08079324446727328,999,382,117,26,474,0.8020304568527918,0.948,0.23446893787575152,0.8568568568568569,0.8556324826661357
0.08244794398372193,999,383,116,26,474,0.8033898305084746,0.948,0.23246492985971945,0.8578578578578578,0.856668552721982
0.08305983914791755,999,383,116,27,473,0.8030560271646859,0.946,0.23246492985971945,0.8568568568568569,0.8556855685568556
0.08397446829279424,999,384,115,27,473,0.8044217687074829,0.946,0.23046092184368738,0.8578578578578578,0.8567206690368455
0.09,999,385,114,27,473,0.8057921635434412,0.946,0.22845691382765532,0.8588588588588588,0.8577551080174137
0.09026865727336278,999,385,114,27,473,0.8057921635434412,0.946,0.22845691382765532,0.8588588588588588,0.8577551080174137
0.09183441670825924,999,385,114,28,472,0.8054607508532423,0.944,0.22845691382765532,0.8578578578578578,0.8567715905786566
0.09449646175946634,999,386,113,28,472,0.8068376068376069,0.944,0.22645290581162325,0.8588588588588588,0.8578050787145229
0.0960847061634303,999,386,113,29,471,0.8065068493150684,0.942,0.22645290581162325,0.8578578578578578,0.8568213198543364
0.0975607537220787,999,387,112,29,471,0.8078902229845626,0.942,0.22444889779559118,0.8588588588588588,0.8578538667635439
0.0985964230150667,999,388,111,29,471,0.8092783505154639,0.942,0.22244488977955912,0.8598598598598599,0.8588857767840568
0.09887551528132074,999,389,110,29,471,0.810671256454389,0.942,0.22044088176352705,0.8608608608608609,0.8599170564837073
0.1,999,390,109,29,471,0.8120689655172414,0.942,0.218436873747495,0.8618618618618619,0.8609477124183007
0.10026290340955739,999,390,109,29,471,0.8120689655172414,0.942,0.218436873747495,0.8618618618618619,0.8609477124183007
0.11,999,391,108,29,471,0.8134715025906736,0.942,0.21643286573146292,0.8628628628628628,0.8619777511317557
0.11082108530089486,999,391,108,29,471,0.8134715025906736,0.942,0.21643286573146292,0.8628628628628628,0.8619777511317557
0.11489407022932074,999,392,107,29,471,0.8148788927335641,0.942,0.21442885771543085,0.8638638638638638,0.8630071791562475
0.11540052916104335,999,392,107,30,470,0.8145580589254766,0.94,0.21442885771543085,0.8628628628628628,0.8620217215754947
0.11768934620888712,999,392,107,31,469,0.8142361111111112,0.938,0.21442885771543085,0.8618618618618619,0.8610362957527276
0.12,999,393,106,31,469,0.8156521739130435,0.938,0.2124248496993988,0.8628628628628628,0.8620645518909522
0.12305203740200589,999,393,106,31,469,0.8156521739130435,0.938,0.2124248496993988,0.8628628628628628,0.8620645518909522
0.12916966942544858,999,394,105,31,469,0.8170731707317073,0.938,0.21042084168336672,0.8638638638638638,0.8630922150475223
0.12974965359334342,999,395,104,31,469,0.8184991273996509,0.938,0.20841683366733466,0.8648648648648649,0.8641192917054986
0.12975429248144502,999,396,103,31,469,0.8199300699300699,0.938,0.20641282565130262,0.8658658658658659,0.8651457883369331
0.1298148869274712,999,396,103,32,468,0.819614711033275,0.936,0.20641282565130262,0.8648648648648649,0.8641592559353839
0.13,999,397,102,32,468,0.8210526315789474,0.936,0.20440881763527055,0.8658658658658659,0.8651849017080245
0.14,999,397,102,32,468,0.8210526315789474,0.936,0.20440881763527055,0.8658658658658659,0.8651849017080245
0.14035595170386578,999,397,102,32,468,0.8210526315789474,0.936,0.20440881763527055,0.8658658658658659,0.8651849017080245
0.1462104207362422,999,397,102,33,467,0.820738137082601,0.934,0.20440881763527055,0.8648648648648649,0.8641981027106005
0.15,999,398,101,33,467,0.8221830985915493,0.934,0.20240480961923848,0.8658658658658659,0.8652229068503081
0.15352122599858642,999,398,101,33,467,0.8221830985915493,0.934,0.20240480961923848,0.8658658658658659,0.8652229068503081
0.16,999,399,100,33,467,0.8236331569664903,0.934,0.20040080160320642,0.8668668668668669,0.8662471549069487
0.16350371853011647,999,399,100,33,467,0.8236331569664903,0.934,0.20040080160320642,0.8668668668668669,0.8662471549069487
0.1646316130026587,999,399,100,34,466,0.823321554770318,0.932,0.20040080160320642,0.8658658658658659,0.8652598056188552
0.1655858395812548,999,399,100,35,465,0.8230088495575221,0.93,0.20040080160320642,0.8648648648648649,0.8642724514288302
0.17,999,400,99,35,465,0.824468085106383,0.93,0.19839679358717435,0.8658658658658659,0.8652955998132377
0.17081845696629652,999,400,99,35,465,0.824468085106383,0.93,0.19839679358717435,0.8658658658658659,0.8652955998132377
0.17245863367247966,999,401,98,35,465,0.8259325044404974,0.93,0.1963927855711423,0.8668668668668669,0.8663182094868223
0.17803289148874976,999,402,97,35,465,0.8274021352313167,0.93,0.19438877755511022,0.8678678678678678,0.8673402868318123
0.17845392396876747,999,402,97,36,464,0.8270944741532977,0.928,0.19438877755511022,0.8668668668668669,0.8663520952927959
0.18,999,403,96,36,464,0.8285714285714286,0.928,0.19238476953907815,0.8678678678678678,0.8673733757090558
0.18672144980232924,999,403,96,36,464,0.8285714285714286,0.928,0.19238476953907815,0.8678678678678678,0.8673733757090558
0.1876877775009073,999,403,96,37,463,0.8282647584973166,0.926,0.19238476953907815,0.8668668668668669,0.8663848889934744
0.19,999,403,96,38,462,0.8279569892473119,0.924,0.19238476953907815,0.8658658658658659,0.8653963721192133
0.1904646867971401,999,403,96,38,462,0.8279569892473119,0.924,0.19238476953907815,0.8658658658658659,0.8653963721192133
0.19183597966254143,999,403,96,39,461,0.8276481149012568,0.922,0.19238476953907815,0.8648648648648649,0.8644078191340157
0.19240833708148206,999,404,95,39,461,0.829136690647482,0.922,0.1903807615230461,0.8658658658658659,0.865427764910249
0.196495172956342,999,405,94,39,461,0.8306306306306306,0.922,0.18837675350701402,0.8668668668668669,0.8664472064048891
0.2,999,406,93,39,461,0.8321299638989169,0.922,0.18637274549098196,0.8678678678678678,0.8674661499372849
0.20629160106840014,999,406,93,39,461,0.8321299638989169,0.922,0.18637274549098196,0.8678678678678678,0.8674661499372849
0.20733427556675343,999,406,93,40,460,0.8318264014466547,0.92,0.18637274549098196,0.8668668668668669,0.8664767331433998
0.21,999,406,93,41,459,0.8315217391304348,0.918,0.18637274549098196,0.8658658658658659,0.8654872627593468
0.2117296791091212,999,406,93,41,459,0.8315217391304348,0.918,0.18637274549098196,0.8658658658658659,0.8654872627593468
0.21352237143129227,999,406,93,42,458,0.8312159709618875,0.916,0.18637274549098196,0.8648648648648649,0.864497732837535
0.2136812793420934,999,406,93,43,457,0.8309090909090909,0.914,0.18637274549098196,0.8638638638638638,0.863508137432188
0.21574746192096614,999,406,93,44,456,0.8306010928961749,0.912,0.18637274549098196,0.8628628628628628,0.8625184705992259
0.22,999,407,92,44,456,0.8321167883211679,0.912,0.1843687374749499,0.8638638638638638,0.8635355564483729
0.22077563033197742,999,407,92,44,456,0.8321167883211679,0.912,0.1843687374749499,0.8638638638638638,0.8635355564483729
0.22736244585629284,999,408,91,44,456,0.8336380255941499,0.912,0.18236472945891782,0.8648648648648649,0.8645521679788128
0.23,999,409,90,44,456,0.8351648351648352,0.912,0.18036072144288579,0.8658658658658659,0.8655683114546009
0.2313327404554326,999,409,90,44,456,0.8351648351648352,0.912,0.18036072144288579,0.8658658658658659,0.8655683114546009
0.23896472028135446,999,409,90,45,455,0.8348623853211009,0.91,0.18036072144288579,0.8648648648648649,0.8645777373893573
0.2399272161043337,999,410,89,45,455,0.8363970588235294,0.91,0.17835671342685372,0.8658658658658659,0.8655931468228151
0.24,999,410,89,46,454,0.8360957642725598,0.908,0.17835671342685372,0.8648648648648649,0.8646022096951504
0.24207449918315174,999,410,89,46,454,0.8360957642725598,0.908,0.17835671342685372,0.8648648648648649,0.8646022096951504
0.2446916004004682,999,410,89,47,453,0.8357933579335793,0.906,0.17835671342685372,0.8638638638638638,0.8636111758044958
0.24581320096178186,999,410,89,48,452,0.8354898336414048,0.904,0.17835671342685372,0.8628628628628628,0.8626200392075379
0.25,999,411,88,48,452,0.837037037037037,0.904,0.17635270541082165,0.8638638638638638,0.8636341737594347
0.25549739412612343,999,411,88,48,452,0.837037037037037,0.904,0.17635270541082165,0.8638638638638638,0.8636341737594347
0.2587062983936637,999,412,87,48,452,0.8385899814471243,0.904,0.1743486973947896,0.8648648648648649,0.8646478676757651
0.2598233109902552,999,413,86,48,452,0.8401486988847584,0.904,0.17234468937875752,0.8658658658658659,0.8656611271676301
0.26,999,414,85,48,452,0.8417132216014898,0.904,0.17034068136272545,0.8668668668668669,0.8666739584389052
0.26773768636209033,999,414,85,48,452,0.8417132216014898,0.904,0.17034068136272545,0.8668668668668669,0.8666739584389052
0.27,999,415,84,48,452,0.8432835820895522,0.904,0.1683366733466934,0.8678678678678678,0.8676863676863678
0.2738025022378861,999,415,84,48,452,0.8432835820895522,0.904,0.1683366733466934,0.8678678678678678,0.8676863676863678
0.277006673444895,999,416,83,48,452,0.8448598130841122,0.904,0.16633266533066132,0.8688688688688688,0.8686983610998239
0.28,999,417,82,48,452,0.846441947565543,0.904,0.16432865731462926,0.8698698698698699,0.8697099448622359
0.28093279765158663,999,417,82,48,452,0.846441947565543,0.904,0.16432865731462926,0.8698698698698699,0.8697099448622359
0.2821308518937656,999,418,81,48,452,0.8480300187617261,0.904,0.1623246492985972,0.8708708708708709,0.8707211251498478
0.2836904066183641,999,419,80,48,452,0.849624060150376,0.904,0.16032064128256512,0.8718718718718719,0.8717319081323126
0.2873406562805132,999,419,80,49,451,0.8493408662900188,0.902,0.16032064128256512,0.8708708708708709,0.8707382417046732
0.29,999,419,80,50,450,0.8490566037735849,0.9,0.16032064128256512,0.8698698698698699,0.8697444435529166
0.3,999,419,80,50,450,0.8490566037735849,0.9,0.16032064128256512,0.8698698698698699,0.8697444435529166
0.30030281931830344,999,419,80,50,450,0.8490566037735849,0.9,0.16032064128256512,0.8698698698698699,0.8697444435529166
0.3003856357774167,999,420,79,50,450,0.8506616257088847,0.9,0.15831663326653306,0.8708708708708709,0.8707543167642997
0.3023304183009603,999,421,78,50,450,0.8522727272727273,0.9,0.156312625250501,0.8718718718718719,0.8717638092181796
0.3036241088750088,999,421,78,51,449,0.8519924098671727,0.898,0.156312625250501,0.8708708708708709,0.8707693511041228
0.31,999,422,77,51,449,0.8536121673003803,0.898,0.15430861723446893,0.8718718718718719,0.8717782109594976
0.3156475467101599,999,422,77,51,449,0.8536121673003803,0.898,0.15430861723446893,0.8718718718718719,0.8717782109594976
0.3198746172984388,999,422,77,52,448,0.8533333333333334,0.896,0.15430861723446893,0.8708708708708709,0.8707833454490763
0.32,999,423,76,52,448,0.8549618320610687,0.896,0.1523046092184369,0.8718718718718719,0.8717915811088296
0.3226841317413385,999,423,76,52,448,0.8549618320610687,0.896,0.1523046092184369,0.8718718718718719,0.8717915811088296
0.324467736619026,999,423,76,53,447,0.8546845124282982,0.894,0.1523046092184369,0.8708708708708709,0.8707963004737198
0.32668929560620374,999,423,76,54,446,0.8544061302681992,0.892,0.1523046092184369,0.8698698698698699,0.8698008565653973
0.329072609687722,999,423,76,55,445,0.8541266794625719,0.89,0.1523046092184369,0.8688688688688688,0.8688052434194105
0.3296466883488233,999,424,75,55,445,0.8557692307692307,0.89,0.15030060120240482,0.8698698698698699,0.86981234211476
0.33,999,425,74,55,445,0.8574181117533719,0.89,0.14829659318637275,0.8708708708708709,0.8708190950089264
0.33707901547829877,999,425,74,55,445,0.8574181117533719,0.89,0.14829659318637275,0.8708708708708709,0.8708190950089264
0.34,999,425,74,56,444,0.8571428571428571,0.888,0.14829659318637275,0.8698698698698699,0.8698227817649653
0.343150285259832,999,425,74,56,444,0.8571428571428571,0.888,0.14829659318637275,0.8698698698698699,0.8698227817649653
0.3436401093127693,999,425,74,57,443,0.8568665377176016,0.886,0.14829659318637275,0.8688688688688688,0.8688262834564694
0.35,999,426,73,57,443,0.8585271317829457,0.886,0.1462925851703407,0.8698698698698699,0.8698321760187309
0.3504785836543509,999,426,73,57,443,0.8585271317829457,0.886,0.1462925851703407,0.8698698698698699,0.8698321760187309
0.3507551008582379,999,426,73,58,442,0.858252427184466,0.884,0.1462925851703407,0.8688688688688688,0.868835223428832
0.35250053809430865,999,427,72,58,442,0.8599221789883269,0.884,0.14428857715430862,0.8698698698698699,0.8698405253283302
0.36,999,427,72,59,441,0.8596491228070176,0.882,0.14428857715430862,0.8688688688688688,0.868843110627828
0.36583292568553666,999,427,72,59,441,0.8596491228070176,0.882,0.14428857715430862,0.8688688688688688,0.868843110627828
0.37,999,428,71,59,441,0.861328125,0.882,0.14228456913827656,0.8698698698698699,0.8698478300956474
0.3722720267321278,999,428,71,59,441,0.861328125,0.882,0.14228456913827656,0.8698698698698699,0.8698478300956474
0.3736976110976991,999,429,70,59,441,0.863013698630137,0.882,0.1402805611222445,0.8708708708708709,0.870852236342482
0.3742586676337715,999,430,69,59,441,0.8647058823529412,0.882,0.13827655310621242,0.8718718718718719,0.871856335431114
0.37669107527912143,999,430,69,60,440,0.8644400785854617,0.88,0.13827655310621242,0.8708708708708709,0.8708579307967423
0.38,999,430,69,61,439,0.8641732283464567,0.878,0.13827655310621242,0.8698698698698699,0.8698593073593074
0.3819193288454712,999,430,69,61,439,0.8641732283464567,0.878,0.13827655310621242,0.8698698698698699,0.8698593073593074
0.3847939165296483,999,430,69,62,438,0.863905325443787,0.876,0.13827655310621242,0.8688688688688688,0.8688604591271794
0.38651014415742463,999,431,68,62,438,0.8656126482213439,0.876,0.13627254509018036,0.8698698698698699,0.8698634804078753
0.387334533792079,999,431,68,63,437,0.8653465346534653,0.874,0.13627254509018036,0.8688688688688688,0.868864138521892
0.39,999,432,67,63,437,0.8670634920634921,0.874,0.1342685370741483,0.8698698698698699,0.8698666100186778
0.3921892522224024,999,432,67,63,437,0.8670634920634921,0.874,0.1342685370741483,0.8698698698698699,0.8698666100186778
0.3924212423425893,999,433,66,63,437,0.8687872763419483,0.874,0.13226452905811623,0.8708708708708709,0.8708688006332761
0.4,999,434,65,63,437,0.8705179282868526,0.874,0.13026052104208416,0.8718718718718719,0.8718707163985282
0.40649232838386506,999,434,65,63,437,0.8705179282868526,0.874,0.13026052104208416,0.8718718718718719,0.8718707163985282
0.40961851188920145,999,434,65,64,436,0.8702594810379242,0.872,0.13026052104208416,0.8708708708708709,0.8708703533176954
0.41,999,435,64,64,436,0.872,0.872,0.1282565130260521,0.8718718718718719,0.8718717434869739
0.41047193445981084,999,435,64,64,436,0.872,0.872,0.1282565130260521,0.8718718718718719,0.8718717434869739
0.4146209139668596,999,435,64,65,435,0.8717434869739479,0.87,0.1282565130260521,0.8708708708708709,0.8708708708708709
0.42,999,436,63,65,435,0.8734939759036144,0.87,0.12625250501002003,0.8718718718718719,0.8718717434869739
0.42085084275317153,999,436,63,65,435,0.8734939759036144,0.87,0.12625250501002003,0.8718718718718719,0.8718717434869739
0.42405654316519953,999,436,63,66,434,0.8732394366197183,0.868,0.12625250501002003,0.8708708708708709,0.8708703533176954
0.4242821403950373,999,436,63,67,433,0.8729838709677419,0.866,0.12625250501002003,0.8698698698698699,0.8698686963422553
0.42689499905067213,999,436,63,68,432,0.8727272727272727,0.864,0.12625250501002003,0.8688688688688688,0.8688667665345671
0.42760762759827864,999,436,63,69,431,0.8724696356275303,0.862,0.12625250501002003,0.8678678678678678,0.867864557865119
0.43,999,436,63,70,430,0.8722109533468559,0.86,0.12625250501002003,0.8668668668668669,0.8668620643008522
0.43314744546863654,999,436,63,70,430,0.8722109533468559,0.86,0.12625250501002003,0.8668668668668669,0.8668620643008522
0.43340459639795087,999,437,62,70,430,0.8739837398373984,0.86,0.12424849699398798,0.8678678678678678,0.8678613801064581
0.4364397441387756,999,438,61,70,430,0.8757637474541752,0.86,0.12224448897795591,0.8688688688688688,0.8688604591271794
0.44,999,439,60,70,430,0.8775510204081632,0.86,0.12024048096192384,0.8698698698698699,0.8698593073593074
0.44009396571527104,999,439,60,70,430,0.8775510204081632,0.86,0.12024048096192384,0.8698698698698699,0.8698593073593074
0.4407815906564935,999,440,59,70,430,0.8793456032719836,0.86,0.11823647294589178,0.8708708708708709,0.8708579307967423
0.4441747764462022,999,440,59,71,429,0.8790983606557377,0.858,0.11823647294589178,0.8698698698698699,0.8698540906722252
0.45,999,441,58,71,429,0.8809034907597536,0.858,0.11623246492985972,0.8708708708708709,0.870852236342482
0.45037935990945727,999,441,58,71,429,0.8809034907597536,0.858,0.11623246492985972,0.8708708708708709,0.870852236342482
0.4594646285080479,999,441,58,72,428,0.8806584362139918,0.856,0.11623246492985972,0.8698698698698699,0.8698478300956474
0.4597440668756795,999,441,58,73,427,0.8804123711340206,0.854,0.11623246492985972,0.8688688688688688,0.868843110627828
0.46,999,442,57,73,427,0.8822314049586777,0.854,0.11422845691382766,0.8698698698698699,0.8698405253283302
0.47,999,442,57,73,427,0.8822314049586777,0.854,0.11422845691382766,0.8698698698698699,0.8698405253283302
0.4700099043590276,999,442,57,73,427,0.8822314049586777,0.854,0.11422845691382766,0.8698698698698699,0.8698405253283302
0.48,999,442,57,74,426,0.8819875776397516,0.852,0.11422845691382766,0.8688688688688688,0.868835223428832
0.4828708472913081,999,442,57,74,426,0.8819875776397516,0.852,0.11422845691382766,0.8688688688688688,0.868835223428832
0.48470405339262795,999,442,57,75,425,0.8817427385892116,0.85,0.11422845691382766,0.8678678678678678,0.8678295941113268
0.4881577588700206,999,443,56,75,425,0.8835758835758836,0.85,0.11222444889779559,0.8688688688688688,0.8688262834564694
0.48998972440054966,999,443,56,76,424,0.8833333333333333,0.848,0.11222444889779559,0.8678678678678678,0.8678200553305802
0.49,999,444,55,76,424,0.8851774530271399,0.848,0.11022044088176353,0.8688688688688688,0.8688162902803827
0.4956947437018818,999,444,55,76,424,0.8851774530271399,0.848,0.11022044088176353,0.8688688688688688,0.8688162902803827
0.4978871173264616,999,445,54,76,424,0.8870292887029289,0.848,0.10821643286573146,0.8698698698698699,0.86981234211476
0.5,999,445,54,77,423,0.8867924528301887,0.846,0.10821643286573146,0.8688688688688688,0.8688052434194105
0.5008592597131941,999,445,54,77,423,0.8867924528301887,0.846,0.10821643286573146,0.8688688688688688,0.8688052434194105
0.5020617427796216,999,446,53,77,423,0.8886554621848739,0.846,0.1062124248496994,0.8698698698698699,0.8698008565653973
0.5032982943849449,999,446,53,78,422,0.888421052631579,0.844,0.1062124248496994,0.8688688688688688,0.8687931423415294
0.5035847407285243,999,446,53,79,421,0.8881856540084389,0.842,0.1062124248496994,0.8678678678678678,0.8677850680184804
0.5076418528406844,999,447,52,79,421,0.8900634249471459,0.842,0.10420841683366733,0.8688688688688688,0.8687799864637906
0.51,999,447,52,80,420,0.8898305084745762,0.84,0.10420841683366733,0.8678678678678678,0.8677712800519818
0.5126845733871876,999,447,52,80,420,0.8898305084745762,0.84,0.10420841683366733,0.8678678678678678,0.8677712800519818
0.5133246813003044,999,448,51,80,420,0.89171974522293,0.84,0.10220440881763528,0.8688688688688688,0.8687657751522487
0.5136943474474298,999,449,50,80,420,0.8936170212765957,0.84,0.10020040080160321,0.8698698698698699,0.8697601187372137
0.5180209566378408,999,449,50,81,419,0.8933901918976546,0.838,0.10020040080160321,0.8688688688688688,0.8687505077218858
0.52,999,449,50,82,418,0.8931623931623932,0.836,0.10020040080160321,0.8678678678678678,0.8677405119152692
0.5229000165623617,999,449,50,82,418,0.8931623931623932,0.836,0.10020040080160321,0.8678678678678678,0.8677405119152692
0.53,999,449,50,83,417,0.892933618843683,0.834,0.10020040080160321,0.8668668668668669,0.8667301251683841
0.5371968680821693,999,449,50,83,417,0.892933618843683,0.834,0.10020040080160321,0.8668668668668669,0.8667301251683841
0.5373848527099707,999,450,49,83,417,0.8948497854077253,0.834,0.09819639278557114,0.8678678678678678,0.8677235302614473
0.54,999,450,49,84,416,0.8946236559139785,0.832,0.09819639278557114,0.8668668668668669,0.8667124778676725
0.55,999,450,49,84,416,0.8946236559139785,0.832,0.09819639278557114,0.8668668668668669,0.8667124778676725
0.56,999,450,49,84,416,0.8946236559139785,0.832,0.09819639278557114,0.8668668668668669,0.8667124778676725
0.5686294017784416,999,450,49,84,416,0.8946236559139785,0.832,0.09819639278557114,0.8668668668668669,0.8667124778676725
0.5699046049665518,999,451,48,84,416,0.896551724137931,0.832,0.09619238476953908,0.8678678678678678,0.867705482475501
0.57,999,452,47,84,416,0.8984881209503239,0.832,0.09418837675350701,0.8688688688688688,0.8686983610998239
0.572146270736692,999,452,47,84,416,0.8984881209503239,0.832,0.09418837675350701,0.8688688688688688,0.8686983610998239
0.58,999,452,47,85,415,0.8982683982683982,0.83,0.09418837675350701,0.8678678678678678,0.8676863676863678
0.581252924034112,999,452,47,85,415,0.8982683982683982,0.83,0.09418837675350701,0.8678678678678678,0.8676863676863678
0.5849351215946443,999,453,46,85,415,0.9002169197396963,0.83,0.09218436873747494,0.8688688688688688,0.8686788613195231
0.59,999,454,45,85,415,0.9021739130434783,0.83,0.09018036072144289,0.8698698698698699,0.8696712427745665
0.5970372327684759,999,454,45,85,415,0.9021739130434783,0.83,0.09018036072144289,0.8698698698698699,0.8696712427745665
0.598880423786474,999,454,45,86,414,0.9019607843137255,0.828,0.09018036072144289,0.8688688688688688,0.8686583012261128
0.5998636688193928,999,454,45,87,413,0.9017467248908297,0.826,0.09018036072144289,0.8678678678678678,0.8676449333547455
0.6,999,455,44,87,413,0.9037199124726477,0.826,0.08817635270541083,0.8688688688688688,0.868636679826186
0.6022572696332872,999,455,44,87,413,0.9037199124726477,0.826,0.08817635270541083,0.8688688688688688,0.868636679826186
0.6025987186659372,999,455,44,88,412,0.9035087719298246,0.824,0.08817635270541083,0.8678678678678678,0.8676226118102459
0.61,999,455,44,89,411,0.9032967032967033,0.822,0.08817635270541083,0.8668668668668669,0.8666081028848518
0.6123690746032848,999,455,44,89,411,0.9032967032967033,0.822,0.08817635270541083,0.8668668668668669,0.8666081028848518
0.6153398522559078,999,455,44,90,410,0.9030837004405287,0.82,0.08817635270541083,0.8658658658658659,0.8655931468228151
0.6168187476866063,999,455,44,91,409,0.9028697571743929,0.818,0.08817635270541083,0.8648648648648649,0.8645777373893573
0.6168695186967418,999,455,44,92,408,0.9026548672566371,0.816,0.08817635270541083,0.8638638638638638,0.863561868341983
0.6175104098267442,999,456,43,92,408,0.9046563192904656,0.816,0.08617234468937876,0.8648648648648649,0.8645521679788128
0.6184123044003903,999,456,43,93,407,0.9044444444444445,0.814,0.08617234468937876,0.8638638638638638,0.8635355564483729
0.6196077284218081,999,457,42,93,407,0.9064587973273942,0.814,0.0841683366733467,0.8648648648648649,0.8645255002255146
0.62,999,458,41,93,407,0.9084821428571429,0.814,0.08216432865731463,0.8658658658658659,0.8655153707052441
0.6233688978347249,999,458,41,93,407,0.9084821428571429,0.814,0.08216432865731463,0.8658658658658659,0.8655153707052441
0.6273095278385827,999,458,41,94,406,0.9082774049217002,0.812,0.08216432865731463,0.8648648648648649,0.864497732837535
0.6288569509125204,999,459,40,94,406,0.9103139013452914,0.812,0.08016032064128256,0.8658658658658659,0.8654872627593468
0.63,999,460,39,94,406,0.9123595505617977,0.812,0.0781563126252505,0.8668668668668669,0.8664767331433998
0.6313245947781537,999,460,39,94,406,0.9123595505617977,0.812,0.0781563126252505,0.8668668668668669,0.8664767331433998
0.632323269003394,999,460,39,95,405,0.9121621621621622,0.81,0.0781563126252505,0.8658658658658659,0.8654580612999712
0.6344892327249403,999,461,38,95,405,0.9142212189616253,0.81,0.07615230460921844,0.8668668668668669,0.8664472064048891
0.6371392789242147,999,461,38,96,404,0.9140271493212669,0.808,0.07615230460921844,0.8658658658658659,0.865427764910249
0.6391776887362153,999,461,38,97,403,0.9138321995464853,0.806,0.07615230460921844,0.8648648648648649,0.8644078191340157
0.64,999,461,38,98,402,0.9136363636363637,0.804,0.07615230460921844,0.8638638638638638,0.8633873627478583
0.6474010686514053,999,461,38,98,402,0.9136363636363637,0.804,0.07615230460921844,0.8638638638638638,0.8633873627478583
0.6491297530301108,999,461,38,99,401,0.9134396355353075,0.802,0.07615230460921844,0.8628628628628628,0.8623663894143309
0.6492953570519531,999,462,37,99,401,0.9155251141552512,0.802,0.07414829659318638,0.8638638638638638,0.8633543870941787
0.6497917498122671,999,462,37,100,400,0.9153318077803204,0.8,0.07414829659318638,0.8628628628628628,0.8623326094369401
0.65,999,462,37,101,399,0.9151376146788991,0.798,0.07414829659318638,0.8618618618618619,0.8613102998696218
0.6530881647392301,999,462,37,101,399,0.9151376146788991,0.798,0.07414829659318638,0.8618618618618619,0.8613102998696218
0.6580782047171317,999,462,37,102,398,0.9149425287356322,0.796,0.07414829659318638,0.8608608608608609,0.8602874520200623
0.6594838942114688,999,462,37,103,397,0.9147465437788018,0.794,0.07414829659318638,0.8598598598598599,0.8592640595063676
0.66,999,462,37,104,396,0.9145496535796767,0.792,0.07414829659318638,0.8588588588588588,0.8582401159367782
0.67,999,462,37,104,396,0.9145496535796767,0.792,0.07414829659318638,0.8588588588588588,0.8582401159367782
0.6772143198796226,999,462,37,104,396,0.9145496535796767,0.792,0.07414829659318638,0.8588588588588588,0.8582401159367782
0.68,999,462,37,105,395,0.9143518518518519,0.79,0.07414829659318638,0.8578578578578578,0.8572156149095331
0.681666907989915,999,462,37,105,395,0.9143518518518519,0.79,0.07414829659318638,0.8578578578578578,0.8572156149095331
0.6827142517188046,999,462,37,106,394,0.91415313225058,0.788,0.07414829659318638,0.8568568568568569,0.8561905500127344
0.6845383388168971,999,463,36,106,394,0.9162790697674419,0.788,0.07214428857715431,0.8578578578578578,0.8571765132294309
0.6863077140695518,999,463,36,107,393,0.916083916083916,0.786,0.07214428857715431,0.8568568568568569,0.8561505828712286
0.6884967900018485,999,463,36,108,392,0.9158878504672897,0.784,0.07214428857715431,0.8558558558558559,0.85512407347728
0.69,999,464,35,108,392,0.9180327868852459,0.784,0.07014028056112225,0.8568568568568569,0.856109434064888
0.7,999,464,35,108,392,0.9180327868852459,0.784,0.07014028056112225,0.8568568568568569,0.856109434064888
0.7017434808314686,999,464,35,108,392,0.9180327868852459,0.784,0.07014028056112225,0.8568568568568569,0.856109434064888
0.7030492161301221,999,464,35,109,391,0.9178403755868545,0.782,0.07014028056112225,0.8558558558558559,0.8550820411978981
0.703299361150799,999,465,34,109,391,0.92,0.782,0.06813627254509018,0.8568568568568569,0.856067101584343
0.7079302029948038,999,466,33,109,391,0.9221698113207547,0.782,0.06613226452905811,0.8578578578578578,0.8570521657113837
0.71,999,466,33,110,390,0.9219858156028369,0.78,0.06613226452905811,0.8568568568568569,0.8560235833606289
0.7101859981072022,999,466,33,110,390,0.9219858156028369,0.78,0.06613226452905811,0.8568568568568569,0.8560235833606289
0.72,999,467,32,110,390,0.9241706161137441,0.78,0.06412825651302605,0.8578578578578578,0.857008362296285
0.7276790722201214,999,467,32,110,390,0.9241706161137441,0.78,0.06412825651302605,0.8578578578578578,0.857008362296285
0.73,999,467,32,111,389,0.9239904988123515,0.778,0.06412825651302605,0.8568568568568569,0.8559788772649325
0.7317101640130186,999,467,32,111,389,0.9239904988123515,0.778,0.06412825651302605,0.8568568568568569,0.8559788772649325
0.7363919883304678,999,467,32,112,388,0.9238095238095239,0.776,0.06412825651302605,0.8558558558558559,0.8549487779301443
0.7377048839197159,999,468,31,112,388,0.9260143198090692,0.776,0.06212424849699399,0.8568568568568569,0.8559329811083289
0.739317205136809,999,469,30,112,388,0.9282296650717703,0.776,0.06012024048096192,0.8578578578578578,0.856917211328976
0.74,999,470,29,112,388,0.9304556354916067,0.776,0.05811623246492986,0.8588588588588588,0.8579014745626097
0.7417100452013385,999,470,29,112,388,0.9304556354916067,0.776,0.05811623246492986,0.8588588588588588,0.8579014745626097
0.7418811480276083,999,471,28,112,388,0.9326923076923077,0.776,0.056112224448897796,0.8598598598598599,0.8588857767840568
0.7448239083127454,999,471,28,113,387,0.9325301204819277,0.774,0.056112224448897796,0.8588588588588588,0.8578538667635439
0.75,999,471,28,114,386,0.9323671497584541,0.772,0.056112224448897796,0.8578578578578578,0.8568213198543364
0.7513401786462887,999,471,28,114,386,0.9323671497584541,0.772,0.056112224448897796,0.8578578578578578,0.8568213198543364
0.7528402229139127,999,471,28,115,385,0.9322033898305084,0.77,0.056112224448897796,0.8568568568568569,0.8557881294764311
0.7538254438056983,999,471,28,116,384,0.9320388349514563,0.768,0.056112224448897796,0.8558558558558559,0.8547542890375108
0.7585376747690675,999,471,28,117,383,0.9318734793187348,0.766,0.056112224448897796,0.8548548548548549,0.8537197919328012
0.7599927090517318,999,472,27,117,383,0.9341463414634147,0.766,0.05410821643286573,0.8558558558558559,0.8547026502908857
0.76,999,472,27,118,382,0.9339853300733496,0.764,0.05410821643286573,0.8548548548548549,0.8536671849003081
0.7620698814318863,999,472,27,118,382,0.9339853300733496,0.764,0.05410821643286573,0.8548548548548549,0.8536671849003081
0.7626303670507539,999,473,26,118,382,0.9362745098039216,0.764,0.052104208416833664,0.8558558558558559,0.8546497999434184
0.7634389211852942,999,473,26,119,381,0.9361179361179361,0.762,0.052104208416833664,0.8548548548548549,0.8536133565495783
0.763629869557729,999,474,25,119,381,0.9384236453201971,0.762,0.050100200400801605,0.8558558558558559,0.8545957353904374
0.7644752500758379,999,475,24,119,381,0.9407407407407408,0.762,0.04809619238476954,0.8568568568568569,0.8555781896852396
0.7678446707256945,999,475,24,120,380,0.9405940594059405,0.76,0.04809619238476954,0.8558558558558559,0.8545404539645047
0.7684968298080437,999,476,23,120,380,0.9429280397022333,0.76,0.04609218436873747,0.8568568568568569,0.8555226869339645
0.7695056175232025,999,476,23,121,379,0.9427860696517413,0.758,0.04609218436873747,0.8558558558558559,0.8544839529350834
0.77,999,476,23,122,378,0.942643391521197,0.756,0.04609218436873747,0.8548548548548549,0.8534445167275903
0.770032921433064,999,476,23,122,378,0.942643391521197,0.756,0.04609218436873747,0.8548548548548549,0.8534445167275903
0.770706523969507,999,477,22,122,378,0.945,0.756,0.04408817635270541,0.8558558558558559,0.8544262295081967
0.7715555049435231,999,477,22,123,377,0.9448621553884712,0.754,0.04408817635270541,0.8548548548548549,0.853385775925328
0.772788835556249,999,477,22,124,376,0.9447236180904522,0.752,0.04408817635270541,0.8538538538538538,0.8523446041708849
0.7749441792129216,999,477,22,125,375,0.9445843828715366,0.75,0.04408817635270541,0.8528528528528528,0.8513027074808854
0.7774852333235017,999,477,22,126,374,0.9444444444444444,0.748,0.04408817635270541,0.8518518518518519,0.8502600790770029
0.7776242506930987,999,478,21,126,374,0.9468354430379747,0.748,0.04208416833667335,0.8528528528528528,0.8512406489158567
0.78,999,478,21,127,373,0.9467005076142132,0.746,0.04208416833667335,0.8518518518518519,0.8501969652757514
0.7847108263858444,999,478,21,127,373,0.9467005076142132,0.746,0.04208416833667335,0.8518518518518519,0.8501969652757514
0.7851992395243304,999,478,21,128,372,0.9465648854961832,0.744,0.04208416833667335,0.8508508508508509,0.8491525337846397
0.79,999,479,20,128,372,0.9489795918367347,0.744,0.04008016032064128,0.8518518518518519,0.8501325829758594
0.7937084721270073,999,479,20,128,372,0.9489795918367347,0.744,0.04008016032064128,0.8518518518518519,0.8501325829758594
0.7950587202533355,999,479,20,129,371,0.948849104859335,0.742,0.04008016032064128,0.8508508508508509,0.8490870767293531
0.8,999,479,20,130,370,0.9487179487179487,0.74,0.04008016032064128,0.8498498498498499,0.8480408063927312
0.8000872642160339,999,479,20,130,370,0.9487179487179487,0.74,0.04008016032064128,0.8498498498498499,0.8480408063927312
0.800867763044168,999,479,20,131,369,0.9485861182519281,0.738,0.04008016032064128,0.8488488488488488,0.8469937650940611
0.8031513836468441,999,479,20,132,368,0.9484536082474226,0.736,0.04008016032064128,0.8478478478478478,0.845945945945946
0.8034941833596938,999,479,20,133,367,0.9483204134366925,0.734,0.04008016032064128,0.8468468468468469,0.8448973420453658
0.8044683237571448,999,479,20,134,366,0.9481865284974094,0.732,0.04008016032064128,0.8458458458458459,0.8438479464735209
0.805834558077354,999,479,20,135,365,0.948051948051948,0.73,0.04008016032064128,0.8448448448448449,0.8427977522956736
0.8069926158088334,999,479,20,136,364,0.9479166666666666,0.728,0.04008016032064128,0.8438438438438438,0.8417467525609885
0.8093810427867796,999,480,19,136,364,0.9503916449086162,0.728,0.03807615230460922,0.8448448448448449,0.8427243041201773
0.81,999,480,19,137,363,0.9502617801047121,0.726,0.03807615230460922,0.8438438438438438,0.8416721527320605
0.8152362017910362,999,480,19,137,363,0.9502617801047121,0.726,0.03807615230460922,0.8438438438438438,0.8416721527320605
0.82,999,480,19,138,362,0.9501312335958005,0.724,0.03807615230460922,0.8428428428428428,0.8406191791902462
0.8204444910694413,999,480,19,138,362,0.9501312335958005,0.724,0.03807615230460922,0.8428428428428428,0.8406191791902462
0.8222197619978371,999,480,19,139,361,0.95,0.722,0.03807615230460922,0.8418418418418419,0.8395653764839811
0.8267305639609293,999,481,18,139,361,0.9525065963060686,0.722,0.036072144288577156,0.8428428428428428,0.8405420490625772
0.8272702847007807,999,481,18,140,360,0.9523809523809523,0.72,0.036072144288577156,0.8418418418418419,0.8394870647575658
0.8289191314128264,999,481,18,141,359,0.9522546419098143,0.718,0.036072144288577156,0.8408408408408409,0.8384312345326141
0.83,999,482,17,141,359,0.9547872340425532,0.718,0.03406813627254509,0.8418418418418419,0.8394073694234854
0.8307330198749371,999,482,17,141,359,0.9547872340425532,0.718,0.03406813627254509,0.8418418418418419,0.8394073694234854
0.8314692556052813,999,483,16,141,359,0.9573333333333334,0.718,0.03206412825651302,0.8428428428428428,0.8403836662002291
0.834604831100857,999,483,16,142,358,0.9572192513368984,0.716,0.03206412825651302,0.8418418418418419,0.8393262864727966
0.8372724638472875,999,484,15,142,358,0.9597855227882037,0.716,0.03006012024048096,0.8428428428428428,0.8403024054982817
0.8383936529684911,999,484,15,143,357,0.9596774193548387,0.714,0.03006012024048096,0.8418418418418419,0.8392438118206854
0.84,999,485,14,143,357,0.9622641509433962,0.714,0.028056112224448898,0.8428428428428428,0.840219759845235
0.8436113478839844,999,485,14,143,357,0.9622641509433962,0.714,0.028056112224448898,0.8428428428428428,0.840219759845235
0.8439441580733349,999,485,14,144,356,0.9621621621621622,0.712,0.028056112224448898,0.8418418418418419,0.8391599413059427
0.844687079635363,999,485,14,145,355,0.962059620596206,0.71,0.028056112224448898,0.8408408408408409,0.8380992374893105
0.8451126274496574,999,485,14,146,354,0.9619565217391305,0.708,0.028056112224448898,0.8398398398398398,0.8370376412054974
0.8455618183141885,999,485,14,147,353,0.9618528610354223,0.706,0.028056112224448898,0.8388388388388388,0.8359751452461153
0.85,999,485,14,148,352,0.9617486338797814,0.704,0.028056112224448898,0.8378378378378378,0.8349117423840573
0.8510989803299736,999,485,14,148,352,0.9617486338797814,0.704,0.028056112224448898,0.8378378378378378,0.8349117423840573
0.8518660828323007,999,485,14,149,351,0.9616438356164384,0.702,0.028056112224448898,0.8368368368368369,0.8338474253733248
0.8525004848188883,999,486,13,149,351,0.9642857142857143,0.702,0.026052104208416832,0.8378378378378378,0.8348214285714286
0.8587682593051219,999,487,12,149,351,0.9669421487603306,0.702,0.02404809619238477,0.8388388388388388,0.8357956314669144
0.86,999,487,12,150,350,0.9668508287292817,0.7,0.02404809619238477,0.8378378378378378,0.8347296656971994
0.8632358224531694,999,487,12,150,350,0.9668508287292817,0.7,0.02404809619238477,0.8378378378378378,0.8347296656971994
0.8633810046286655,999,487,12,151,349,0.9667590027700831,0.698,0.02404809619238477,0.8368368368368369,0.833662765576016
0.8648146334300465,999,487,12,152,348,0.9666666666666667,0.696,0.02404809619238477,0.8358358358358359,0.8325949237748804
0.8648764015767607,999,487,12,153,347,0.9665738161559888,0.694,0.02404809619238477,0.8348348348348348,0.8315261329454897
0.8663854142469006,999,488,11,153,347,0.9692737430167597,0.694,0.022044088176352707,0.8358358358358359,0.8324990798675009
0.8698038596489389,999,488,11,154,346,0.969187675070028,0.692,0.022044088176352707,0.8348348348348348,0.8314289600413975
0.87,999,488,11,155,345,0.9691011235955056,0.69,0.022044088176352707,0.8338338338338338,0.8303578735453458
0.8712482642560493,999,488,11,155,345,0.9691011235955056,0.69,0.022044088176352707,0.8338338338338338,0.8303578735453458
0.8712584702959364,999,488,11,156,344,0.9690140845070423,0.688,0.022044088176352707,0.8328328328328328,0.8292858129575909
0.8714396755628017,999,488,11,157,343,0.9689265536723164,0.686,0.022044088176352707,0.8318318318318318,0.8282127708357216
0.8714901218632576,999,488,11,158,342,0.9688385269121813,0.684,0.022044088176352707,0.8308308308308309,0.82713873971649
0.873550625516423,999,488,11,159,341,0.96875,0.682,0.022044088176352707,0.8298298298298298,0.8260637121156257
0.8747417042254431,999,488,11,160,340,0.9686609686609686,0.68,0.022044088176352707,0.8288288288288288,0.8249876805276525
0.8767363108828143,999,488,11,161,339,0.9685714285714285,0.678,0.022044088176352707,0.8278278278278278,0.8239106374257019
0.8797532606909012,999,488,11,162,338,0.9684813753581661,0.676,0.022044088176352707,0.8268268268268268,0.8228325752613272
0.88,999,488,11,163,337,0.9683908045977011,0.674,0.022044088176352707,0.8258258258258259,0.821753486464315
0.8801372680436071,999,488,11,163,337,0.9683908045977011,0.674,0.022044088176352707,0.8258258258258259,0.821753486464315
0.8810661606946766,999,489,10,163,337,0.9711815561959655,0.674,0.02004008016032064,0.8268268268268268,0.8227228107174399
0.8815825831425133,999,489,10,164,336,0.9710982658959537,0.672,0.02004008016032064,0.8258258258258259,0.8216422872340425
0.8831268014759036,999,489,10,165,335,0.9710144927536232,0.67,0.02004008016032064,0.8248248248248248,0.8205607188861576
0.8847991064805596,999,490,9,165,335,0.9738372093023255,0.67,0.018036072144288578,0.8258258258258259,0.8215294832726885
0.8856953332209533,999,490,9,166,334,0.9737609329446064,0.668,0.018036072144288578,0.8248248248248248,0.8204464574571336
0.8860023083245835,999,490,9,167,333,0.9736842105263158,0.666,0.018036072144288578,0.8238238238238238,0.819362368392935
0.8863615827016682,999,490,9,168,332,0.9736070381231672,0.664,0.018036072144288578,0.8228228228228228,0.8182772083692604
0.8871349777809364,999,490,9,169,331,0.9735294117647059,0.662,0.018036072144288578,0.8218218218218218,0.8171909696521096
0.8876687572832864,999,490,9,170,330,0.9734513274336283,0.66,0.018036072144288578,0.8208208208208209,0.8161036444841172
0.89,999,490,9,171,329,0.9733727810650887,0.658,0.018036072144288578,0.8198198198198198,0.8150152250843552
0.8924694295246463,999,490,9,171,329,0.9733727810650887,0.658,0.018036072144288578,0.8198198198198198,0.8150152250843552
0.8924807462651319,999,491,8,171,329,0.9762611275964391,0.658,0.01603206412825651,0.8208208208208209,0.815981773221083
0.8934927500487341,999,491,8,172,328,0.9761904761904762,0.656,0.01603206412825651,0.8198198198198198,0.8148918297935419
0.8936713428587352,999,491,8,173,327,0.9761194029850746,0.654,0.01603206412825651,0.8188188188188188,0.8138007733458277
0.8947677092728011,999,491,8,174,326,0.9760479041916168,0.652,0.01603206412825651,0.8178178178178178,0.8127085960097902
0.8961402058195149,999,491,8,175,325,0.975975975975976,0.65,0.01603206412825651,0.8168168168168168,0.8116152898927811
0.9,999,491,8,176,324,0.9759036144578314,0.648,0.01603206412825651,0.8158158158158159,0.8105208470774509
0.9012364234472393,999,491,8,176,324,0.9759036144578314,0.648,0.01603206412825651,0.8158158158158159,0.8105208470774509
0.9016452973080166,999,491,8,177,323,0.9758308157099698,0.646,0.01603206412825651,0.8148148148148148,0.8094252596215419
0.9031534904570585,999,491,8,178,322,0.9757575757575757,0.644,0.01603206412825651,0.8138138138138138,0.8083285195576828
0.9044992553893106,999,491,8,179,321,0.9756838905775076,0.642,0.01603206412825651,0.8128128128128128,0.8072306188931804
0.9048354902316135,999,491,8,180,320,0.975609756097561,0.64,0.01603206412825651,0.8118118118118118,0.8061315496098105
0.9048614463551783,999,491,8,181,319,0.9755351681957186,0.638,0.01603206412825651,0.8108108108108109,0.8050313036636076
0.9051836177041609,999,491,8,182,318,0.9754601226993865,0.636,0.01603206412825651,0.8098098098098098,0.803929872984654
0.9064864940160132,999,491,8,183,317,0.9753846153846154,0.634,0.01603206412825651,0.8088088088088088,0.8028272494768658
0.9069178856307649,999,491,8,184,316,0.9753086419753086,0.632,0.01603206412825651,0.8078078078078078,0.80172342501778
0.9071536640826107,999,491,8,185,315,0.9752321981424149,0.63,0.01603206412825651,0.8068068068068068,0.8006183914583387
0.9074778729849676,999,491,8,186,314,0.9751552795031055,0.628,0.01603206412825651,0.8058058058058059,0.7995121406226724
0.9082470491375894,999,491,8,187,313,0.9750778816199377,0.626,0.01603206412825651,0.8048048048048048,0.7984046643078824
0.9083454839869007,999,491,8,188,312,0.975,0.624,0.01603206412825651,0.8038038038038038,0.7972959542838213
0.9094912294995416,999,491,8,189,311,0.9749216300940439,0.622,0.01603206412825651,0.8028028028028028,0.7961860022928725
0.9098115648685314,999,491,8,190,310,0.9748427672955975,0.62,0.01603206412825651,0.8018018018018018,0.7950748000497285
0.91,999,491,8,191,309,0.9747634069400631,0.618,0.01603206412825651,0.8008008008008008,0.7939623392411675
0.9105018758342989,999,491,8,191,309,0.9747634069400631,0.618,0.01603206412825651,0.8008008008008008,0.7939623392411675
0.9107192604914389,999,491,8,192,308,0.9746835443037974,0.616,0.01603206412825651,0.7997997997997998,0.7928486115258286
0.9109606814960166,999,491,8,193,307,0.9746031746031746,0.614,0.01603206412825651,0.7987987987987988,0.7917336085339861
0.9110937266432284,999,491,8,194,306,0.9745222929936306,0.612,0.01603206412825651,0.7977977977977978,0.7906173218673218
0.9111906957811468,999,491,8,195,305,0.9744408945686901,0.61,0.01603206412825651,0.7967967967967968,0.7894997430986969
0.9115393219251045,999,491,8,196,304,0.9743589743589743,0.608,0.01603206412825651,0.7957957957957958,0.7883808637719203
0.9120776273370509,999,492,7,196,304,0.977491961414791,0.608,0.014028056112224449,0.7967967967967968,0.7893361810073578
0.9128190761086613,999,492,7,197,303,0.9774193548387097,0.606,0.014028056112224449,0.7957957957957958,0.7882154882154881
0.9129697171245998,999,492,7,198,302,0.9773462783171522,0.604,0.014028056112224449,0.7947947947947948,0.7870934742764588
0.9135074476832901,999,492,7,199,301,0.9772727272727273,0.602,0.014028056112224449,0.7937937937937938,0.785970130626508
0.9146496253975759,999,492,7,200,300,0.9771986970684039,0.6,0.014028056112224449,0.7927927927927928,0.7848454486717293
0.9147577943634997,999,492,7,201,299,0.9771241830065359,0.598,0.014028056112224449,0.7917917917917918,0.7837194197878329
0.914963614167568,999,492,7,202,298,0.9770491803278688,0.596,0.014028056112224449,0.7907907907907908,0.7825920353199044
0.9160796366605586,999,492,7,203,297,0.9769736842105263,0.594,0.014028056112224449,0.7897897897897898,0.7814632865821646
0.9166308040206369,999,492,7,204,296,0.976897689768977,0.592,0.014028056112224449,0.7887887887887888,0.780333164857725
0.9175299930822877,999,492,7,205,295,0.9768211920529801,0.59,0.014028056112224449,0.7877877877877878,0.7792016613983437
0.9183848800381713,999,492,7,206,294,0.9767441860465116,0.588,0.014028056112224449,0.7867867867867868,0.7780687674241784
0.9195354991148024,999,492,7,207,293,0.9766666666666667,0.586,0.014028056112224449,0.7857857857857858,0.7769344741235393
0.92,999,492,7,208,292,0.9765886287625418,0.584,0.014028056112224449,0.7847847847847848,0.7757987726526381
0.9205088329083018,999,492,7,208,292,0.9765886287625418,0.584,0.014028056112224449,0.7847847847847848,0.7757987726526381
0.9215299325034059,999,492,7,209,291,0.9765100671140939,0.582,0.014028056112224449,0.7837837837837838,0.7746616541353384
0.921844806732089,999,492,7,210,290,0.9764309764309764,0.58,0.014028056112224449,0.7827827827827828,0.7735231096629012
0.921952808492836,999,492,7,211,289,0.9763513513513513,0.578,0.014028056112224449,0.7817817817817818,0.7723831302937316
0.9231839427190052,999,492,7,212,288,0.976271186440678,0.576,0.014028056112224449,0.7807807807807807,0.7712417070531219
0.9231967476147364,999,492,7,213,287,0.9761904761904762,0.574,0.014028056112224449,0.7797797797797797,0.7700988309329941
0.9268210433016383,999,493,6,213,287,0.9795221843003413,0.574,0.012024048096192385,0.7807807807807807,0.7710454024582315
0.927451377259414,999,493,6,214,286,0.9794520547945206,0.572,0.012024048096192385,0.7797797797797797,0.7699004975124378
0.9275752873190194,999,493,6,215,285,0.979381443298969,0.57,0.012024048096192385,0.7787787787787788,0.7687541176261107
0.9285694043242271,999,493,6,216,284,0.9793103448275862,0.568,0.012024048096192385,0.7777777777777778,0.7676062536675329
0.93,999,493,6,217,283,0.9792387543252595,0.566,0.012024048096192385,0.7767767767767768,0.7664568964703884
0.9302673067358709,999,493,6,217,283,0.9792387543252595,0.566,0.012024048096192385,0.7767767767767768,0.7664568964703884
0.9304850913389346,999,493,6,218,282,0.9791666666666666,0.564,0.012024048096192385,0.7757757757757757,0.7653060368334942
0.9304918808427487,999,493,6,219,281,0.9790940766550522,0.562,0.012024048096192385,0.7747747747747747,0.7641536655205302
0.9306788059060596,999,493,6,220,280,0.9790209790209791,0.56,0.012024048096192385,0.7737737737737738,0.7629997732597688
0.9314083529529014,999,493,6,221,279,0.9789473684210527,0.558,0.012024048096192385,0.7727727727727728,0.7618443507438
0.9324723797759763,999,493,6,222,278,0.9788732394366197,0.556,0.012024048096192385,0.7717717717717718,0.7606873886292573
0.9328588048265634,999,493,6,223,277,0.9787985865724381,0.554,0.012024048096192385,0.7707707707707707,0.7595288775365404
0.9330296590072871,999,493,6,224,276,0.9787234042553191,0.552,0.012024048096192385,0.7697697697697697,0.7583688080495357
0.9330313871151369,999,493,6,225,275,0.9786476868327402,0.55,0.012024048096192385,0.7687687687687688,0.7572071707153356
0.9342838380768427,999,493,6,226,274,0.9785714285714285,0.548,0.012024048096192385,0.7677677677677678,0.756043956043956
0.93463914926341,999,493,6,227,273,0.978494623655914,0.546,0.012024048096192385,0.7667667667667668,0.7548791545080513
0.9347082357399509,999,493,6,228,272,0.9784172661870504,0.544,0.012024048096192385,0.7657657657657657,0.7537127565426271
0.9349676296603024,999,493,6,229,271,0.9783393501805054,0.542,0.012024048096192385,0.7647647647647647,0.7525447525447526
0.9357575423098673,999,493,6,230,270,0.9782608695652174,0.54,0.012024048096192385,0.7637637637637638,0.7513751328732684
0.9365199301246802,999,493,6,231,269,0.9781818181818182,0.538,0.012024048096192385,0.7627627627627628,0.7502038878484952
0.9387253854633564,999,493,6,232,268,0.9781021897810219,0.536,0.012024048096192385,0.7617617617617618,0.749031007751938
0.94,999,493,6,233,267,0.978021978021978,0.534,0.012024048096192385,0.7607607607607607,0.7478564828259894
0.9400602393278417,999,493,6,233,267,0.978021978021978,0.534,0.012024048096192385,0.7607607607607607,0.7478564828259894
0.940128666612072,999,493,6,234,266,0.9779411764705882,0.532,0.012024048096192385,0.7597597597597597,0.7466803032736309
0.9407047608131424,999,493,6,235,265,0.977859778597786,0.53,0.012024048096192385,0.7587587587587588,0.7455024592581317
0.9412962128748108,999,493,6,236,264,0.9777777777777777,0.528,0.012024048096192385,0.7577577577577578,0.7443229409027454
0.9413806829088786,999,493,6,237,263,0.9776951672862454,0.526,0.012024048096192385,0.7567567567567568,0.743141738290405
0.9418351273468245,999,493,6,238,262,0.9776119402985075,0.524,0.012024048096192385,0.7557557557557557,0.7419588414634146
0.9421382039290535,999,493,6,239,261,0.9775280898876404,0.522,0.012024048096192385,0.7547547547547547,0.740774240423141
0.9427394673682699,999,493,6,240,260,0.9774436090225563,0.52,0.012024048096192385,0.7537537537537538,0.7395879251297006
0.9430308774532707,999,493,6,241,259,0.9773584905660377,0.518,0.012024048096192385,0.7527527527527528,0.7383998855016459
0.9440459549779282,999,493,6,242,258,0.9772727272727273,0.516,0.012024048096192385,0.7517517517517518,0.7372101114156491
0.944151702656469,999,493,6,243,257,0.9771863117870723,0.514,0.012024048096192385,0.7507507507507507,0.7360185927061833
0.9447210178150767,999,493,6,244,256,0.9770992366412213,0.512,0.012024048096192385,0.7497497497497497,0.7348253191652014
0.944749335613073,999,493,6,245,255,0.9770114942528736,0.51,0.012024048096192385,0.7487487487487487,0.7336302805418136
0.9454279262075376,999,493,6,246,254,0.9769230769230769,0.508,0.012024048096192385,0.7477477477477478,0.7324334665419607
0.9462616068499775,999,493,6,247,253,0.9768339768339769,0.506,0.012024048096192385,0.7467467467467468,0.7312348668280871
0.9468591572846874,999,493,6,248,252,0.9767441860465116,0.504,0.012024048096192385,0.7457457457457457,0.7300344710188101
0.9472833803923159,999,493,6,249,251,0.9766536964980544,0.502,0.012024048096192385,0.7447447447447447,0.7288322686885869
0.947410662115868,999,493,6,250,250,0.9765625,0.5,0.012024048096192385,0.7437437437437437,0.7276282493673798
0.948001638422497,999,493,6,251,249,0.9764705882352941,0.498,0.012024048096192385,0.7427427427427428,0.7264224025403185
0.948131383535646,999,493,6,252,248,0.9763779527559056,0.496,0.012024048096192385,0.7417417417417418,0.7252147176473598
0.9498670948862339,999,493,6,253,247,0.9762845849802372,0.494,0.012024048096192385,0.7407407407407407,0.7240051840829453
0.95,999,493,6,254,246,0.9761904761904762,0.492,0.012024048096192385,0.7397397397397397,0.7227937911956559
0.9500369419194585,999,493,6,254,246,0.9761904761904762,0.492,0.012024048096192385,0.7397397397397397,0.7227937911956559
0.951418297992038,999,493,6,255,245,0.9760956175298805,0.49,0.012024048096192385,0.7387387387387387,0.7215805282878642
0.951685537480796,999,493,6,256,244,0.976,0.488,0.012024048096192385,0.7377377377377378,0.7203653846153846
0.9525914721137511,999,493,6,257,243,0.9759036144578314,0.486,0.012024048096192385,0.7367367367367368,0.7191483493871198
0.9540478947192778,999,494,5,257,243,0.9798387096774194,0.486,0.01002004008016032,0.7377377377377378,0.7200663101604279
0.9545898366909953,999,494,5,258,242,0.979757085020243,0.484,0.01002004008016032,0.7367367367367368,0.7188466094594204
0.9554954119658176,999,495,4,258,242,0.983739837398374,0.484,0.008016032064128256,0.7377377377377378,0.7197641949823981
0.956402353538365,999,495,4,259,241,0.9836734693877551,0.482,0.008016032064128256,0.7367367367367368,0.7185418083847089
0.9571268627328836,999,495,4,260,240,0.9836065573770492,0.48,0.008016032064128256,0.7357357357357357,0.7173174872665535
0.9579750230028758,999,495,4,261,239,0.9835390946502057,0.478,0.008016032064128256,0.7347347347347347,0.7160912205820058
0.9581085244872563,999,495,4,262,238,0.9834710743801653,0.476,0.008016032064128256,0.7337337337337337,0.7148629972359091
0.9584336123071207,999,495,4,263,237,0.983402489626556,0.474,0.008016032064128256,0.7327327327327328,0.7136328060835033
0.9589537085677945,999,495,4,264,236,0.9833333333333333,0.472,0.008016032064128256,0.7317317317317318,0.7124006359300477
0.95906074776742,999,495,4,265,235,0.9832635983263598,0.47,0.008016032064128256,0.7307307307307307,0.7111664755304433
0.959244200971241,999,495,4,266,234,0.9831932773109243,0.468,0.008016032064128256,0.7297297297297297,0.7099303135888502
0.9595357938058485,999,495,4,267,233,0.9831223628691983,0.466,0.008016032064128256,0.7287287287287287,0.7086921387583027
0.95960185878925,999,495,4,268,232,0.9830508474576272,0.464,0.008016032064128256,0.7277277277277278,0.7074519396403225
0.9597991011657192,999,495,4,269,231,0.9829787234042553,0.462,0.008016032064128256,0.7267267267267268,0.7062097047845266
0.9598309901615251,999,495,4,270,230,0.9829059829059829,0.46,0.008016032064128256,0.7257257257257257,0.7049654226882351
0.9598966119706397,999,495,4,271,229,0.9828326180257511,0.458,0.008016032064128256,0.7247247247247247,0.7037190817960733
0.9599363442273808,999,495,4,272,228,0.9827586206896551,0.456,0.008016032064128256,0.7237237237237237,0.7024706704995727
0.96,999,496,3,272,228,0.987012987012987,0.456,0.006012024048096192,0.7247247247247247,0.7033774321754913
0.9603465649284288,999,496,3,272,228,0.987012987012987,0.456,0.006012024048096192,0.7247247247247247,0.7033774321754913
0.9604844653095316,999,496,3,273,227,0.9869565217391304,0.454,0.006012024048096192,0.7237237237237237,0.7021260965386111
0.9608050087701787,999,496,3,274,226,0.9868995633187773,0.452,0.006012024048096192,0.7227227227227228,0.7008726614715582
0.9613409355796703,999,496,3,275,225,0.9868421052631579,0.45,0.006012024048096192,0.7217217217217218,0.6996171151682963
0.9618664993074815,999,496,3,276,224,0.986784140969163,0.448,0.006012024048096192,0.7207207207207207,0.6983594457677726
0.9618751502110595,999,496,3,277,223,0.9867256637168141,0.446,0.006012024048096192,0.7197197197197197,0.6970996413535007
0.9622301320154354,999,496,3,278,222,0.9866666666666667,0.444,0.006012024048096192,0.7187187187187187,0.6958376899531381
0.9622601416570841,999,496,3,279,221,0.9866071428571429,0.442,0.006012024048096192,0.7177177177177178,0.6945735795380625
0.9643212209775115,999,496,3,280,220,0.9865470852017937,0.44,0.006012024048096192,0.7167167167167167,0.6933072980229436
0.96468283152251,999,496,3,281,219,0.9864864864864865,0.438,0.006012024048096192,0.7157157157157157,0.6920388332653113
0.9648542261208287,999,496,3,282,218,0.9864253393665159,0.436,0.006012024048096192,0.7147147147147147,0.6907681730651221
0.9654175091261851,999,496,3,283,217,0.9863636363636363,0.434,0.006012024048096192,0.7137137137137137,0.6894953051643192
0.9666645708016262,999,496,3,284,216,0.9863013698630136,0.432,0.006012024048096192,0.7127127127127127,0.6882202172463927
0.9667046578327684,999,496,3,285,215,0.9862385321100917,0.43,0.006012024048096192,0.7117117117117117,0.6869428969359331
0.9669306333403154,999,496,3,286,214,0.9861751152073732,0.428,0.006012024048096192,0.7107107107107107,0.6856633317981833
0.9671706054102782,999,496,3,287,213,0.9861111111111112,0.426,0.006012024048096192,0.7097097097097097,0.6843815093385859
0.9676395587371269,999,496,3,288,212,0.986046511627907,0.424,0.006012024048096192,0.7087087087087087,0.6830974170023274
0.9676912453154682,999,496,3,289,211,0.985981308411215,0.422,0.006012024048096192,0.7077077077077077,0.6818110421738789
0.9677273808742278,999,496,3,290,210,0.9859154929577465,0.42,0.006012024048096192,0.7067067067067067,0.6805223721765326
0.9681413162074506,999,496,3,291,209,0.9858490566037735,0.418,0.006012024048096192,0.7057057057057057,0.6792313942719346
0.9683612954367701,999,496,3,292,208,0.985781990521327,0.416,0.006012024048096192,0.7047047047047047,0.6779380956596146
0.968467480116104,999,496,3,293,207,0.9857142857142858,0.414,0.006012024048096192,0.7037037037037037,0.6766424634765112
0.9691942289570912,999,496,3,294,206,0.9856459330143541,0.412,0.006012024048096192,0.7027027027027027,0.6753444847964933
0.9697340131376528,999,496,3,295,205,0.9855769230769231,0.41,0.006012024048096192,0.7017017017017017,0.6740441466298779
0.9699424602857453,999,496,3,296,204,0.9855072463768116,0.408,0.006012024048096192,0.7007007007007007,0.6727414359229439
0.97,999,497,2,296,204,0.9902912621359223,0.408,0.004008016032064128,0.7017017017017017,0.6736267639603926
0.9700884039032439,999,497,2,296,204,0.9902912621359223,0.408,0.004008016032064128,0.7017017017017017,0.6736267639603926
0.9704292825667136,999,497,2,297,203,0.9902439024390244,0.406,0.004008016032064128,0.7007007007007007,0.672320679271363
0.9705695501134681,999,497,2,298,202,0.9901960784313726,0.404,0.004008016032064128,0.6996996996996997,0.6710121891246312
0.9717170623567117,999,497,2,299,201,0.9901477832512315,0.402,0.004008016032064128,0.6986986986986987,0.6697012802275961
0.9721535925038589,999,497,2,300,200,0.9900990099009901,0.4,0.004008016032064128,0.6976976976976977,0.6683879392212726
0.9722970133951157,999,497,2,301,199,0.9900497512437811,0.398,0.004008016032064128,0.6966966966966966,0.6670721526797823
0.9723185612137181,999,497,2,302,198,0.99,0.396,0.004008016032064128,0.6956956956956957,0.6657539071098393
0.9724780758912025,999,497,2,303,197,0.9899497487437185,0.394,0.004008016032064128,0.6946946946946947,0.6644331889502324
0.9726704405909229,999,497,2,304,196,0.98989898989899,0.392,0.004008016032064128,0.6936936936936937,0.6631099845713027
0.9727546031436861,999,497,2,305,195,0.9898477157360406,0.39,0.004008016032064128,0.6926926926926927,0.6617842802744165
0.973580723984288,999,497,2,306,194,0.9897959183673469,0.388,0.004008016032064128,0.6916916916916916,0.6604560622914349
0.9737705502673815,999,497,2,307,193,0.9897435897435898,0.386,0.004008016032064128,0.6906906906906907,0.6591253167841782
0.9740885594219285,999,497,2,308,192,0.9896907216494846,0.384,0.004008016032064128,0.6896896896896897,0.6577920298438854
0.9741386450862242,999,497,2,309,191,0.9896373056994818,0.382,0.004008016032064128,0.6886886886886887,0.6564561874906703
0.9743173783468779,999,497,2,310,190,0.9895833333333334,0.38,0.004008016032064128,0.6876876876876877,0.6551177756729722
0.974322487365353,999,497,2,311,189,0.9895287958115183,0.378,0.004008016032064128,0.6866866866866866,0.6537767802670027
0.9744783346464396,999,497,2,312,188,0.9894736842105263,0.376,0.004008016032064128,0.6856856856856857,0.6524331870761867
0.9745122947943835,999,497,2,313,187,0.9894179894179894,0.374,0.004008016032064128,0.6846846846846847,0.6510869818306
0.9747225106591875,999,497,2,314,186,0.9893617021276596,0.372,0.004008016032064128,0.6836836836836837,0.6497381501864015
0.9748494137171569,999,497,2,315,185,0.9893048128342246,0.37,0.004008016032064128,0.6826826826826827,0.6483866777252605
0.9754345683905876,999,497,2,316,184,0.989247311827957,0.368,0.004008016032064128,0.6816816816816816,0.6470325499537795
0.9754467501139378,999,497,2,317,183,0.9891891891891892,0.366,0.004008016032064128,0.6806806806806807,0.6456757523029113
0.9760321195766586,999,497,2,318,182,0.9891304347826086,0.364,0.004008016032064128,0.6796796796796797,0.6443162701273732
0.976150295197492,999,497,2,319,181,0.9890710382513661,0.362,0.004008016032064128,0.6786786786786787,0.6429540887050531
0.9765104337347712,999,497,2,320,180,0.989010989010989,0.36,0.004008016032064128,0.6776776776776777,0.6415891932364135
0.976902842707029,999,497,2,321,179,0.988950276243094,0.358,0.004008016032064128,0.6766766766766766,0.6402215688438883
0.9771826685236669,999,497,2,322,178,0.9888888888888889,0.356,0.004008016032064128,0.6756756756756757,0.6388512005712756
0.9776577921079892,999,497,2,323,177,0.9888268156424581,0.354,0.004008016032064128,0.6746746746746747,0.6374780733831249
0.9776977170320841,999,497,2,324,176,0.9887640449438202,0.352,0.004008016032064128,0.6736736736736737,0.6361021721641191
0.9783914144311037,999,497,2,325,175,0.9887005649717514,0.35,0.004008016032064128,0.6726726726726727,0.634723481718451
0.9784391396761084,999,497,2,326,174,0.9886363636363636,0.348,0.004008016032064128,0.6716716716716716,0.633341986769195
0.9787030079566273,999,497,2,327,173,0.9885714285714285,0.346,0.004008016032064128,0.6706706706706707,0.6319576719576719
0.9787499469507965,999,497,2,328,172,0.9885057471264368,0.344,0.004008016032064128,0.6696696696696697,0.6305705218428106
0.9789535260688084,999,497,2,329,171,0.9884393063583815,0.342,0.004008016032064128,0.6686686686686687,0.6291805209005018
0.9789538820129677,999,497,2,330,170,0.9883720930232558,0.34,0.004008016032064128,0.6676676676676677,0.6277876535229476
0.9792531378294422,999,497,2,331,169,0.9883040935672515,0.338,0.004008016032064128,0.6666666666666666,0.626391904018005
0.9795176041254074,999,497,2,332,168,0.9882352941176471,0.336,0.004008016032064128,0.6656656656656657,0.6249932566085237
0.9797078620705604,999,497,2,333,167,0.9881656804733728,0.334,0.004008016032064128,0.6646646646646647,0.6235916954316776
0.9798225640950285,999,497,2,334,166,0.9880952380952381,0.332,0.004008016032064128,0.6636636636636637,0.6221872045382918
0.98,999,497,2,335,165,0.9880239520958084,0.33,0.004008016032064128,0.6626626626626627,0.6207797678921622
0.9800410115039601,999,497,2,335,165,0.9880239520958084,0.33,0.004008016032064128,0.6626626626626627,0.6207797678921622
0.9803533434229827,999,497,2,336,164,0.9879518072289156,0.328,0.004008016032064128,0.6616616616616616,0.6193693693693694
0.9804720746388769,999,497,2,337,163,0.9878787878787879,0.326,0.004008016032064128,0.6606606606606606,0.617955992757588
0.9804905508874838,999,497,2,338,162,0.9878048780487805,0.324,0.004008016032064128,0.6596596596596597,0.6165396217553873
0.9805434123315047,999,497,2,339,161,0.9877300613496932,0.322,0.004008016032064128,0.6586586586586587,0.6151202399715288
0.9805647837960512,999,497,2,340,160,0.9876543209876543,0.32,0.004008016032064128,0.6576576576576577,0.6136978309242542
0.9807275530279005,999,497,2,341,159,0.9875776397515528,0.318,0.004008016032064128,0.6566566566566566,0.61227237804057
0.9809042170043422,999,497,2,342,158,0.9875,0.316,0.004008016032064128,0.6556556556556556,0.6108438646555239
0.9809501327185471,999,497,2,343,157,0.9874213836477987,0.314,0.004008016032064128,0.6546546546546547,0.6094122740114756
0.9810039816693747,999,497,2,344,156,0.9873417721518988,0.312,0.004008016032064128,0.6536536536536537,0.6079775892573607
0.9817073667684054,999,497,2,345,155,0.9872611464968153,0.31,0.004008016032064128,0.6526526526526526,0.6065397934479483
0.9817641868577814,999,497,2,346,154,0.9871794871794872,0.308,0.004008016032064128,0.6516516516516516,0.6050988695430919
0.9820216600440058,999,497,2,347,153,0.9870967741935484,0.306,0.004008016032064128,0.6506506506506506,0.6036548004069732
0.9820427151252238,999,497,2,348,152,0.987012987012987,0.304,0.004008016032064128,0.6496496496496497,0.6022075688073395
0.9821176617754079,999,497,2,349,151,0.9869281045751634,0.302,0.004008016032064128,0.6486486486486487,0.6007571574147343
0.982500796399715,999,497,2,350,150,0.9868421052631579,0.3,0.004008016032064128,0.6476476476476476,0.5993035488017211
0.9832065844497325,999,497,2,351,149,0.9867549668874173,0.298,0.004008016032064128,0.6466466466466466,0.5978467254420987
0.9843566646913139,999,497,2,352,148,0.9866666666666667,0.296,0.004008016032064128,0.6456456456456456,0.5963866697101119
0.9845156767563051,999,497,2,353,147,0.9865771812080537,0.294,0.004008016032064128,0.6446446446446447,0.5949233638796529
0.9846040837553468,999,497,2,354,146,0.9864864864864865,0.292,0.004008016032064128,0.6436436436436437,0.5934567901234569
0.9849944190758589,999,497,2,355,145,0.9863945578231292,0.29,0.004008016032064128,0.6426426426426426,0.5919869305122887
0.9854163736159441,999,497,2,356,144,0.9863013698630136,0.288,0.004008016032064128,0.6416416416416416,0.5905137670141243
0.9854594417608601,999,497,2,357,143,0.9862068965517241,0.286,0.004008016032064128,0.6406406406406406,0.5890372814933224
0.9855373015675553,999,497,2,358,142,0.9861111111111112,0.284,0.004008016032064128,0.6396396396396397,0.5875574557097902
0.985550083877464,999,497,2,359,141,0.986013986013986,0.282,0.004008016032064128,0.6386386386386387,0.5860742713181408
0.9856717321922751,999,497,2,360,140,0.9859154929577465,0.28,0.004008016032064128,0.6376376376376376,0.584587709866843
0.9858366849957245,999,497,2,361,139,0.9858156028368794,0.278,0.004008016032064128,0.6366366366366366,0.5830977527973632
0.986279051602437,999,497,2,362,138,0.9857142857142858,0.276,0.004008016032064128,0.6356356356356356,0.581604381443299
0.9864684114683011,999,497,2,363,137,0.9856115107913669,0.274,0.004008016032064128,0.6346346346346347,0.580107577029506
0.9865313270250246,999,497,2,364,136,0.9855072463768116,0.272,0.004008016032064128,0.6336336336336337,0.5786073206712152
0.9866037562405264,999,497,2,365,135,0.9854014598540146,0.27,0.004008016032064128,0.6326326326326326,0.5771035933731431
0.9867517652560167,999,497,2,366,134,0.9852941176470589,0.268,0.004008016032064128,0.6316316316316316,0.5755963760285928
0.9870882941871602,999,497,2,367,133,0.9851851851851852,0.266,0.004008016032064128,0.6306306306306306,0.5740856494185476
0.9871001151837666,999,497,2,368,132,0.9850746268656716,0.264,0.004008016032064128,0.6296296296296297,0.5725713942107552
0.9874376414215684,999,497,2,369,131,0.9849624060150376,0.262,0.004008016032064128,0.6286286286286287,0.5710535909588041
0.9874411009302545,999,497,2,370,130,0.9848484848484849,0.26,0.004008016032064128,0.6276276276276276,0.5695322201011918
0.9874482718014653,999,497,2,371,129,0.9847328244274809,0.258,0.004008016032064128,0.6266266266266266,0.5680072619603815
0.9876144246412667,999,497,2,372,128,0.9846153846153847,0.256,0.004008016032064128,0.6256256256256256,0.5664786967418547
0.9878623405725813,999,497,2,373,127,0.9844961240310077,0.254,0.004008016032064128,0.6246246246246246,0.56494650453315
0.9880232727778654,999,497,2,374,126,0.984375,0.252,0.004008016032064128,0.6236236236236237,0.5634106653028965
0.9881806351543031,999,497,2,375,125,0.984251968503937,0.25,0.004008016032064128,0.6226226226226226,0.5618711588998356
0.9884656394385064,999,497,2,376,124,0.9841269841269841,0.248,0.004008016032064128,0.6216216216216216,0.5603279650518355
0.9885340253812224,999,497,2,377,123,0.984,0.246,0.004008016032064128,0.6206206206206206,0.5587810633648944
0.9885816580225832,999,497,2,378,122,0.9838709677419355,0.244,0.004008016032064128,0.6196196196196196,0.5572304333221364
0.9889250291743743,999,497,2,379,121,0.983739837398374,0.242,0.004008016032064128,0.6186186186186187,0.5556760542827959
0.9893535486605811,999,497,2,380,120,0.9836065573770492,0.24,0.004008016032064128,0.6176176176176176,0.5541179054811934
0.98937197187667,999,497,2,381,119,0.9834710743801653,0.238,0.004008016032064128,0.6166166166166166,0.5525559660257018
0.9894990551760791,999,497,2,382,118,0.9833333333333333,0.236,0.004008016032064128,0.6156156156156156,0.5509902148977012
0.9897802726007618,999,497,2,383,117,0.9831932773109243,0.234,0.004008016032064128,0.6146146146146146,0.5494206309505261
0.9899832201382032,999,497,2,384,116,0.9830508474576272,0.232,0.004008016032064128,0.6136136136136137,0.5478471929084001
0.99,999,497,2,385,115,0.9829059829059829,0.23,0.004008016032064128,0.6126126126126126,0.5462698793653625
0.9900707711999093,999,497,2,385,115,0.9829059829059829,0.23,0.004008016032064128,0.6126126126126126,0.5462698793653625
0.9904360403879019,999,497,2,386,114,0.9827586206896551,0.228,0.004008016032064128,0.6116116116116116,0.5446886687841825
0.9905331914443267,999,497,2,387,113,0.9826086956521739,0.226,0.004008016032064128,0.6106106106106106,0.5431035394952648
0.9905888861006223,999,497,2,388,112,0.9824561403508771,0.224,0.004008016032064128,0.6096096096096096,0.5415144696955433
0.9906770711953998,999,497,2,389,111,0.9823008849557522,0.222,0.004008016032064128,0.6086086086086087,0.5399214374473649
0.9907989117213899,999,497,2,390,110,0.9821428571428571,0.22,0.004008016032064128,0.6076076076076076,0.5383244206773619
0.9910311174162264,999,497,2,391,109,0.9819819819819819,0.218,0.004008016032064128,0.6066066066066066,0.5367233971753139
0.9911423494749758,999,497,2,392,108,0.9818181818181818,0.216,0.004008016032064128,0.6056056056056056,0.5351183445929986
0.9912725950217528,999,497,2,393,107,0.981651376146789,0.214,0.004008016032064128,0.6046046046046046,0.5335092404430306
0.9913296270549553,999,497,2,394,106,0.9814814814814815,0.212,0.004008016032064128,0.6036036036036037,0.5318960620976902
0.9915394170331827,999,497,2,395,105,0.9813084112149533,0.21,0.004008016032064128,0.6026026026026026,0.53027878678774
0.9916475455355944,999,497,2,396,104,0.9811320754716981,0.208,0.004008016032064128,0.6016016016016016,0.528657391601229
0.9917957290008013,999,497,2,397,103,0.9809523809523809,0.206,0.004008016032064128,0.6006006006006006,0.5270318534822874
0.9919327086079545,999,497,2,398,102,0.9807692307692307,0.204,0.004008016032064128,0.5995995995995996,0.5254021492299068
0.992048310195523,999,497,2,399,101,0.9805825242718447,0.202,0.004008016032064128,0.5985985985985987,0.52376825549671
0.9920559425372903,999,497,2,400,100,0.9803921568627451,0.2,0.004008016032064128,0.5975975975975976,0.5221301487877086
0.9920993147563245,999,497,2,401,99,0.9801980198019802,0.198,0.004008016032064128,0.5965965965965966,0.5204878054590476
0.9925226258887154,999,497,2,402,98,0.98,0.196,0.004008016032064128,0.5955955955955956,0.5188412017167382
0.9925756226987236,999,497,2,403,97,0.9797979797979798,0.194,0.004008016032064128,0.5945945945945946,0.5171903136153775
0.9927610558341405,999,497,2,404,96,0.9795918367346939,0.192,0.004008016032064128,0.5935935935935935,0.5155351170568562
0.992803372713014,999,497,2,405,95,0.979381443298969,0.19,0.004008016032064128,0.5925925925925926,0.5138755877890523
0.9928914043576683,999,497,2,406,94,0.9791666666666666,0.188,0.004008016032064128,0.5915915915915916,0.5122117014045132
0.9929605855269926,999,497,2,407,93,0.9789473684210527,0.186,0.004008016032064128,0.5905905905905906,0.5105434333391232
0.9929870243977852,999,497,2,408,92,0.9787234042553191,0.184,0.004008016032064128,0.5895895895895896,0.5088707588707588
0.9930426442967558,999,497,2,409,91,0.978494623655914,0.182,0.004008016032064128,0.5885885885885885,0.5071936531179299
0.9932579795558188,999,498,1,409,91,0.9891304347826086,0.182,0.002004008016032064,0.5895895895895896,0.5079125177809388
0.9933168516202214,999,498,1,410,90,0.989010989010989,0.18,0.002004008016032064,0.5885885885885885,0.5062288268591777
0.9933822742561379,999,498,1,411,89,0.9888888888888889,0.178,0.002004008016032064,0.5875875875875876,0.5045406394453005
0.9935784734288325,999,498,1,412,88,0.9887640449438202,0.176,0.002004008016032064,0.5865865865865866,0.5028479300543077
0.9936017630383854,999,498,1,413,87,0.9886363636363636,0.174,0.002004008016032064,0.5855855855855856,0.5011506730351716
0.9936399892917355,999,498,1,414,86,0.9885057471264368,0.172,0.002004008016032064,0.5845845845845846,0.49944884256939576
0.9936739640578834,999,498,1,415,85,0.9883720930232558,0.17,0.002004008016032064,0.5835835835835835,0.49774241266956076
0.9937614533086895,999,499,0,415,85,1.0,0.17,0.0,0.5845845845845846,0.498448472970766
0.9937616525640742,999,499,0,416,84,1.0,0.168,0.0,0.5835835835835835,0.496735192110209
0.994031309784585,999,499,0,417,83,1.0,0.166,0.0,0.5825825825825826,0.49501724357381405
0.9940539503362056,999,499,0,418,82,1.0,0.164,0.0,0.5815815815815816,0.4932946007338808
0.9941280689914367,999,499,0,419,81,1.0,0.162,0.0,0.5805805805805806,0.49156723678664654
0.9941665391589521,999,499,0,420,80,1.0,0.16,0.0,0.5795795795795796,0.4898351247507417
0.994391392495017,999,499,0,421,79,1.0,0.158,0.0,0.5785785785785785,0.48809823746563114
0.9944096537813897,999,499,0,422,78,1.0,0.156,0.0,0.5775775775775776,0.4863565475900385
0.9944999166863202,999,499,0,423,77,1.0,0.154,0.0,0.5765765765765766,0.48461002760035465
0.994643249064991,999,499,0,424,76,1.0,0.152,0.0,0.5755755755755756,0.4828586497890296
0.9946581833614133,999,499,0,425,75,1.0,0.15,0.0,0.5745745745745746,0.4811023862629472
0.9947561339933345,999,499,0,426,74,1.0,0.148,0.0,0.5735735735735735,0.47934120894178445
0.994775256139994,999,499,0,427,73,1.0,0.146,0.0,0.5725725725725725,0.47757508955635164
0.9951596815199909,999,499,0,428,72,1.0,0.144,0.0,0.5715715715715716,0.4758039996469169
0.9952520080923652,999,499,0,429,71,1.0,0.142,0.0,0.5705705705705706,0.4740279105615126
0.9953363117314432,999,499,0,430,70,1.0,0.14,0.0,0.5695695695695696,0.47224679345422377
0.9954269939110418,999,499,0,431,69,1.0,0.138,0.0,0.5685685685685685,0.4704606192834593
0.9954990030145986,999,499,0,432,68,1.0,0.136,0.0,0.5675675675675675,0.4686693588102039
0.9955792859899334,999,499,0,433,67,1.0,0.134,0.0,0.5665665665665666,0.46687298259625304
0.9957080911282423,999,499,0,434,66,1.0,0.132,0.0,0.5655655655655656,0.4650714610024281
0.995855032391015,999,499,0,435,65,1.0,0.13,0.0,0.5645645645645646,0.4632647641867732
0.9958664596128681,999,499,0,436,64,1.0,0.128,0.0,0.5635635635635635,0.461452862102733
0.9959557992721824,999,499,0,437,63,1.0,0.126,0.0,0.5625625625625625,0.45963572449731094
0.9960506649155,999,499,0,438,62,1.0,0.124,0.0,0.5615615615615616,0.4578133209092081
0.9962845295256118,999,499,0,439,61,1.0,0.122,0.0,0.5605605605605606,0.45598562066694204
0.9963275287237958,999,499,0,440,60,1.0,0.12,0.0,0.5595595595595596,0.45415259288694615
0.9963414940778155,999,499,0,441,59,1.0,0.118,0.0,0.5585585585585585,0.4523142064716479
0.9963523584167834,999,499,0,442,58,1.0,0.116,0.0,0.5575575575575575,0.45047043010752685
0.9964039142017737,999,499,0,443,57,1.0,0.114,0.0,0.5565565565565566,0.4486212322631526
0.9965259062426582,999,499,0,444,56,1.0,0.112,0.0,0.5555555555555556,0.44676658118720003
0.9965669070002469,999,499,0,445,55,1.0,0.11,0.0,0.5545545545545546,0.4449064449064449
0.9967731752033789,999,499,0,446,54,1.0,0.108,0.0,0.5535535535535535,0.4430407912237367
0.996857238093646,999,499,0,447,53,1.0,0.106,0.0,0.5525525525525525,0.44116958771595016
0.9969355784942521,999,499,0,448,52,1.0,0.104,0.0,0.5515515515515516,0.4392928017319141
0.9969441451662994,999,499,0,449,51,1.0,0.102,0.0,0.5505505505505506,0.43741040039031875
0.9970698038832039,999,499,0,450,50,1.0,0.1,0.0,0.5495495495495496,0.43552235057759925
0.9971147836050377,999,499,0,451,49,1.0,0.098,0.0,0.5485485485485485,0.4336286189457964
0.9971686423085178,999,499,0,452,48,1.0,0.096,0.0,0.5475475475475475,0.43172917191039517
0.9972805751201876,999,499,0,453,47,1.0,0.094,0.0,0.5465465465465466,0.42982397564813773
0.9972834715482852,999,499,0,454,46,1.0,0.092,0.0,0.5455455455455456,0.42791299609481426
0.9973348660894251,999,499,0,455,45,1.0,0.09,0.0,0.5445445445445446,0.42599619894302837
0.9973485973375265,999,499,0,456,44,1.0,0.088,0.0,0.5435435435435435,0.4240735496399385
0.9973899035789632,999,499,0,457,43,1.0,0.086,0.0,0.5425425425425425,0.4221450133849747
0.9973998739394822,999,499,0,458,42,1.0,0.084,0.0,0.5415415415415415,0.4202105551275293
0.9974300307748306,999,499,0,459,41,1.0,0.082,0.0,0.5405405405405406,0.41827013956462333
0.9974699206044312,999,499,0,460,40,1.0,0.08,0.0,0.5395395395395396,0.4163237311385459
0.9974861863897295,999,499,0,461,39,1.0,0.078,0.0,0.5385385385385385,0.41437129403446843
0.9975415969557144,999,499,0,462,38,1.0,0.076,0.0,0.5375375375375375,0.4124127921780313
0.9975505457078213,999,499,0,463,37,1.0,0.074,0.0,0.5365365365365365,0.41044818923290466
0.997596506948864,999,499,0,464,36,1.0,0.072,0.0,0.5355355355355356,0.4084774485983217
0.9976403133403619,999,499,0,465,35,1.0,0.07,0.0,0.5345345345345346,0.4065005334065836
0.9976496399086869,999,499,0,466,34,1.0,0.068,0.0,0.5335335335335335,0.40451740652053786
0.9976530491073637,999,499,0,467,33,1.0,0.066,0.0,0.5325325325325325,0.40252803053102726
0.9976784581346744,999,499,0,468,32,1.0,0.064,0.0,0.5315315315315315,0.4005323677543107
0.9977844416410692,999,499,0,469,31,1.0,0.062,0.0,0.5305305305305306,0.3985303802294548
0.9978093048895962,999,499,0,470,30,1.0,0.06,0.0,0.5295295295295295,0.39652202971569583
0.9978235653070344,999,499,0,471,29,1.0,0.058,0.0,0.5285285285285285,0.3945072776897727
0.9978264156194923,999,499,0,472,28,1.0,0.056,0.0,0.5275275275275275,0.3924860853432282
0.9978750342626426,999,499,0,473,27,1.0,0.054,0.0,0.5265265265265265,0.39045841357968153
0.997921706500673,999,499,0,474,26,1.0,0.052,0.0,0.5255255255255256,0.3884242230120681
0.997977455645815,999,499,0,475,25,1.0,0.05,0.0,0.5245245245245245,0.3863834739598487
0.9979780374147831,999,499,0,476,24,1.0,0.048,0.0,0.5235235235235235,0.38433612644618687
0.9979868180378044,999,499,0,477,23,1.0,0.046,0.0,0.5225225225225225,0.3822821401950935
0.9979960369790362,999,499,0,478,22,1.0,0.044,0.0,0.5215215215215215,0.3802214746285394
0.9980095603300864,999,499,0,479,21,1.0,0.042,0.0,0.5205205205205206,0.3781540888635339
0.998065036328614,999,499,0,480,20,1.0,0.04,0.0,0.5195195195195195,0.37607994170917036
0.9981332294710337,999,499,0,481,19,1.0,0.038,0.0,0.5185185185185185,0.37399899166363776
0.9982030440013948,999,499,0,482,18,1.0,0.036,0.0,0.5175175175175175,0.3719111969111969
0.9982347158198902,999,499,0,483,17,1.0,0.034,0.0,0.5165165165165165,0.36981651531912285
0.9982816214730509,999,499,0,484,16,1.0,0.032,0.0,0.5155155155155156,0.3677149044346107
0.9984429600848728,999,499,0,485,15,1.0,0.03,0.0,0.5145145145145145,0.36560632148164635
0.9984694690679818,999,499,0,486,14,1.0,0.028,0.0,0.5135135135135135,0.36349072335784033
0.9985135507163682,999,499,0,487,13,1.0,0.026,0.0,0.5125125125125125,0.3613680666312245
0.998538980375686,999,499,0,488,12,1.0,0.024,0.0,0.5115115115115115,0.35923830753701214
0.9986746808942206,999,499,0,489,11,1.0,0.022,0.0,0.5105105105105106,0.35710140197431883
0.9987407582666972,999,499,0,490,10,1.0,0.02,0.0,0.5095095095095095,0.35495730550284627
0.9987488630993916,999,499,0,491,9,1.0,0.018,0.0,0.5085085085085085,0.3528059733395259
0.9988519961159078,999,499,0,492,8,1.0,0.016,0.0,0.5075075075075075,0.35064736035512345
0.9988604433095888,999,499,0,493,7,1.0,0.014,0.0,0.5065065065065065,0.34848142107080354
0.9989709301869759,999,499,0,494,6,1.0,0.012,0.0,0.5055055055055055,0.34630810965465353
0.9990109378240531,999,499,0,495,5,1.0,0.01,0.0,0.5045045045045045,0.344127379918166
0.9991944446100265,999,499,0,496,4,1.0,0.008,0.0,0.5035035035035035,0.3419391853126793
0.9992404963700607,999,499,0,497,3,1.0,0.006,0.0,0.5025025025025025,0.33974347892577644
0.9992707219526337,999,499,0,498,2,1.0,0.004,0.0,0.5015015015015015,0.33754021347764024
0.9994295411037487,999,499,0,499,1,1.0,0.002,0.0,0.5005005005005005,0.33532934131736525
1.0,999,499,0,500,0,,0.0,0.0,0.4994994994994995,0.33311081441922563
1.0000000000000002,999,499,0,500,0,,0.0,0.0,0.4994994994994995,0.33311081441922563
