threshold,n,true_negatives,false_positives,false_negatives,true_positives,precision,recall,false_positive_rate,accuracy,macro_f1
0.0,999,0,499,0,500,0.5005005005005005,1.0,1.0,0.5005005005005005,0.333555703802535
0.00040513420283325136,999,0,499,0,500,0.5005005005005005,1.0,1.0,0.5005005005005005,0.333555703802535
0.00040644828145813204,999,1,498,0,500,0.501002004008016,1.0,0.9979959919839679,0.5015015015015015,0.33577837116154874
0.00041346782016853366,999,2,497,0,500,0.5015045135406219,1.0,0.9959919839679359,0.5025025025025025,0.3379933519734079
0.0004871590728524669,999,3,496,0,500,0.5020080321285141,1.0,0.9939879759519038,0.5035035035035035,0.34020069454801116
0.0004941725524422615,999,4,495,0,500,0.5025125628140703,1.0,0.9919839679358717,0.5045045045045045,0.3424004468174232
0.0004996583680810254,999,5,494,0,500,0.5030181086519114,1.0,0.9899799599198397,0.5055055055055055,0.3445926563396443
0.0005227135662053321,999,6,493,0,500,0.5035246727089627,1.0,0.9879759519038076,0.5065065065065065,0.346777370302335
0.0005354635317530211,999,7,492,0,500,0.5040322580645161,1.0,0.9859719438877755,0.5075075075075075,0.348954635526497
0.0006043848543513912,999,8,491,0,500,0.5045408678102926,1.0,0.9839679358717435,0.5085085085085085,0.3511244984701106
0.0006401423880007504,999,9,490,0,500,0.5050505050505051,1.0,0.9819639278557114,0.5095095095095095,0.3532870052317286
0.0006650906674897502,999,10,489,0,500,0.5055611729019212,1.0,0.9799599198396793,0.5105105105105106,0.3554422015540288
0.000666191462828657,999,11,488,0,500,0.5060728744939271,1.0,0.9779559118236473,0.5115115115115115,0.35759013282732444
0.0006962395671230718,999,12,487,0,500,0.5065856129685917,1.0,0.9759519038076152,0.5125125125125125,0.3597308440930333
0.0007088095831700372,999,13,486,0,500,0.5070993914807302,1.0,0.9739478957915831,0.5135135135135135,0.3618643800471063
0.0007128772988134356,999,14,485,0,500,0.5076142131979695,1.0,0.9719438877755511,0.5145145145145145,0.36399078504341664
0.0007182277431979787,999,15,484,0,500,0.508130081300813,1.0,0.969939879759519,0.5155155155155156,0.36611010309710845
0.0007362376788695668,999,16,483,0,500,0.508646998982706,1.0,0.9679358717434869,0.5165165165165165,0.3682223778879076
0.0007375167856046008,999,17,482,0,500,0.5091649694501018,1.0,0.9659318637274549,0.5175175175175175,0.3703276527633933
0.000738932683495702,999,18,481,0,500,0.509683995922528,1.0,0.9639278557114228,0.5185185185185185,0.37242597074223205
0.0007405723338878674,999,19,480,0,500,0.5102040816326531,1.0,0.9619238476953907,0.5195195195195195,0.3745173745173745
0.0007503739561937695,999,20,479,0,500,0.5107252298263534,1.0,0.9599198396793587,0.5205205205205206,0.37660190645921515
0.000756443965360279,999,21,478,0,500,0.5112474437627812,1.0,0.9579158316633266,0.5215215215215215,0.3786796086187155
0.0007636074261854378,999,22,477,0,500,0.5117707267144319,1.0,0.9559118236472945,0.5225225225225225,0.380750522730492
0.0007671405251890566,999,23,476,0,500,0.5122950819672131,1.0,0.9539078156312625,0.5235235235235235,0.38281469021586767
0.0007692019865990678,999,24,475,0,500,0.5128205128205128,1.0,0.9519038076152304,0.5245245245245245,0.3848721521858897
0.0007901735190795455,999,25,474,0,500,0.5133470225872689,1.0,0.9498997995991983,0.5255255255255256,0.3869229494443121
0.0007944889632505262,999,26,473,0,500,0.513874614594039,1.0,0.9478957915831663,0.5265265265265265,0.3889671224905441
0.0008043885246215616,999,27,472,0,500,0.51440329218107,1.0,0.9458917835671342,0.5275275275275275,0.3910047115225657
0.0008098721381160043,999,28,471,0,500,0.5149330587023687,1.0,0.9438877755511023,0.5285285285285285,0.3930357564398097
0.0008137197999837355,999,29,470,0,500,0.5154639175257731,1.0,0.9418837675350702,0.5295295295295295,0.3950602968460111
0.0008198197844659867,999,30,469,0,500,0.5159958720330238,1.0,0.9398797595190381,0.5305305305305306,0.3970783720520241
0.0008744395805802572,999,31,468,0,500,0.5165289256198347,1.0,0.9378757515030061,0.5315315315315315,0.39909002107860775
0.000881463656866073,999,32,467,0,500,0.5170630816959669,1.0,0.935871743486974,0.5325325325325325,0.40109528265917993
0.0008824261000903839,999,33,466,0,500,0.5175983436853002,1.0,0.9338677354709419,0.5335335335335335,0.4030941952425402
0.0008827626727037575,999,34,465,0,500,0.5181347150259067,1.0,0.9318637274549099,0.5345345345345346,0.4050867969955625
0.0008856646811620891,999,35,464,0,500,0.5186721991701245,1.0,0.9298597194388778,0.5355355355355356,0.4070731258058574
0.0009009811614924195,999,36,463,0,500,0.5192107995846313,1.0,0.9278557114228457,0.5365365365365365,0.40905321928440475
0.0009279671002830625,999,37,462,0,500,0.5197505197505198,1.0,0.9258517034068137,0.5375375375375375,0.4110271147681565
0.0009395704435797654,999,38,461,0,500,0.5202913631633714,1.0,0.9238476953907816,0.5385385385385385,0.4129948493226113
0.0009447383143509516,999,39,460,0,500,0.5208333333333334,1.0,0.9218436873747495,0.5395395395395396,0.41495645974436013
0.0009604183909683486,999,40,459,0,500,0.5213764337851929,1.0,0.9198396793587175,0.5405405405405406,0.41691198256360307
0.0009666834286359593,999,41,458,0,500,0.5219206680584552,1.0,0.9178356713426854,0.5415415415415415,0.4188614540466392
0.0009927619951837724,999,42,457,0,500,0.522466039707419,1.0,0.9158316633266533,0.5425425425425425,0.42080491019832866
0.001007701794840458,999,43,456,0,500,0.5230125523012552,1.0,0.9138276553106213,0.5435435435435435,0.42274238676452697
0.0010086318830097535,999,44,455,0,500,0.5235602094240838,1.0,0.9118236472945892,0.5445445445445446,0.4246739192344934
0.0010182167926741548,999,45,454,0,500,0.5241090146750524,1.0,0.9098196392785571,0.5455455455455456,0.4265995428432721
0.001035882672710242,999,46,453,0,500,0.5246589716684156,1.0,0.9078156312625251,0.5465465465465466,0.428519292574048
0.0010454503176856801,999,47,452,0,500,0.5252100840336135,1.0,0.905811623246493,0.5475475475475475,0.43043320316047584
0.0010516561471667738,999,48,451,0,500,0.5257623554153522,1.0,0.9038076152304609,0.5485485485485485,0.4323413090889848
0.0010575900632262328,999,49,450,0,500,0.5263157894736842,1.0,0.9018036072144289,0.5495495495495496,0.43424364460105713
0.0010590932193485338,999,50,449,0,500,0.5268703898840885,1.0,0.8997995991983968,0.5505505505505506,0.4361402436954825
0.0010675129301283713,999,51,448,0,500,0.5274261603375527,1.0,0.8977955911823647,0.5515515515515516,0.43803114013058764
0.0010815250737939261,999,52,447,0,500,0.5279831045406547,1.0,0.8957915831663327,0.5525525525525525,0.4399163674264421
0.0010874201252561086,999,53,446,0,500,0.5285412262156448,1.0,0.8937875751503006,0.5535535535535535,0.4417959588670395
0.0010972206146392782,999,54,445,0,500,0.5291005291005291,1.0,0.8917835671342685,0.5545545545545546,0.4436699475024559
0.0011054101193235786,999,55,444,0,500,0.5296610169491526,1.0,0.8897795591182365,0.5555555555555556,0.4455383661509845
0.0011080564046187747,999,56,443,0,500,0.5302226935312832,1.0,0.8877755511022044,0.5565565565565566,0.4474012474012474
0.0011084969578154837,999,57,442,0,500,0.5307855626326964,1.0,0.8857715430861723,0.5575575575575575,0.4492586236142847
0.0011126011809649973,999,58,441,0,500,0.5313496280552603,1.0,0.8837675350701403,0.5585585585585585,0.4511105269256214
0.0011154625032604815,999,59,440,0,500,0.5319148936170213,1.0,0.8817635270541082,0.5595595595595596,0.4529569892473118
0.001116416468327973,999,60,439,0,500,0.5324813631522897,1.0,0.8797595190380761,0.5605605605605606,0.45479804226996234
0.0011183340346871,999,61,438,0,500,0.5330490405117271,1.0,0.8777555110220441,0.5615615615615616,0.45663371746473275
0.0011210874452479808,999,62,437,0,500,0.5336179295624333,1.0,0.875751503006012,0.5625625625625625,0.4584640460853159
0.0011531884379730596,999,63,436,0,500,0.5341880341880342,1.0,0.87374749498998,0.5635635635635635,0.4602890591698966
0.0011560843850521565,999,64,435,0,500,0.5347593582887701,1.0,0.8717434869739479,0.5645645645645646,0.46210878754308987
0.0011935385759411351,999,65,434,0,500,0.5353319057815846,1.0,0.8697394789579158,0.5655655655655656,0.46392326181785815
0.0011938718737009248,999,66,433,0,500,0.5359056806002144,1.0,0.8677354709418837,0.5665665665665666,0.46573251239740876
0.0011947111462514756,999,67,432,0,500,0.5364806866952789,1.0,0.8657314629258517,0.5675675675675675,0.4675365694770713
0.0012012729891238765,999,68,431,0,500,0.5370569280343717,1.0,0.8637274549098196,0.5685685685685685,0.46933546304615487
0.0012106026952638863,999,69,430,0,500,0.5376344086021505,1.0,0.8617234468937875,0.5695695695695696,0.47112922288978626
0.0012106582133847043,999,70,429,0,500,0.5382131324004306,1.0,0.8597194388777555,0.5705705705705706,0.4729178785907286
0.0012164610697347296,999,71,428,0,500,0.5387931034482759,1.0,0.8577154308617234,0.5715715715715716,0.47470145953118087
0.0012400922613316106,999,72,427,0,500,0.5393743257820928,1.0,0.8557114228456913,0.5725725725725725,0.47647999489455917
0.0012691279148506491,999,72,427,1,499,0.5388768898488121,0.998,0.8557114228456913,0.5715715715715716,0.4758039996469169
0.0012775422146814228,999,73,426,1,499,0.5394594594594595,0.998,0.8537074148296593,0.5725725725725725,0.47757508955635164
0.0012976408276139974,999,74,425,1,499,0.54004329004329,0.998,0.8517034068136272,0.5735735735735735,0.47934120894178445
0.001298361990008393,999,75,424,1,499,0.5406283856988082,0.998,0.8496993987975952,0.5745745745745746,0.4811023862629472
0.001318299488663052,999,76,423,1,499,0.5412147505422994,0.998,0.8476953907815631,0.5755755755755756,0.4828586497890296
0.0013718113508501,999,77,422,1,499,0.5418023887079262,0.998,0.845691382765531,0.5765765765765766,0.48461002760035465
0.0013763078911891845,999,78,421,1,499,0.5423913043478261,0.998,0.843687374749499,0.5775775775775776,0.4863565475900385
0.0013811219852997926,999,79,420,1,499,0.5429815016322089,0.998,0.8416833667334669,0.5785785785785785,0.48809823746563114
0.001406985333214327,999,80,419,1,499,0.5435729847494554,0.998,0.8396793587174348,0.5795795795795796,0.4898351247507417
0.0014388713314001866,999,81,418,1,499,0.5441657579062159,0.998,0.8376753507014028,0.5805805805805806,0.49156723678664654
0.0014458486637604696,999,82,417,1,499,0.5447598253275109,0.998,0.8356713426853707,0.5815815815815816,0.4932946007338808
0.001452396121729372,999,83,416,1,499,0.5453551912568306,0.998,0.8336673346693386,0.5825825825825826,0.49501724357381405
0.0014569025164870412,999,84,415,1,499,0.5459518599562363,0.998,0.8316633266533067,0.5835835835835835,0.496735192110209
0.0015043609162236032,999,85,414,1,499,0.5465498357064622,0.998,0.8296593186372746,0.5845845845845846,0.498448472970766
0.0015181106996693162,999,86,413,1,499,0.5471491228070176,0.998,0.8276553106212425,0.5855855855855856,0.5001571126086494
0.0015350253549177688,999,87,412,1,499,0.5477497255762898,0.998,0.8256513026052105,0.5865865865865866,0.5018611373040011
0.001545515207191424,999,88,411,1,499,0.5483516483516484,0.998,0.8236472945891784,0.5875875875875876,0.5035605731654365
0.0015461293766223735,999,89,410,1,499,0.5489548954895489,0.998,0.8216432865731463,0.5885885885885885,0.5052554461315265
0.0015986515729253421,999,90,409,1,499,0.5495594713656388,0.998,0.8196392785571143,0.5895895895895896,0.506945781972265
0.0016026963783095684,999,91,408,1,499,0.5501653803748622,0.998,0.8176352705410822,0.5905905905905906,0.5086316062905198
0.0016060394889691979,999,92,407,1,499,0.5507726269315674,0.998,0.8156312625250501,0.5915915915915916,0.5103129445234709
0.001645949195364319,999,93,406,1,499,0.5513812154696133,0.998,0.8136272545090181,0.5925925925925926,0.5119898219440326
0.0016542213313789273,999,94,405,1,499,0.5519911504424779,0.998,0.811623246492986,0.5935935935935935,0.5136622636622636
0.0017214995139090625,999,95,404,1,499,0.5526024363233666,0.998,0.8096192384769539,0.5945945945945946,0.5153302946267602
0.0017320713838016731,999,96,403,1,499,0.5532150776053215,0.998,0.8076152304609219,0.5955955955955956,0.5169939396260376
0.001736171033736157,999,97,402,1,499,0.5538290788013318,0.998,0.8056112224448898,0.5965965965965966,0.518653223289897
0.0017414543509741984,999,98,401,1,499,0.5544444444444444,0.998,0.8036072144288577,0.5975975975975976,0.5203081700907788
0.0017631556187864628,999,99,400,1,499,0.5550611790878754,0.998,0.8016032064128257,0.5985985985985987,0.5219588043451022
0.0017947695657236599,999,100,399,1,499,0.5556792873051225,0.998,0.7995991983967936,0.5995995995995996,0.5236051502145923
0.0018193053955647739,999,101,398,1,499,0.5562987736900781,0.998,0.7975951903807615,0.6006006006006006,0.525247231707593
0.0018431159882571775,999,102,397,1,499,0.5569196428571429,0.998,0.7955911823647295,0.6016016016016016,0.5268850726803682
0.0018441777700462874,999,103,396,1,499,0.5575418994413408,0.998,0.7935871743486974,0.6026026026026026,0.5285186968383887
0.0018539155407348274,999,104,395,1,499,0.558165548098434,0.998,0.7915831663326653,0.6036036036036037,0.5301481277376077
0.0019804232627875507,999,105,394,1,499,0.5587905935050392,0.998,0.7895791583166333,0.6046046046046046,0.5317733887857232
0.0019804998012308513,999,106,393,1,499,0.5594170403587444,0.998,0.7875751503006012,0.6056056056056056,0.5333945032434277
0.0019980848137239617,999,107,392,1,499,0.5600448933782267,0.998,0.7855711422845691,0.6066066066066066,0.5350114942256469
0.002000383836404159,999,108,391,1,499,0.5606741573033708,0.998,0.7835671342685371,0.6076076076076076,0.5366243847027641
0.00204637540787028,999,109,390,1,499,0.5613048368953881,0.998,0.781563126252505,0.6086086086086087,0.5382331975018353
0.0020664763991072948,999,110,389,1,499,0.5619369369369369,0.998,0.779559118236473,0.6096096096096096,0.5398379553077904
0.002066682294938936,999,111,388,1,499,0.5625704622322435,0.998,0.7775551102204409,0.6106106106106106,0.5414386806646236
0.0020895071835725894,999,112,387,1,499,0.5632054176072234,0.998,0.7755511022044088,0.6116116116116116,0.5430353959765725
0.002164866543693889,999,113,386,1,499,0.5638418079096045,0.998,0.7735470941883767,0.6126126126126126,0.5446281235092845
0.002197945683838569,999,114,385,1,499,0.5644796380090498,0.998,0.7715430861723447,0.6136136136136137,0.5462168853909736
0.0022179876306726,999,115,384,1,499,0.565118912797282,0.998,0.7695390781563126,0.6146146146146146,0.5478017036135654
0.002230478462543513,999,116,383,1,499,0.5657596371882087,0.998,0.7675350701402806,0.6156156156156156,0.5493826000338302
0.0022375250139989433,999,117,382,1,499,0.5664018161180476,0.998,0.7655310621242485,0.6166166166166166,0.5509595963745061
0.0022433326170943355,999,118,381,1,499,0.5670454545454545,0.998,0.7635270541082164,0.6176176176176176,0.5525327142254115
0.0022964898357586507,999,119,380,1,499,0.5676905574516496,0.998,0.7615230460921844,0.6186186186186187,0.5541019750445466
0.0022992693388991722,999,120,379,1,499,0.5683371298405467,0.998,0.7595190380761523,0.6196196196196196,0.5556674001591835
0.002329608050724955,999,121,378,1,499,0.5689851767388826,0.998,0.7575150300601202,0.6206206206206206,0.5572290107669476
0.0023529058417316928,999,122,377,1,499,0.569634703196347,0.998,0.7555110220440882,0.6216216216216216,0.5587868279368877
0.0023574313486426236,999,123,376,1,499,0.5702857142857143,0.998,0.7535070140280561,0.6226226226226226,0.5603408726105356
0.002392128885450833,999,124,375,1,499,0.5709382151029748,0.998,0.751503006012024,0.6236236236236237,0.5618911656029559
0.002433408342768735,999,125,374,1,499,0.5715922107674685,0.998,0.749498997995992,0.6246246246246246,0.5634377276037874
0.00243963906176955,999,126,373,1,499,0.5722477064220184,0.998,0.7474949899799599,0.6256256256256256,0.564980579178271
0.002484273846136962,999,127,372,1,499,0.5729047072330654,0.998,0.7454909819639278,0.6266266266266266,0.5665197407682724
0.002506075789108983,999,128,371,1,499,0.5735632183908046,0.998,0.7434869739478958,0.6276276276276276,0.5680552326932912
0.0025347588421146166,999,129,370,1,499,0.5742232451093211,0.998,0.7414829659318637,0.6286286286286287,0.5695870751514631
0.002611469056495951,999,130,369,1,499,0.5748847926267281,0.998,0.7394789579158316,0.6296296296296297,0.5711152882205514
0.002684385021520282,999,131,368,1,499,0.5755478662053056,0.998,0.7374749498997996,0.6306306306306306,0.5726398918589297
0.002686893780274222,999,132,367,1,499,0.5762124711316398,0.998,0.7354709418837675,0.6316316316316316,0.5741609059065552
0.0028061438342822332,999,133,366,1,499,0.576878612716763,0.998,0.7334669338677354,0.6326326326326326,0.575678350085933
0.002822343062169403,999,134,365,1,499,0.5775462962962963,0.998,0.7314629258517034,0.6336336336336337,0.5771922440030713
0.002880643617088023,999,135,364,1,499,0.578215527230591,0.998,0.7294589178356713,0.6346346346346347,0.5787026071484278
0.0029809239926663258,999,136,363,1,499,0.5788863109048724,0.998,0.7274549098196392,0.6356356356356356,0.5802094588978473
0.003003825666758459,999,137,362,1,499,0.5795586527293844,0.998,0.7254509018036072,0.6366366366366366,0.5817128185134903
0.0031556641416560696,999,138,361,1,499,0.5802325581395349,0.998,0.7234468937875751,0.6376376376376376,0.5832127051447538
0.003181297626461222,999,139,360,1,499,0.580908032596042,0.998,0.7214428857715431,0.6386386386386387,0.5847091378291827
0.0031816325295150336,999,140,359,1,499,0.5815850815850816,0.998,0.7194388777555111,0.6396396396396397,0.5862021354933726
0.0034368703654587495,999,141,358,1,499,0.5822637106184364,0.998,0.717434869739479,0.6406406406406406,0.587691716953866
0.003528300335516978,999,142,357,1,499,0.5829439252336449,0.998,0.7154308617234469,0.6416416416416416,0.5891779009180382
0.003690770092808082,999,143,356,1,499,0.583625730994152,0.998,0.7134268537074149,0.6426426426426426,0.5906607059849759
0.0037012113080844887,999,144,355,1,499,0.5843091334894613,0.998,0.7114228456913828,0.6436436436436437,0.5921401506463481
0.0037076621442614878,999,145,354,1,499,0.5849941383352872,0.998,0.7094188376753507,0.6446446446446447,0.5936162532872686
0.0037522223089365894,999,146,353,1,499,0.5856807511737089,0.998,0.7074148296593187,0.6456456456456456,0.5950890321871508
0.0039045052169147444,999,147,352,1,499,0.5863689776733255,0.998,0.7054108216432866,0.6466466466466466,0.5965585055205544
0.003973179748962155,999,148,351,1,499,0.5870588235294117,0.998,0.7034068136272545,0.6476476476476476,0.5980246913580247
0.004013198719993012,999,149,350,1,499,0.5877502944640753,0.998,0.7014028056112225,0.6486486486486487,0.5994876076669244
0.004064569635175375,999,150,349,1,499,0.5884433962264151,0.998,0.6993987975951904,0.6496496496496497,0.6009472723122575
0.0041352553500487305,999,151,348,1,499,0.58913813459268,0.998,0.6973947895791583,0.6506506506506506,0.6024037030574857
0.004262819962168688,999,152,347,1,499,0.5898345153664303,0.998,0.6953907815631263,0.6516516516516516,0.6038569175653379
0.004279289999309329,999,153,346,1,499,0.5905325443786982,0.998,0.6933867735470942,0.6526526526526526,0.6053069333986121
0.004376717929647767,999,154,345,1,499,0.5912322274881516,0.998,0.6913827655310621,0.6536536536536537,0.6067537680209698
0.004550731070863391,999,155,344,1,499,0.5919335705812574,0.998,0.6893787575150301,0.6546546546546547,0.6081974387977241
0.004709133709680323,999,156,343,1,499,0.5926365795724465,0.998,0.687374749498998,0.6556556556556556,0.6096379629966195
0.0047275324991628885,999,157,342,1,499,0.5933412604042806,0.998,0.685370741482966,0.6566566566566566,0.6110753577886059
0.00474943302503567,999,158,341,1,499,0.594047619047619,0.998,0.6833667334669339,0.6576576576576577,0.612509640248605
0.004764399676315587,999,159,340,1,499,0.5947556615017878,0.998,0.6813627254509018,0.6586586586586587,0.61394082735627
0.0051664255740359885,999,160,339,1,499,0.5954653937947494,0.998,0.6793587174348698,0.6596596596596597,0.6153689359967387
0.005216056398765185,999,161,338,1,499,0.5961768219832736,0.998,0.6773547094188377,0.6606606606606606,0.6167939829613797
0.005227608681809277,999,162,337,1,499,0.59688995215311,0.998,0.6753507014028056,0.6616616616616616,0.6182159849485319
0.005353188856076279,999,163,336,1,499,0.5976047904191617,0.998,0.6733466933867736,0.6626626626626627,0.6196349585642381
0.005686598266706449,999,164,335,1,499,0.5983213429256595,0.998,0.6713426853707415,0.6636636636636637,0.621050920322971
0.005764946378468348,999,165,334,1,499,0.5990396158463386,0.998,0.6693386773547094,0.6646646646646647,0.6224638866483538
0.005786510702242639,999,166,333,1,499,0.5997596153846154,0.998,0.6673346693386774,0.6656656656656657,0.6238738738738738
0.005840437605218067,999,167,332,1,499,0.6004813477737665,0.998,0.6653306613226453,0.6666666666666666,0.6252808982435905
0.005964137087646211,999,168,331,1,499,0.6012048192771084,0.998,0.6633266533066132,0.6676676676676677,0.6266849759128359
0.0059765762779738895,999,169,330,1,499,0.6019300361881785,0.998,0.6613226452905812,0.6686686686686687,0.6280861229489114
0.006139757455378358,999,170,329,1,499,0.6026570048309179,0.998,0.6593186372745491,0.6696696696696697,0.6294843553317748
0.00614010601985321,999,171,328,1,499,0.6033857315598549,0.998,0.657314629258517,0.6706706706706707,0.6308796889547257
0.006498052987283686,999,172,327,1,499,0.6041162227602905,0.998,0.655310621242485,0.6716716716716716,0.6322721396250808
0.006683061570874332,999,173,326,1,499,0.6048484848484849,0.998,0.6533066132264529,0.6726726726726727,0.6336617230648462
0.006742856367486375,999,174,325,1,499,0.6055825242718447,0.998,0.6513026052104208,0.6736736736736737,0.6350484549113826
0.006898526223677098,999,175,324,1,499,0.606318347509113,0.998,0.6492985971943888,0.6746746746746747,0.6364323507180649
0.006989724235639342,999,176,323,1,499,0.6070559610705596,0.998,0.6472945891783567,0.6756756756756757,0.6378134259549365
0.006993809920882547,999,177,322,1,499,0.607795371498173,0.998,0.6452905811623246,0.6766766766766766,0.6391916960093569
0.00702617854260704,999,178,321,1,499,0.6085365853658536,0.998,0.6432865731462926,0.6776776776776777,0.6405671761866452
0.0071253213974708345,999,179,320,1,499,0.6092796092796092,0.998,0.6412825651302605,0.6786786786786787,0.6419398817107171
0.0075700797110704755,999,180,319,1,499,0.6100244498777506,0.998,0.6392785571142284,0.6796796796796797,0.6433098277247167
0.0077978051875794265,999,181,318,1,499,0.6107711138310894,0.998,0.6372745490981964,0.6806806806806807,0.644677029291642
0.008007428692539528,999,182,317,1,499,0.6115196078431373,0.998,0.6352705410821643,0.6816816816816816,0.6460415013949674
0.008096354543145414,999,183,316,1,499,0.6122699386503068,0.998,0.6332665330661322,0.6826826826826827,0.6474032589392581
0.009222976031985654,999,184,315,1,499,0.6130221130221131,0.998,0.6312625250501002,0.6836836836836837,0.648762316750781
0.00946850290916907,999,185,314,1,499,0.6137761377613776,0.998,0.6292585170340681,0.6846846846846847,0.6501186895781099
0.009931830021555588,999,186,313,1,499,0.6145320197044335,0.998,0.627254509018036,0.6856856856856857,0.6514723920927256
0.01,999,187,312,1,499,0.6152897657213316,0.998,0.625250501002004,0.6866866866866866,0.6528234388896106
0.010043816777135213,999,187,312,1,499,0.6152897657213316,0.998,0.625250501002004,0.6866866866866866,0.6528234388896106
0.010363538631766374,999,188,311,1,499,0.6160493827160494,0.998,0.6232464929859719,0.6876876876876877,0.6541718444878395
0.010428151036473265,999,189,310,1,499,0.6168108776266996,0.998,0.6212424849699398,0.6886886886886887,0.6555176233311638
0.010703932953253486,999,190,309,1,499,0.6175742574257426,0.998,0.6192384769539078,0.6896896896896897,0.656860789788592
0.010748584057226538,999,191,308,1,499,0.6183395291201983,0.998,0.6172344689378757,0.6906906906906907,0.6582013581549643
0.010866933959177656,999,192,307,1,499,0.6191066997518611,0.998,0.6152304609218436,0.6916916916916916,0.6595393426515239
0.011278395180955447,999,193,306,1,499,0.6198757763975156,0.998,0.6132264529058116,0.6926926926926927,0.6608747574264816
0.011648134623882629,999,194,305,1,499,0.6206467661691543,0.998,0.6112224448897795,0.6936936936936937,0.6622076165555772
0.011893775867242563,999,195,304,1,499,0.6214196762141968,0.998,0.6092184368737475,0.6946946946946947,0.6635379340426354
0.012302196183804202,999,196,303,1,499,0.6221945137157108,0.998,0.6072144288577155,0.6956956956956957,0.6648657238201177
0.012408551295784276,999,197,302,1,499,0.6229712858926342,0.998,0.6052104208416834,0.6966966966966966,0.6661909997496683
0.012411479119700308,999,198,301,1,499,0.62375,0.998,0.6032064128256514,0.6976976976976977,0.6675137756226581
0.012450615948842803,999,199,300,1,499,0.6245306633291614,0.998,0.6012024048096193,0.6986986986986987,0.6688340651607212
0.01253876199266458,999,200,299,1,499,0.62531328320802,0.998,0.5991983967935872,0.6996996996996997,0.6701518820162888
0.012725404845669957,999,201,298,1,499,0.6260978670012547,0.998,0.5971943887775552,0.7007007007007007,0.6714672397731185
0.01304994778764022,999,202,297,1,499,0.6268844221105527,0.998,0.5951903807615231,0.7017017017017017,0.6727801519468186
0.013623007219990659,999,203,296,1,499,0.6276729559748427,0.998,0.593186372745491,0.7027027027027027,0.6740906319853688
0.014005530476920252,999,204,295,1,499,0.628463476070529,0.998,0.591182364729459,0.7037037037037037,0.6753986932696361
0.014180198870088217,999,205,294,1,499,0.6292559899117276,0.998,0.5891783567134269,0.7047047047047047,0.6767043491138865
0.014211200804398413,999,206,293,1,499,0.6300505050505051,0.998,0.5871743486973948,0.7057057057057057,0.6780076127662933
0.014380268847104678,999,207,292,1,499,0.6308470290771175,0.998,0.5851703406813628,0.7067067067067067,0.67930849740944
0.014940748416777356,999,208,291,1,499,0.6316455696202532,0.998,0.5831663326653307,0.7077077077077077,0.6806070161608199
0.015582708301732213,999,209,290,1,499,0.632446134347275,0.998,0.5811623246492986,0.7087087087087087,0.6819031820733318
0.015979886940969884,999,210,289,1,499,0.633248730964467,0.998,0.5791583166332666,0.7097097097097097,0.6831970081357712
0.01623369755915451,999,211,288,1,499,0.6340533672172808,0.998,0.5771543086172345,0.7107107107107107,0.6844885072733173
0.016236746466093875,999,212,287,1,499,0.6348600508905853,0.998,0.5751503006012024,0.7117117117117117,0.6857776923480176
0.0164747091123719,999,213,286,1,499,0.6356687898089172,0.998,0.5731462925851704,0.7127127127127127,0.6870645761592657
0.01665430775106096,999,214,285,1,499,0.6364795918367347,0.998,0.5711422845691383,0.7137137137137137,0.6883491714442787
0.01694780775397012,999,215,284,1,499,0.6372924648786717,0.998,0.5691382765531062,0.7147147147147147,0.689631490878568
0.01762363685830489,999,216,283,1,499,0.6381074168797954,0.998,0.5671342685370742,0.7157157157157157,0.6909115470764082
0.018136928127008217,999,217,282,1,499,0.6389244558258643,0.998,0.5651302605210421,0.7167167167167167,0.6921893525913005
0.01840792667992035,999,218,281,1,499,0.6397435897435897,0.998,0.56312625250501,0.7177177177177178,0.6934649199164346
0.0184673648638833,999,219,280,1,499,0.6405648267008985,0.998,0.561122244488978,0.7187187187187187,0.6947382614851441
0.018533254957373842,999,220,279,1,499,0.6413881748071979,0.998,0.5591182364729459,0.7197197197197197,0.6960093896713615
0.019717890385716166,999,221,278,1,499,0.6422136422136422,0.998,0.5571142284569138,0.7207207207207207,0.6972783167900669
0.01984200534574003,999,222,277,1,499,0.6430412371134021,0.998,0.5551102204408818,0.7217217217217218,0.6985450550977345
0.02,999,223,276,1,499,0.6438709677419355,0.998,0.5531062124248497,0.7227227227227228,0.6998096167927752
0.020168470952457728,999,223,276,1,499,0.6438709677419355,0.998,0.5531062124248497,0.7227227227227228,0.6998096167927752
0.020238154876880812,999,224,275,1,499,0.6447028423772609,0.998,0.5511022044088176,0.7237237237237237,0.7010720140159761
0.02139296153734413,999,225,274,1,499,0.6455368693402329,0.998,0.5490981963927856,0.7247247247247247,0.702332258850936
0.021590707744733924,999,226,273,1,499,0.6463730569948186,0.998,0.5470941883767535,0.7257257257257257,0.7035903633244971
0.02169282772692303,999,227,272,1,499,0.6472114137483788,0.998,0.5450901803607214,0.7267267267267268,0.7048463394071753
0.02253348680414637,999,228,271,1,499,0.6480519480519481,0.998,0.5430861723446894,0.7277277277277278,0.7061001990135849
0.02478644162251882,999,229,270,1,499,0.6488946684005201,0.998,0.5410821643286573,0.7287287287287287,0.7073519540028602
0.02554064708905706,999,229,270,2,498,0.6484375,0.996,0.5410821643286573,0.7277277277277278,0.7064431096322544
0.02584298088437643,999,230,269,2,498,0.6492829204693612,0.996,0.5390781563126252,0.7287287287287287,0.7076919422529387
0.02711878789328803,999,231,268,2,498,0.6501305483028721,0.996,0.5370741482965932,0.7297297297297297,0.7089386994017559
0.027619750862337724,999,232,267,2,498,0.6509803921568628,0.996,0.5350701402805611,0.7307307307307307,0.7101833927387045
0.029709200512853234,999,233,266,2,498,0.6518324607329843,0.996,0.533066132264529,0.7317317317317318,0.7114260338702445
0.03,999,234,265,2,498,0.6526867627785059,0.996,0.531062124248497,0.7327327327327328,0.7126666343497019
0.030756487347494307,999,234,265,2,498,0.6526867627785059,0.996,0.531062124248497,0.7327327327327328,0.7126666343497019
0.03207097142648271,999,235,264,2,498,0.6535433070866141,0.996,0.5290581162324649,0.7337337337337337,0.7139052056776682
0.033467963690789644,999,236,263,2,498,0.6544021024967148,0.996,0.5270541082164328,0.7347347347347347,0.7151417593023994
0.03418377090700357,999,237,262,2,498,0.6552631578947369,0.996,0.5250501002004008,0.7357357357357357,0.7163763066202091
0.03477864614237672,999,238,261,2,498,0.6561264822134387,0.996,0.5230460921843687,0.7367367367367368,0.7176088589758609
0.03514991901798286,999,239,260,2,498,0.6569920844327177,0.996,0.5210420841683366,0.7377377377377378,0.718839427662957
0.0366983342818296,999,240,259,2,498,0.6578599735799208,0.996,0.5190380761523046,0.7387387387387387,0.7200680239243233
0.037769835761909655,999,241,258,2,498,0.6587301587301587,0.996,0.5170340681362725,0.7397397397397397,0.7212946589523924
0.03803586237669665,999,242,257,2,498,0.6596026490066225,0.996,0.5150300601202404,0.7407407407407407,0.7225193438895829
0.03851596488938754,999,243,256,2,498,0.6604774535809018,0.996,0.5130260521042084,0.7417417417417418,0.7237420898286773
0.03900487208669139,999,244,255,2,498,0.6613545816733067,0.996,0.5110220440881763,0.7427427427427428,0.7249629078131946
0.03977743768009705,999,245,254,2,498,0.6622340425531915,0.996,0.5090180360721442,0.7437437437437437,0.7261818088377631
0.04,999,246,253,2,498,0.6631158455392809,0.996,0.5070140280561122,0.7447447447447447,0.7273988038484875
0.04140371873804774,999,246,253,2,498,0.6631158455392809,0.996,0.5070140280561122,0.7447447447447447,0.7273988038484875
0.041420676857136615,999,247,252,2,498,0.664,0.996,0.5050100200400801,0.7457457457457457,0.7286139037433155
0.04196977912265818,999,248,251,2,498,0.664886515353805,0.996,0.503006012024048,0.7467467467467468,0.7298271193724004
0.042122173218276285,999,248,251,3,497,0.6644385026737968,0.994,0.503006012024048,0.7457457457457457,0.7289038461538462
0.04375844698523968,999,249,250,3,497,0.6653279785809906,0.994,0.501002004008016,0.7467467467467468,0.730114458455286
0.043938409375060425,999,250,249,3,497,0.6662198391420912,0.994,0.49899799599198397,0.7477477477477478,0.7313232130050202
0.04414801093412322,999,251,248,3,497,0.6671140939597315,0.994,0.4969939879759519,0.7487487487487487,0.7325301204819277
0.0445704990954959,999,252,247,3,497,0.668010752688172,0.994,0.49498997995991983,0.7497497497497497,0.7337351915187595
0.04550294328094539,999,253,246,3,497,0.6689098250336474,0.994,0.49298597194388777,0.7507507507507507,0.7349384367024876
0.047931272643907265,999,254,245,3,497,0.6698113207547169,0.994,0.4909819639278557,0.7517517517517518,0.7361398665746492
0.0486313970060983,999,255,244,3,497,0.6707152496626181,0.994,0.48897795591182364,0.7527527527527528,0.73733949163169
0.04876983790364472,999,256,243,3,497,0.6716216216216216,0.994,0.48697394789579157,0.7537537537537538,0.7385373223253042
0.0496718701801549,999,257,242,3,497,0.6725304465493911,0.994,0.4849699398797595,0.7547547547547547,0.7397333690627722
0.05,999,258,241,3,497,0.6734417344173442,0.994,0.48296593186372744,0.7557557557557557,0.7409276422072952
0.05185607653196584,999,258,241,3,497,0.6734417344173442,0.994,0.48296593186372744,0.7557557557557557,0.7409276422072952
0.051892994696399464,999,259,240,3,497,0.6743554952510177,0.994,0.48096192384769537,0.7567567567567568,0.7421201520783295
0.05249607950971268,999,260,239,3,497,0.6752717391304348,0.994,0.4789579158316633,0.7577577577577578,0.743310908951915
0.05324392601340042,999,261,238,3,497,0.6761904761904762,0.994,0.47695390781563124,0.7587587587587588,0.7444999230610047
0.05610098502702037,999,262,237,3,497,0.6771117166212534,0.994,0.4749498997995992,0.7597597597597597,0.7456872045957894
0.05639801603280148,999,263,236,3,497,0.6780354706684857,0.994,0.4729458917835671,0.7607607607607607,0.7468727637040218
0.0564413232725933,999,264,235,3,497,0.6789617486338798,0.994,0.4709418837675351,0.7617617617617618,0.7480566104913363
0.057182047693824976,999,265,234,3,497,0.679890560875513,0.994,0.46893787575150303,0.7627627627627628,0.7492387550215691
0.06,999,266,233,3,497,0.6808219178082192,0.994,0.46693386773547096,0.7637637637637638,0.7504192073170732
0.060807517127984066,999,266,233,3,497,0.6808219178082192,0.994,0.46693386773547096,0.7637637637637638,0.7504192073170732
0.06163763165432136,999,267,232,3,497,0.6817558299039781,0.994,0.4649298597194389,0.7647647647647647,0.7515979773590336
0.062183760224119845,999,268,231,3,497,0.6826923076923077,0.994,0.46292585170340683,0.7657657657657657,0.7527750750877786
0.06282711383217135,999,269,230,3,497,0.6836313617606602,0.994,0.46092184368737477,0.7667667667667668,0.7539505104030899
0.0631657136666577,999,270,229,3,497,0.6845730027548209,0.994,0.4589178356713427,0.7677677677677678,0.7551242931645099
0.06329526097012489,999,271,228,3,497,0.6855172413793104,0.994,0.45691382765531063,0.7687687687687688,0.7562964331916466
0.06358120156883,999,272,227,3,497,0.68646408839779,0.994,0.45490981963927857,0.7697697697697697,0.7574669402644778
0.0641805188835269,999,273,226,3,497,0.6874135546334716,0.994,0.4529058116232465,0.7707707707707707,0.7586358241236515
0.06479553611618129,999,274,225,3,497,0.6883656509695291,0.994,0.45090180360721444,0.7717717717717718,0.7598030944707848
0.06581769797166442,999,275,224,3,497,0.6893203883495146,0.994,0.44889779559118237,0.7727727727727728,0.760968760968761
0.06683622160925239,999,276,223,3,497,0.6902777777777778,0.994,0.4468937875751503,0.7737737737737738,0.7621328332420245
0.06733777844573141,999,277,222,3,497,0.6912378303198887,0.994,0.44488977955911824,0.7747747747747747,0.7632953208768736
0.06972228424752322,999,278,221,3,497,0.692200557103064,0.994,0.44288577154308617,0.7757757757757757,0.7644562334217506
0.07,999,279,220,3,497,0.6931659693165969,0.994,0.4408817635270541,0.7767767767767768,0.7656155803875317
0.07203259875870838,999,279,220,3,497,0.6931659693165969,0.994,0.4408817635270541,0.7767767767767768,0.7656155803875317
0.07218748179696408,999,280,219,3,497,0.6941340782122905,0.994,0.43887775551102204,0.7777777777777778,0.7667733712478126
0.07232384006278068,999,281,218,3,497,0.6951048951048951,0.994,0.43687374749499,0.7787787787787788,0.7679296154391939
0.07282366313202167,999,282,217,3,497,0.696078431372549,0.994,0.4348697394789579,0.7797797797797797,0.769084322361564
0.07477215928006072,999,283,216,3,497,0.697054698457223,0.994,0.43286573146292584,0.7807807807807807,0.7702375013783797
0.07550465234444546,999,284,215,3,497,0.6980337078651685,0.994,0.4308617234468938,0.7817817817817818,0.7713891618169451
0.07926525259845639,999,285,214,3,497,0.69901547116737,0.994,0.4288577154308617,0.7827827827827828,0.7725393129686893
0.07936529199440744,999,286,213,3,497,0.7,0.994,0.42685370741482964,0.7837837837837838,0.7736879640894407
0.08,999,287,212,3,497,0.7009873060648801,0.994,0.4248496993987976,0.7847847847847848,0.7748351243997018
0.08118340097710104,999,287,212,3,497,0.7009873060648801,0.994,0.4248496993987976,0.7847847847847848,0.7748351243997018
0.083770525624634,999,288,211,3,497,0.7019774011299436,0.994,0.4228456913827655,0.7857857857857858,0.7759808030849191
0.0841393341452032,999,289,210,3,497,0.7029702970297029,0.994,0.42084168336673344,0.7867867867867868,0.7771250092957537
0.08526978931315476,999,290,209,3,497,0.7039660056657224,0.994,0.4188376753507014,0.7877877877877878,0.7782677521483492
0.08644468913992259,999,291,208,3,497,0.7049645390070922,0.994,0.4168336673346693,0.7887887887887888,0.7794090407245975
0.08768528673797764,999,292,207,3,497,0.7059659090909091,0.994,0.4148296593186373,0.7897897897897898,0.7805488840724035
0.08911030584254571,999,293,206,3,497,0.7069701280227596,0.994,0.41282565130260523,0.7907907907907908,0.7816872912059474
0.09,999,294,205,3,497,0.707977207977208,0.994,0.41082164328657317,0.7917917917917918,0.7828242711059457
0.09127997989149143,999,294,205,3,497,0.707977207977208,0.994,0.41082164328657317,0.7917917917917918,0.7828242711059457
0.09146810829451081,999,294,205,4,496,0.7075606276747504,0.992,0.41082164328657317,0.7907907907907908,0.7818724881085085
0.09222571544320611,999,295,204,4,496,0.7085714285714285,0.992,0.4088176352705411,0.7917917917917918,0.7830075187969925
0.09288892020408117,999,296,203,4,496,0.709585121602289,0.992,0.40681362725450904,0.7927927927927928,0.7841411439027726
0.09448671639639812,999,297,202,4,496,0.7106017191977078,0.992,0.40480961923847697,0.7937937937937938,0.7852733722871452
0.09451639260880833,999,298,201,4,496,0.7116212338593975,0.992,0.4028056112224449,0.7947947947947948,0.7864042127791389
0.09503613364045482,999,299,200,4,496,0.7126436781609196,0.992,0.40080160320641284,0.7957957957957958,0.7875336741757646
0.09706471691890911,999,299,200,5,495,0.7122302158273381,0.99,0.40080160320641284,0.7947947947947948,0.7865796151461308
0.0980008468710103,999,300,199,5,495,0.7132564841498559,0.99,0.39879759519038077,0.7957957957957958,0.787707192679817
0.09834351717853292,999,300,199,6,494,0.7128427128427128,0.988,0.39879759519038077,0.7947947947947948,0.7867529533042125
0.1,999,301,198,6,494,0.7138728323699421,0.988,0.3967935871743487,0.7957957957957958,0.78787866171499
0.10716480858179066,999,301,198,6,494,0.7138728323699421,0.988,0.3967935871743487,0.7957957957957958,0.78787866171499
0.10780485794830882,999,302,197,6,494,0.7149059334298119,0.988,0.39478957915831664,0.7967967967967968,0.7890030245428071
0.10814029071421391,999,303,196,6,494,0.7159420289855073,0.988,0.3927855711422846,0.7977977977977978,0.7901260504201681
0.1082140490179274,999,304,195,6,494,0.7169811320754716,0.988,0.3907815631262525,0.7987987987987988,0.7912477479491133
0.11,999,305,194,6,494,0.7180232558139535,0.988,0.38877755511022044,0.7997997997997998,0.792368125701459
0.11028177817570202,999,305,194,6,494,0.7180232558139535,0.988,0.38877755511022044,0.7997997997997998,0.792368125701459
0.11179915458081707,999,306,193,6,494,0.7190684133915575,0.988,0.3867735470941884,0.8008008008008008,0.7934871922190354
0.11225579837490976,999,307,192,6,494,0.7201166180758017,0.988,0.3847695390781563,0.8018018018018018,0.7946049560139228
0.11691104033086665,999,308,191,6,494,0.7211678832116788,0.988,0.38276553106212424,0.8028028028028028,0.795721425568686
0.1178513600092648,999,309,190,6,494,0.7222222222222222,0.988,0.3807615230460922,0.8038038038038038,0.7968366093366093
0.11838268621389782,999,310,189,6,494,0.7232796486090776,0.988,0.3787575150300601,0.8048048048048048,0.7979505157419269
0.11850410382825981,999,311,188,6,494,0.7243401759530792,0.988,0.37675350701402804,0.8058058058058059,0.7990631531800537
0.12,999,312,187,6,494,0.7254038179148311,0.988,0.374749498997996,0.8068068068068068,0.8001745300178158
0.12009686599316699,999,312,187,6,494,0.7254038179148311,0.988,0.374749498997996,0.8068068068068068,0.8001745300178158
0.12104866606597059,999,313,186,6,494,0.7264705882352941,0.988,0.3727454909819639,0.8078078078078078,0.8012846545936763
0.12241547426321463,999,313,186,7,493,0.7260677466863034,0.986,0.3727454909819639,0.8068068068068068,0.800324357576266
0.1227310079224694,999,314,185,7,493,0.7271386430678466,0.986,0.37074148296593185,0.8078078078078078,0.8014327715433351
0.1239693279400398,999,315,184,7,493,0.7282127031019202,0.986,0.3687374749498998,0.8088088088088088,0.8025399532451566
0.12607605921231343,999,316,183,7,493,0.7292899408284024,0.986,0.3667334669338677,0.8098098098098098,0.8036459109191121
0.127361574386052,999,316,183,8,492,0.7288888888888889,0.984,0.3667334669338677,0.8088088088088088,0.8026845221168015
0.12779652906641462,999,317,182,8,492,0.7299703264094956,0.984,0.36472945891783565,0.8098098098098098,0.8037888060071782
0.1281272436272154,999,318,181,8,492,0.7310549777117384,0.984,0.3627254509018036,0.8108108108108109,0.8048918856079981
0.12932753637957123,999,319,180,8,492,0.7321428571428571,0.984,0.36072144288577157,0.8118118118118118,0.8059937690584997
0.12982014053356242,999,320,179,8,492,0.7332339791356185,0.984,0.3587174348697395,0.8128128128128128,0.8070944644714002
0.13,999,321,178,8,492,0.7343283582089553,0.984,0.35671342685370744,0.8138138138138138,0.8081939799331104
0.13209068214387445,999,321,178,8,492,0.7343283582089553,0.984,0.35671342685370744,0.8138138138138138,0.8081939799331104
0.1338891914418748,999,322,177,8,492,0.7354260089686099,0.984,0.35470941883767537,0.8148148148148148,0.8092923235039484
0.14,999,322,177,9,491,0.7350299401197605,0.982,0.35470941883767537,0.8138138138138138,0.8083285195576828
0.14282550034816172,999,322,177,9,491,0.7350299401197605,0.982,0.35470941883767537,0.8138138138138138,0.8083285195576828
0.1474219468147126,999,323,176,9,491,0.7361319340329835,0.982,0.3527054108216433,0.8148148148148148,0.8094252596215419
0.14799659100113735,999,323,176,10,490,0.7357357357357357,0.98,0.3527054108216433,0.8138138138138138,0.8084612910674231
0.14817286221455678,999,324,175,10,490,0.7368421052631579,0.98,0.35070140280561124,0.8148148148148148,0.809556440601992
0.148591790452565,999,325,174,10,490,0.7379518072289156,0.98,0.3486973947895792,0.8158158158158159,0.8106504487131945
0.14900831362172956,999,326,173,10,490,0.7390648567119156,0.98,0.3466933867735471,0.8168168168168168,0.8117433233275495
0.15,999,327,172,10,490,0.7401812688821753,0.98,0.34468937875751504,0.8178178178178178,0.8128350723468035
0.15031678540165147,999,327,172,10,490,0.7401812688821753,0.98,0.34468937875751504,0.8178178178178178,0.8128350723468035
0.15151638389068758,999,328,171,10,490,0.7413010590015129,0.98,0.342685370741483,0.8188188188188188,0.8139257036481342
0.15155262063813796,999,329,170,10,490,0.7424242424242424,0.98,0.3406813627254509,0.8198198198198198,0.8150152250843552
0.1537472345159937,999,330,169,10,490,0.7435508345978755,0.98,0.33867735470941884,0.8208208208208209,0.8161036444841172
0.15871638209017255,999,331,168,10,490,0.7446808510638298,0.98,0.3366733466933868,0.8218218218218218,0.8171909696521096
0.15916276284656047,999,332,167,10,490,0.745814307458143,0.98,0.3346693386773547,0.8228228228228228,0.8182772083692604
0.16,999,333,166,10,490,0.7469512195121951,0.98,0.33266533066132264,0.8238238238238238,0.819362368392935
0.1601663824800031,999,333,166,10,490,0.7469512195121951,0.98,0.33266533066132264,0.8238238238238238,0.819362368392935
0.1649187729843118,999,334,165,10,490,0.7480916030534351,0.98,0.3306613226452906,0.8248248248248248,0.8204464574571336
0.16569056693763573,999,335,164,10,490,0.7492354740061162,0.98,0.3286573146292585,0.8258258258258259,0.8215294832726885
0.16704753606815387,999,336,163,10,490,0.7503828483920367,0.98,0.32665330661322645,0.8268268268268268,0.8226114535274586
0.17,999,336,163,11,489,0.75,0.978,0.32665330661322645,0.8258258258258259,0.8216422872340425
0.17106309125025368,999,336,163,11,489,0.75,0.978,0.32665330661322645,0.8258258258258259,0.8216422872340425
0.17298946831302955,999,337,162,11,489,0.7511520737327189,0.978,0.3246492985971944,0.8268268268268268,0.8227228107174399
0.17336449955918443,999,338,161,11,489,0.7523076923076923,0.978,0.3226452905811623,0.8278278278278278,0.8238022969647252
0.17685461277256723,999,339,160,11,489,0.7534668721109399,0.978,0.32064128256513025,0.8288288288288288,0.8248807535820055
0.17922559909179567,999,340,159,11,489,0.7546296296296297,0.978,0.3186372745490982,0.8298298298298298,0.8259581881533101
0.1794993479921164,999,341,158,11,489,0.7557959814528593,0.978,0.3166332665330661,0.8308308308308309,0.8270346082407793
0.17956433368114436,999,342,157,11,489,0.7569659442724458,0.978,0.31462925851703405,0.8318318318318318,0.8281100213848536
0.18,999,343,156,11,489,0.7581395348837209,0.978,0.312625250501002,0.8328328328328328,0.8291844351044605
0.1828074606494556,999,343,156,11,489,0.7581395348837209,0.978,0.312625250501002,0.8328328328328328,0.8291844351044605
0.18417752293904305,999,344,155,11,489,0.7593167701863354,0.978,0.3106212424849699,0.8338338338338338,0.8302578568972012
0.1847029103221526,999,345,154,11,489,0.76049766718507,0.978,0.30861723446893785,0.8348348348348348,0.8313302942395357
0.1863557616524798,999,345,154,12,488,0.7601246105919003,0.976,0.30861723446893785,0.8338338338338338,0.8303578735453458
0.1867784619446984,999,346,153,12,488,0.7613104524180967,0.976,0.3066132264529058,0.8348348348348348,0.8314289600413975
0.18873305953652628,999,347,152,12,488,0.7625,0.976,0.3046092184368738,0.8358358358358359,0.8324990798675009
0.1892885746284119,999,348,151,12,488,0.7636932707355243,0.976,0.3026052104208417,0.8368368368368369,0.8335682404249383
0.19,999,348,151,13,487,0.7633228840125392,0.974,0.3026052104208417,0.8358358358358359,0.8325949237748804
0.19130692594524337,999,348,151,13,487,0.7633228840125392,0.974,0.3026052104208417,0.8358358358358359,0.8325949237748804
0.191830167265035,999,349,150,13,487,0.7645211930926217,0.974,0.30060120240480964,0.8368368368368369,0.833662765576016
0.19455815998520856,999,350,149,13,487,0.7657232704402516,0.974,0.2985971943887776,0.8378378378378378,0.8347296656971994
0.19659337769977714,999,350,149,14,486,0.7653543307086614,0.972,0.2985971943887776,0.8368368368368369,0.8337558256466275
0.19992001480368973,999,350,149,15,485,0.7649842271293376,0.97,0.2985971943887776,0.8358358358358359,0.8327821869488536
0.2,999,351,148,15,485,0.7661927330173776,0.97,0.2965931863727455,0.8368368368368369,0.8338474253733248
0.20118228517709083,999,351,148,15,485,0.7661927330173776,0.97,0.2965931863727455,0.8368368368368369,0.8338474253733248
0.20214058547479977,999,351,148,16,484,0.7658227848101266,0.968,0.2965931863727455,0.8358358358358359,0.8328736157468235
0.20318933041791826,999,352,147,16,484,0.7670364500792393,0.968,0.29458917835671344,0.8368368368368369,0.8339375694106632
0.2041146454612837,999,353,146,16,484,0.7682539682539683,0.968,0.2925851703406814,0.8378378378378378,0.835000611720566
0.20510436082472502,999,354,145,16,484,0.7694753577106518,0.968,0.2905811623246493,0.8388388388388388,0.8360627499105597
0.2056718506060062,999,355,144,16,484,0.7707006369426752,0.968,0.28857715430861725,0.8398398398398398,0.8371239911958914
0.20713111501242631,999,356,143,16,484,0.7719298245614035,0.968,0.2865731462925852,0.8408408408408409,0.8381843427731998
0.20788789783260433,999,357,142,16,484,0.7731629392971247,0.968,0.2845691382765531,0.8418418418418419,0.8392438118206854
0.20870440996807368,999,358,141,16,484,0.7744,0.968,0.28256513026052105,0.8428428428428428,0.8403024054982817
0.2087335359822176,999,358,141,17,483,0.7740384615384616,0.966,0.28256513026052105,0.8418418418418419,0.8393262864727966
0.21,999,359,140,17,483,0.7752808988764045,0.966,0.280561122244489,0.8428428428428428,0.8403836662002291
0.2137872307221714,999,359,140,17,483,0.7752808988764045,0.966,0.280561122244489,0.8428428428428428,0.8403836662002291
0.21756237856211594,999,360,139,17,483,0.7765273311897106,0.966,0.2785571142284569,0.8438438438438438,0.841440187532049
0.2177129385681823,999,360,139,18,482,0.7761674718196457,0.964,0.2785571142284569,0.8428428428428428,0.8404635460479271
0.22,999,361,138,18,482,0.7774193548387097,0.964,0.27655310621242485,0.8438438438438438,0.8415188740644322
0.22047010481104712,999,361,138,18,482,0.7774193548387097,0.964,0.27655310621242485,0.8438438438438438,0.8415188740644322
0.2232685395018222,999,362,137,18,482,0.778675282714055,0.964,0.2745490981963928,0.8448448448448449,0.842573360539487
0.22572717271574066,999,362,137,19,481,0.7783171521035599,0.962,0.2745490981963928,0.8438438438438438,0.8415961945031712
0.22625318316498527,999,363,136,19,481,0.779578606158833,0.962,0.2725450901803607,0.8448448448448449,0.8426495081177591
0.22742075708211315,999,363,136,20,480,0.7792207792207793,0.96,0.2725450901803607,0.8438438438438438,0.8416721527320605
0.23,999,363,136,21,479,0.7788617886178861,0.958,0.2725450901803607,0.8428428428428428,0.8406949403023731
0.23288542836612106,999,363,136,21,479,0.7788617886178861,0.958,0.2725450901803607,0.8428428428428428,0.8406949403023731
0.23297520074790878,999,364,135,21,479,0.7801302931596091,0.958,0.27054108216432865,0.8438438438438438,0.8417467525609885
0.2346682589230353,999,365,134,21,479,0.7814029363784666,0.958,0.2685370741482966,0.8448448448448449,0.8427977522956736
0.24,999,366,133,21,479,0.7826797385620915,0.958,0.2665330661322645,0.8458458458458459,0.8438479464735209
0.24769367295709066,999,366,133,21,479,0.7826797385620915,0.958,0.2665330661322645,0.8458458458458459,0.8438479464735209
0.24983452933520947,999,367,132,21,479,0.7839607201309329,0.958,0.26452905811623245,0.8468468468468469,0.8448973420453658
0.25,999,368,131,21,479,0.7852459016393443,0.958,0.2625250501002004,0.8478478478478478,0.845945945945946
0.26,999,368,131,21,479,0.7852459016393443,0.958,0.2625250501002004,0.8478478478478478,0.845945945945946
0.26126818883545744,999,368,131,21,479,0.7852459016393443,0.958,0.2625250501002004,0.8478478478478478,0.845945945945946
0.2619520072685116,999,369,130,21,479,0.7865353037766831,0.958,0.2605210420841683,0.8488488488488488,0.8469937650940611
0.26240516424389476,999,370,129,21,479,0.787828947368421,0.958,0.25851703406813625,0.8498498498498499,0.8480408063927312
0.2629489257124386,999,371,128,21,479,0.7891268533772653,0.958,0.2565130260521042,0.8508508508508509,0.8490870767293531
0.27,999,372,127,21,479,0.7904290429042904,0.958,0.2545090180360721,0.8518518518518519,0.8501325829758594
0.2754440899098515,999,372,127,21,479,0.7904290429042904,0.958,0.2545090180360721,0.8518518518518519,0.8501325829758594
0.27985181996181363,999,373,126,21,479,0.7917355371900826,0.958,0.25250501002004005,0.8528528528528528,0.8511773319888727
0.28,999,374,125,21,479,0.793046357615894,0.958,0.250501002004008,0.8538538538538538,0.8522213306098628
0.2807495022837701,999,374,125,21,479,0.793046357615894,0.958,0.250501002004008,0.8538538538538538,0.8522213306098628
0.2866108274693359,999,374,125,22,478,0.7927031509121062,0.956,0.250501002004008,0.8528528528528528,0.8512406489158567
0.28827678139364993,999,375,124,22,478,0.7940199335548173,0.956,0.24849699398797595,0.8538538538538538,0.8522835915219082
0.29,999,376,123,22,478,0.7953410981697171,0.956,0.24649298597194388,0.8548548548548549,0.8533257998961115
0.29496676876165606,999,376,123,22,478,0.7953410981697171,0.956,0.24649298597194388,0.8548548548548549,0.8533257998961115
0.2962440130959255,999,376,123,23,477,0.795,0.954,0.24649298597194388,0.8538538538538538,0.8523446041708849
0.3,999,376,123,24,476,0.7946577629382304,0.952,0.24649298597194388,0.8528528528528528,0.8513635107656774
0.3054121893459725,999,376,123,24,476,0.7946577629382304,0.952,0.24649298597194388,0.8528528528528528,0.8513635107656774
0.30697629345902705,999,377,122,24,476,0.7959866220735786,0.952,0.24448897795591182,0.8538538538538538,0.8524043715846994
0.30889997126748014,999,378,121,24,476,0.7973199329983249,0.952,0.24248496993987975,0.8548548548548549,0.8534445167275903
0.3094632351918033,999,379,120,24,476,0.7986577181208053,0.952,0.24048096192384769,0.8558558558558559,0.8544839529350834
0.31,999,380,119,24,476,0.8,0.952,0.23847695390781562,0.8568568568568569,0.8555226869339645
0.31192645125959184,999,380,119,24,476,0.8,0.952,0.23847695390781562,0.8568568568568569,0.8555226869339645
0.3136645111922346,999,381,118,24,476,0.8013468013468014,0.952,0.23647294589178355,0.8578578578578578,0.85656072543722
0.3146245804188332,999,382,117,24,476,0.8026981450252951,0.952,0.23446893787575152,0.8588588588588588,0.8575980751441873
0.32,999,382,117,25,475,0.8023648648648649,0.95,0.23446893787575152,0.8578578578578578,0.8566152390655701
0.3236323357892046,999,382,117,25,475,0.8023648648648649,0.95,0.23446893787575152,0.8578578578578578,0.8566152390655701
0.33,999,382,117,26,474,0.8020304568527918,0.948,0.23446893787575152,0.8568568568568569,0.8556324826661357
0.3322136031367271,999,382,117,26,474,0.8020304568527918,0.948,0.23446893787575152,0.8568568568568569,0.8556324826661357
0.33401280053902094,999,383,116,26,474,0.8033898305084746,0.948,0.23246492985971945,0.8578578578578578,0.856668552721982
0.3343922065802004,999,384,115,26,474,0.8047538200339559,0.948,0.23046092184368738,0.8588588588588588,0.8577039522134031
0.33700346727060665,999,385,114,26,474,0.8061224489795918,0.948,0.22845691382765532,0.8598598598598599,0.8587386877828054
0.33740371773101063,999,386,113,26,474,0.807495741056218,0.948,0.22645290581162325,0.8608608608608609,0.8597727660597199
0.3396309174706088,999,386,113,27,473,0.8071672354948806,0.946,0.22645290581162325,0.8598598598598599,0.8587888921198022
0.34,999,386,113,28,472,0.8068376068376069,0.944,0.22645290581162325,0.8588588588588588,0.8578050787145229
0.3421344161561088,999,386,113,28,472,0.8068376068376069,0.944,0.22645290581162325,0.8588588588588588,0.8578050787145229
0.3499910437968159,999,387,112,28,472,0.8082191780821918,0.944,0.22444889779559118,0.8598598598598599,0.8588379209831485
0.35,999,387,112,29,471,0.8078902229845626,0.942,0.22444889779559118,0.8588588588588588,0.8578538667635439
0.3515394419888967,999,387,112,29,471,0.8078902229845626,0.942,0.22444889779559118,0.8588588588588588,0.8578538667635439
0.35263441693979997,999,387,112,30,470,0.8075601374570447,0.94,0.22444889779559118,0.8578578578578578,0.8568698593095432
0.35449913369996916,999,388,111,30,470,0.8089500860585198,0.94,0.22244488977955912,0.8588588588588588,0.8579014745626097
0.3554230077885896,999,388,111,31,469,0.8086206896551724,0.938,0.22244488977955912,0.8578578578578578,0.856917211328976
0.3586861277204139,999,388,111,32,468,0.8082901554404145,0.936,0.22244488977955912,0.8568568568568569,0.8559329811083289
0.35890204785264335,999,389,110,32,468,0.8096885813148789,0.936,0.22044088176352705,0.8578578578578578,0.8569633782366701
0.36,999,390,109,32,468,0.8110918544194108,0.936,0.218436873747495,0.8588588588588588,0.8579931587017866
0.3643622159115967,999,390,109,32,468,0.8110918544194108,0.936,0.218436873747495,0.8588588588588588,0.8579931587017866
0.36597010568775823,999,391,108,32,468,0.8125,0.936,0.21643286573146292,0.8598598598598599,0.8590223290245063
0.37,999,392,107,32,468,0.8139130434782609,0.936,0.21442885771543085,0.8608608608608609,0.8600508957141777
0.3739145780709479,999,392,107,32,468,0.8139130434782609,0.936,0.21442885771543085,0.8608608608608609,0.8600508957141777
0.3766053815678394,999,393,106,32,468,0.8153310104529616,0.936,0.2124248496993988,0.8618618618618619,0.8610788652688094
0.377163470072009,999,394,105,32,468,0.8167539267015707,0.936,0.21042084168336672,0.8628628628628628,0.8621062441752096
0.37745037490606026,999,395,104,32,468,0.8181818181818182,0.936,0.20841683366733466,0.8638638638638638,0.8631330389091261
0.38,999,396,103,32,468,0.819614711033275,0.936,0.20641282565130262,0.8648648648648649,0.8641592559353839
0.3806019530403025,999,396,103,32,468,0.819614711033275,0.936,0.20641282565130262,0.8648648648648649,0.8641592559353839
0.3818243391413987,999,397,102,32,468,0.8210526315789474,0.936,0.20440881763527055,0.8658658658658659,0.8651849017080245
0.382359488809694,999,397,102,33,467,0.820738137082601,0.934,0.20440881763527055,0.8648648648648649,0.8641981027106005
0.3853590738181362,999,398,101,33,467,0.8221830985915493,0.934,0.20240480961923848,0.8658658658658659,0.8652229068503081
0.38631305757710604,999,398,101,34,466,0.8218694885361552,0.932,0.20240480961923848,0.8648648648648649,0.8642358339281059
0.39,999,399,100,34,466,0.823321554770318,0.932,0.20040080160320642,0.8658658658658659,0.8652598056188552
0.39038718457466914,999,399,100,34,466,0.823321554770318,0.932,0.20040080160320642,0.8658658658658659,0.8652598056188552
0.4,999,400,99,34,466,0.8247787610619469,0.932,0.19839679358717435,0.8668668668668669,0.8662832299261809
0.4018951923453696,999,400,99,34,466,0.8247787610619469,0.932,0.19839679358717435,0.8668668668668669,0.8662832299261809
0.4019248219593922,999,401,98,34,466,0.8262411347517731,0.932,0.1963927855711423,0.8678678678678678,0.8673061132488609
0.41,999,401,98,35,465,0.8259325044404974,0.93,0.1963927855711423,0.8668668668668669,0.8663182094868223
0.4117575822872674,999,401,98,35,465,0.8259325044404974,0.93,0.1963927855711423,0.8668668668668669,0.8663182094868223
0.41315536184859225,999,402,97,35,465,0.8274021352313167,0.93,0.19438877755511022,0.8678678678678678,0.8673402868318123
0.41417014634766336,999,402,97,36,464,0.8270944741532977,0.928,0.19438877755511022,0.8668668668668669,0.8663520952927959
0.4179255018465924,999,403,96,36,464,0.8285714285714286,0.928,0.19238476953907815,0.8678678678678678,0.8673733757090558
0.4185059202429072,999,404,95,36,464,0.8300536672629696,0.928,0.1903807615230461,0.8688688688688688,0.8683941387830463
0.42,999,404,95,37,463,0.8297491039426523,0.926,0.1903807615230461,0.8678678678678678,0.8674053814905683
0.4233405374299204,999,404,95,37,463,0.8297491039426523,0.926,0.1903807615230461,0.8678678678678678,0.8674053814905683
0.4250833696853203,999,405,94,37,463,0.8312387791741472,0.926,0.18837675350701402,0.8688688688688688,0.8684253652337486
0.42523041187217725,999,406,93,37,463,0.8327338129496403,0.926,0.18637274549098196,0.8698698698698699,0.8694448465547192
0.4274188591560321,999,407,92,37,463,0.8342342342342343,0.926,0.1843687374749499,0.8708708708708709,0.8704638317761706
0.4292563167255781,999,407,92,38,462,0.8339350180505415,0.924,0.1843687374749499,0.8698698698698699,0.8694742385745988
0.43,999,408,91,38,462,0.8354430379746836,0.924,0.18236472945891782,0.8708708708708709,0.8704924704924706
0.43170928313107804,999,408,91,38,462,0.8354430379746836,0.924,0.18236472945891782,0.8708708708708709,0.8704924704924706
0.4327367519751009,999,408,91,39,461,0.8351449275362319,0.922,0.18236472945891782,0.8698698698698699,0.8695025683486202
0.43486815193675027,999,409,90,39,461,0.8366606170598911,0.922,0.18036072144288579,0.8708708708708709,0.8705200558225334
0.4349505065260186,999,410,89,39,461,0.8381818181818181,0.922,0.17835671342685372,0.8718718718718719,0.8715370705244123
0.4379139609296995,999,410,89,40,460,0.8378870673952641,0.92,0.17835671342685372,0.8708708708708709,0.8705465891043807
0.44,999,411,88,40,460,0.8394160583941606,0.92,0.17635270541082165,0.8718718718718719,0.871562876657292
0.4430574844789616,999,411,88,40,460,0.8394160583941606,0.92,0.17635270541082165,0.8718718718718719,0.871562876657292
0.44595163190727005,999,411,88,41,459,0.8391224862888482,0.918,0.17635270541082165,0.8708708708708709,0.8705720716241989
0.4477166937080719,999,411,88,42,458,0.8388278388278388,0.916,0.17635270541082165,0.8698698698698699,0.8695811976798368
0.45,999,412,87,42,458,0.8403669724770643,0.916,0.1743486973947896,0.8708708708708709,0.870596504616497
0.45083451559463344,999,412,87,42,458,0.8403669724770643,0.916,0.1743486973947896,0.8708708708708709,0.870596504616497
0.4509188980036388,999,413,86,42,458,0.8419117647058824,0.916,0.17234468937875752,0.8718718718718719,0.8716113641292561
0.46,999,414,85,42,458,0.8434622467771639,0.916,0.17034068136272545,0.8728728728728729,0.8726257824539563
0.4622293127822432,999,414,85,42,458,0.8434622467771639,0.916,0.17034068136272545,0.8728728728728729,0.8726257824539563
0.4632564959612056,999,415,84,42,458,0.8450184501845018,0.916,0.1683366733466934,0.8738738738738738,0.873639765818871
0.46621397681363347,999,415,84,43,457,0.844731977818854,0.914,0.1683366733466934,0.8728728728728729,0.8726477735719513
0.46818688479099907,999,416,83,43,457,0.8462962962962963,0.914,0.16633266533066132,0.8738738738738738,0.8736610727477117
0.4683003891554392,999,417,82,43,457,0.8478664192949907,0.914,0.16432865731462926,0.8748748748748749,0.8746739515516344
0.47,999,418,81,43,457,0.8494423791821561,0.914,0.1623246492985972,0.8758758758758759,0.8756864161849711
0.48,999,418,81,43,457,0.8494423791821561,0.914,0.1623246492985972,0.8758758758758759,0.8756864161849711
0.48170805103315567,999,418,81,43,457,0.8494423791821561,0.914,0.1623246492985972,0.8758758758758759,0.8756864161849711
0.4828206299527014,999,418,81,44,456,0.8491620111731844,0.912,0.1623246492985972,0.8748748748748749,0.8746935699613769
0.4876783408186331,999,419,80,44,456,0.8507462686567164,0.912,0.16032064128256512,0.8758758758758759,0.8757053757053757
0.49,999,420,79,44,456,0.8523364485981308,0.912,0.15831663326653306,0.8768768768768769,0.8767167817960179
0.4913396258780791,999,420,79,44,456,0.8523364485981308,0.912,0.15831663326653306,0.8768768768768769,0.8767167817960179
0.4918588442913095,999,421,78,44,456,0.8539325842696629,0.912,0.156312625250501,0.8778778778778779,0.8777277944091753
0.49297241954517645,999,422,77,44,456,0.8555347091932458,0.912,0.15430861723446893,0.8788788788788788,0.8787384197141983
0.49429167277846625,999,423,76,44,456,0.8571428571428571,0.912,0.1523046092184369,0.8798798798798799,0.879748663874043
0.49446420640714916,999,423,76,45,455,0.8568738229755178,0.91,0.1523046092184369,0.8788788788788788,0.8787544747772517
0.4991564460651628,999,424,75,45,455,0.8584905660377359,0.91,0.15030060120240482,0.8798798798798799,0.8797641017411538
0.49923324645065403,999,425,74,45,455,0.8601134215500945,0.91,0.14829659318637275,0.8808808808808809,0.8807733619763695
0.5,999,426,73,45,455,0.8617424242424242,0.91,0.1462925851703407,0.8818818818818819,0.8817822616230093
0.5032860163604359,999,426,73,45,455,0.8617424242424242,0.91,0.1462925851703407,0.8818818818818819,0.8817822616230093
0.5060679019576888,999,426,73,46,454,0.8614800759013282,0.908,0.1462925851703407,0.8808808808808809,0.8807872308634931
0.506547762136259,999,426,73,47,453,0.8612167300380228,0.906,0.1462925851703407,0.8798798798798799,0.879792072774529
0.5066294659146101,999,427,72,47,453,0.8628571428571429,0.906,0.14428857715430862,0.8808808808808809,0.8808001403755045
0.5068271685144035,999,428,71,47,453,0.8645038167938931,0.906,0.14228456913827656,0.8818818818818819,0.8818078638347022
0.5070019852987515,999,428,71,48,452,0.864244741873805,0.904,0.14228456913827656,0.8808808808808809,0.8808120911346717
0.5072124961606795,999,428,71,49,451,0.8639846743295019,0.902,0.14228456913827656,0.8798798798798799,0.879816175291136
0.5082550891512634,999,428,71,50,450,0.8637236084452975,0.9,0.14228456913827656,0.8788788788788788,0.8788201103339592
0.5085982547882171,999,429,70,50,450,0.8653846153846154,0.9,0.1402805611222445,0.8798798798798799,0.8798267773367016
0.51,999,430,69,50,450,0.8670520231213873,0.9,0.13827655310621242,0.8808808808808809,0.8808331186516453
0.5149964699191465,999,430,69,50,450,0.8670520231213873,0.9,0.13827655310621242,0.8808808808808809,0.8808331186516453
0.5157051262737982,999,431,68,50,450,0.8687258687258688,0.9,0.13627254509018036,0.8818818818818819,0.8818391403712762
0.5175896091004468,999,431,68,51,449,0.8684719535783365,0.898,0.13627254509018036,0.8808808808808809,0.880842196422289
0.5180119977858633,999,431,68,52,448,0.8682170542635659,0.896,0.13627254509018036,0.8798798798798799,0.8798450855557516
0.52,999,432,67,52,448,0.8699029126213592,0.896,0.1342685370741483,0.8808808808808809,0.8808503174658855
0.5218331765600321,999,432,67,52,448,0.8699029126213592,0.896,0.1342685370741483,0.8808808808808809,0.8808503174658855
0.5223491779561106,999,433,66,52,448,0.8715953307392996,0.896,0.13226452905811623,0.8818818818818819,0.8818552460672535
0.5230785119562684,999,433,66,53,447,0.8713450292397661,0.894,0.13226452905811623,0.8808808808808809,0.8808574821733706
0.523579498626687,999,433,66,54,446,0.87109375,0.892,0.13226452905811623,0.8798798798798799,0.8798595354729053
0.5245965207811955,999,433,66,55,445,0.8708414872798435,0.89,0.13226452905811623,0.8788788788788788,0.8788613999801576
0.524721326630753,999,433,66,56,444,0.8705882352941177,0.888,0.13226452905811623,0.8778778778778779,0.8778630697077805
0.5273929455247816,999,433,66,57,443,0.8703339882121808,0.886,0.13226452905811623,0.8768768768768769,0.8768645386666614
0.5289011836192967,999,434,65,57,443,0.8720472440944882,0.886,0.13026052104208416,0.8778778778778779,0.8778679653679653
0.53,999,434,65,58,442,0.8717948717948718,0.884,0.13026052104208416,0.8768768768768769,0.876868980707199
0.5366129016023252,999,434,65,58,442,0.8717948717948718,0.884,0.13026052104208416,0.8768768768768769,0.876868980707199
0.5373764657928296,999,435,64,58,442,0.8735177865612648,0.884,0.1282565130260521,0.8778778778778779,0.8778718816135446
0.54,999,436,63,58,442,0.8752475247524752,0.884,0.12625250501002003,0.8788788788788788,0.8788745096270911
0.5436279099744291,999,436,63,58,442,0.8752475247524752,0.884,0.12625250501002003,0.8788788788788788,0.8788745096270911
0.5445187881093619,999,437,62,58,442,0.876984126984127,0.884,0.12424849699398798,0.8798798798798799,0.8798768707864718
0.5459800577439677,999,438,61,58,442,0.878727634194831,0.884,0.12224448897795591,0.8808808808808809,0.8808789711268206
0.5474372278423825,999,438,61,59,441,0.8784860557768924,0.882,0.12224448897795591,0.8798798798798799,0.8798787966236202
0.5474434299890545,999,439,60,59,441,0.8802395209580839,0.882,0.12024048096192384,0.8808808808808809,0.8808804034481066
0.55,999,440,59,59,441,0.882,0.882,0.11823647294589178,0.8818818818818819,0.8818817635270542
0.5535980592651745,999,440,59,59,441,0.882,0.882,0.11823647294589178,0.8818818818818819,0.8818817635270542
0.5537149530384111,999,440,59,60,440,0.8817635270541082,0.88,0.11823647294589178,0.8808808808808809,0.8808808808808809
0.5557044362051384,999,441,58,60,440,0.8835341365461847,0.88,0.11623246492985972,0.8818818818818819,0.8818817635270542
0.5561346079937355,999,442,57,60,440,0.8853118712273642,0.88,0.11422845691382766,0.8828828828828829,0.8828824134741888
0.5566166523358391,999,443,56,60,440,0.8870967741935484,0.88,0.11222444889779559,0.8838838838838838,0.8838828367361662
0.56,999,443,56,61,439,0.8868686868686869,0.878,0.11222444889779559,0.8828828828828829,0.8828810052255294
0.561603173839747,999,443,56,61,439,0.8868686868686869,0.878,0.11222444889779559,0.8828828828828829,0.8828810052255294
0.57,999,443,56,62,438,0.8866396761133604,0.876,0.11222444889779559,0.8818818818818819,0.8818789229400306
0.5728572531908775,999,443,56,62,438,0.8866396761133604,0.876,0.11222444889779559,0.8818818818818819,0.8818789229400306
0.5747313322646416,999,443,56,63,437,0.8864097363083164,0.874,0.11222444889779559,0.8808808808808809,0.880876583848131
0.58,999,444,55,63,437,0.8882113821138211,0.874,0.11022044088176353,0.8818818818818819,0.8818760822163791
0.5803754775467094,999,444,55,63,437,0.8882113821138211,0.874,0.11022044088176353,0.8818818818818819,0.8818760822163791
0.5807428645060633,999,445,54,63,437,0.890020366598778,0.874,0.10821643286573146,0.8828828828828829,0.8828753718922137
0.5816002258390855,999,446,53,63,437,0.8918367346938776,0.874,0.1062124248496994,0.8838838838838838,0.8838744588744589
0.5850346798081293,999,447,52,63,437,0.8936605316973415,0.874,0.10420841683366733,0.8848848848848849,0.8848733491598866
0.5865606638039983,999,447,52,64,436,0.8934426229508197,0.872,0.10420841683366733,0.8838838838838838,0.883869803984447
0.5871258383872116,999,448,51,64,436,0.8952772073921971,0.872,0.10220440881763528,0.8848848848848849,0.8848682727084141
0.5874934226627266,999,448,51,65,435,0.8950617283950617,0.87,0.10220440881763528,0.8838838838838838,0.8838642176238084
0.5884694357508896,999,448,51,66,434,0.8948453608247423,0.868,0.10220440881763528,0.8828828828828829,0.882859877430961
0.59,999,448,51,67,433,0.8946280991735537,0.866,0.10220440881763528,0.8818818818818819,0.8818552460672535
0.590616074051464,999,448,51,67,433,0.8946280991735537,0.866,0.10220440881763528,0.8818818818818819,0.8818552460672535
0.5906231934276761,999,449,50,67,433,0.8964803312629399,0.866,0.10020040080160321,0.8828828828828829,0.8828528331387278
0.5933911596216326,999,450,49,67,433,0.8983402489626556,0.866,0.09819639278557114,0.8838838838838838,0.8838502493705598
0.5965396242388864,999,451,48,67,433,0.9002079002079002,0.866,0.09619238476953908,0.8848848848848849,0.8848475007442289
0.597585010777631,999,451,48,68,432,0.9,0.864,0.09619238476953908,0.8838838838838838,0.8838418668056613
0.5997006467870918,999,451,48,69,431,0.8997912317327766,0.862,0.09619238476953908,0.8828828828828829,0.8828359233801891
0.6,999,451,48,70,430,0.899581589958159,0.86,0.09619238476953908,0.8818818818818819,0.8818296643810899
0.6003773138239363,999,451,48,70,430,0.899581589958159,0.86,0.09619238476953908,0.8818818818818819,0.8818296643810899
0.6013111492012932,999,452,47,70,430,0.9014675052410901,0.86,0.09418837675350701,0.8828828828828829,0.8828260570997788
0.6041699063574038,999,453,46,70,430,0.9033613445378151,0.86,0.09218436873747494,0.8838838838838838,0.8838223027814315
0.6051712934804253,999,454,45,70,430,0.9052631578947369,0.86,0.09018036072144289,0.8848848848848849,0.8848184073990526
0.6067975127908195,999,454,45,71,429,0.9050632911392406,0.858,0.09018036072144289,0.8838838838838838,0.8838111203798769
0.609391088135776,999,454,45,72,428,0.904862579281184,0.856,0.09018036072144289,0.8828828828828829,0.8828034993607901
0.61,999,454,45,73,427,0.9046610169491526,0.854,0.09018036072144289,0.8818818818818819,0.8817955382282867
0.6131225122745816,999,454,45,73,427,0.9046610169491526,0.854,0.09018036072144289,0.8818818818818819,0.8817955382282867
0.6167394164044692,999,455,44,73,427,0.9065817409766455,0.854,0.08817635270541083,0.8828828828828829,0.8827908068153671
0.6177364504957504,999,455,44,74,426,0.9063829787234042,0.852,0.08817635270541083,0.8818818818818819,0.8817822616230093
0.6184473196387804,999,455,44,75,425,0.906183368869936,0.85,0.08817635270541083,0.8808808808808809,0.8807733619763695
0.62,999,455,44,76,424,0.905982905982906,0.848,0.08817635270541083,0.8798798798798799,0.8797641017411538
0.620352772819724,999,455,44,76,424,0.905982905982906,0.848,0.08817635270541083,0.8798798798798799,0.8797641017411538
0.6243171320800982,999,455,44,77,423,0.9057815845824411,0.846,0.08817635270541083,0.8788788788788788,0.8787544747772517
0.6263886537285677,999,455,44,78,422,0.9055793991416309,0.844,0.08817635270541083,0.8778778778778779,0.8777444749386104
0.63,999,455,44,79,421,0.9053763440860215,0.842,0.08817635270541083,0.8768768768768769,0.8767340960731107
0.6337548050257316,999,455,44,79,421,0.9053763440860215,0.842,0.08817635270541083,0.8768768768768769,0.8767340960731107
0.6361062241811205,999,456,43,79,421,0.9073275862068966,0.842,0.08617234468937876,0.8778778778778779,0.8777277944091753
0.6365676426425654,999,457,42,79,421,0.9092872570194385,0.842,0.0841683366733467,0.8788788788788788,0.8787213869700663
0.6375359577792651,999,458,41,79,421,0.9112554112554112,0.842,0.08216432865731463,0.8798798798798799,0.8797148797148797
0.6383617713735236,999,458,41,80,420,0.911062906724512,0.84,0.08216432865731463,0.8788788788788788,0.878703375722613
0.64,999,458,41,81,419,0.9108695652173913,0.838,0.08216432865731463,0.8778778778778779,0.8776914739884394
0.6440096790805822,999,458,41,81,419,0.9108695652173913,0.838,0.08216432865731463,0.8778778778778779,0.8776914739884394
0.6447232676604103,999,459,40,81,419,0.9128540305010894,0.838,0.08016032064128256,0.8788788788788788,0.8786843851019821
0.6470851992873574,999,460,39,81,419,0.9148471615720524,0.838,0.0781563126252505,0.8798798798798799,0.8796772121406777
0.6473406823073448,999,460,39,82,418,0.9146608315098468,0.836,0.0781563126252505,0.8788788788788788,0.8786644141905993
0.647865054824227,999,461,38,82,418,0.9166666666666666,0.836,0.07615230460921844,0.8798798798798799,0.8796569198274962
0.65,999,462,37,82,418,0.9186813186813186,0.836,0.07414829659318638,0.8808808808808809,0.8806493552127622
0.6505414558961833,999,462,37,82,418,0.9186813186813186,0.836,0.07414829659318638,0.8808808808808809,0.8806493552127622
0.655339321683465,999,462,37,83,417,0.9185022026431718,0.834,0.07414829659318638,0.8798798798798799,0.8796356538711776
0.6571275324914917,999,462,37,84,416,0.9183222958057395,0.832,0.07414829659318638,0.8788788788788788,0.8786215275860165
0.6594342002357579,999,463,36,84,416,0.9203539823008849,0.832,0.07214428857715431,0.8798798798798799,0.8796134132429263
0.66,999,464,35,84,416,0.9223946784922394,0.832,0.07014028056112225,0.8808808808808809,0.8806052443665091
0.6607538613804551,999,464,35,84,416,0.9223946784922394,0.832,0.07014028056112225,0.8808808808808809,0.8806052443665091
0.6623309964900974,999,464,35,85,415,0.9222222222222223,0.83,0.07014028056112225,0.8798798798798799,0.8795901968662114
0.6647806532716898,999,464,35,86,414,0.9220489977728286,0.828,0.07014028056112225,0.8788788788788788,0.8785747076095354
0.67,999,464,35,87,413,0.921875,0.826,0.07014028056112225,0.8778778778778779,0.8775587703435805
0.6715263737855837,999,464,35,87,413,0.921875,0.826,0.07014028056112225,0.8778778778778779,0.8775587703435805
0.6718774939644877,999,464,35,88,412,0.9217002237136466,0.824,0.07014028056112225,0.8768768768768769,0.8765423788075318
0.6731297621261426,999,464,35,89,411,0.92152466367713,0.822,0.07014028056112225,0.8758758758758759,0.8755255267325299
0.6735896613783018,999,464,35,90,410,0.9213483146067416,0.82,0.07014028056112225,0.8748748748748749,0.8745082078415412
0.6776093973860108,999,465,34,90,410,0.9234234234234234,0.82,0.06813627254509018,0.8758758758758759,0.8754985044865404
0.6780724683197534,999,465,34,91,409,0.9232505643340858,0.818,0.06813627254509018,0.8748748748748749,0.8744804571474522
0.68,999,466,33,91,409,0.9253393665158371,0.818,0.06613226452905811,0.8758758758758759,0.8754704690214244
0.6808113115539377,999,466,33,91,409,0.9253393665158371,0.818,0.06613226452905811,0.8758758758758759,0.8754704690214244
0.6824316337307201,999,466,33,92,408,0.9251700680272109,0.816,0.06613226452905811,0.8748748748748749,0.8744516843833479
0.6882682354166664,999,466,33,93,407,0.925,0.814,0.06613226452905811,0.8738738738738738,0.8734324096046333
0.69,999,466,33,94,406,0.9248291571753986,0.812,0.06613226452905811,0.8728728728728729,0.87241263836219
0.6923600148341447,999,466,33,94,406,0.9248291571753986,0.812,0.06613226452905811,0.8728728728728729,0.87241263836219
0.6941038834223414,999,467,32,94,406,0.9269406392694064,0.812,0.06412825651302605,0.8738738738738738,0.8734018586313714
0.6949949871047918,999,467,32,95,405,0.9267734553775744,0.81,0.06412825651302605,0.8728728728728729,0.8723813240765794
0.6963788023172657,999,467,32,96,404,0.926605504587156,0.808,0.06412825651302605,0.8718718718718719,0.8713602781399392
0.7,999,468,31,96,404,0.9287356321839081,0.808,0.06212424849699399,0.8728728728728729,0.872348966953582
0.7000966131450707,999,468,31,96,404,0.9287356321839081,0.808,0.06212424849699399,0.8728728728728729,0.872348966953582
0.7037608146095016,999,469,30,96,404,0.9308755760368663,0.808,0.06012024048096192,0.8738738738738738,0.8733376535557309
0.7048943272489829,999,469,30,97,403,0.930715935334873,0.806,0.06012024048096192,0.8728728728728729,0.8723155654182329
0.7058443228218161,999,469,30,98,402,0.9305555555555556,0.804,0.06012024048096192,0.8718718718718719,0.8712929486508467
0.7060305659460587,999,469,30,99,401,0.9303944315545244,0.802,0.06012024048096192,0.8708708708708709,0.8702697968646345
0.71,999,470,29,99,401,0.9325581395348838,0.802,0.05811623246492986,0.8718718718718719,0.871257702065966
0.7171725064954386,999,470,29,99,401,0.9325581395348838,0.802,0.05811623246492986,0.8718718718718719,0.871257702065966
0.7174194332856821,999,470,29,100,400,0.9324009324009324,0.8,0.05811623246492986,0.8708708708708709,0.8702337425901293
0.7188661208435161,999,471,28,100,400,0.9345794392523364,0.8,0.056112224448897796,0.8718718718718719,0.8712213986464712
0.72,999,472,27,100,400,0.936768149882904,0.8,0.05410821643286573,0.8728728728728729,0.8722090778058796
0.7208452207951184,999,472,27,100,400,0.936768149882904,0.8,0.05410821643286573,0.8728728728728729,0.8722090778058796
0.7218991836328025,999,472,27,101,399,0.9366197183098591,0.798,0.05410821643286573,0.8718718718718719,0.8711840366203539
0.7223229559377369,999,472,27,102,398,0.9364705882352942,0.796,0.05410821643286573,0.8708708708708709,0.8701584342963653
0.7224393771456511,999,472,27,103,397,0.9363207547169812,0.794,0.05410821643286573,0.8698698698698699,0.869132264383661
0.7276117539032011,999,472,27,104,396,0.9361702127659575,0.792,0.05410821643286573,0.8688688688688688,0.8681055204212754
0.7291005329672798,999,473,26,104,396,0.9383886255924171,0.792,0.052104208416833664,0.8698698698698699,0.869092162665613
0.73,999,473,26,105,395,0.9382422802850356,0.79,0.052104208416833664,0.8688688688688688,0.8680645658860571
0.7302959165487893,999,473,26,105,395,0.9382422802850356,0.79,0.052104208416833664,0.8688688688688688,0.8680645658860571
0.7305895552331891,999,474,25,105,395,0.9404761904761905,0.79,0.050100200400801605,0.8698698698698699,0.8690509800758248
0.7332309634866174,999,475,24,105,395,0.9427207637231504,0.79,0.04809619238476954,0.8708708708708709,0.8700374444963246
0.7349009310180046,999,475,24,106,394,0.9425837320574163,0.788,0.04809619238476954,0.8698698698698699,0.8690087145969498
0.7358266236979865,999,475,24,107,393,0.9424460431654677,0.786,0.04809619238476954,0.8688688688688688,0.8679793841680983
0.74,999,476,23,107,393,0.9447115384615384,0.786,0.04609218436873747,0.8698698698698699,0.8689653641566241
0.7447673464887954,999,476,23,107,393,0.9447115384615384,0.786,0.04609218436873747,0.8698698698698699,0.8689653641566241
0.7458822846437753,999,476,23,108,392,0.944578313253012,0.784,0.04609218436873747,0.8688688688688688,0.8679351528086827
0.7480885406238988,999,477,22,108,392,0.9468599033816425,0.784,0.04408817635270541,0.8698698698698699,0.8689209266272093
0.75,999,477,22,109,391,0.9467312348668281,0.782,0.04408817635270541,0.8688688688688688,0.8678898249049822
0.7506770848055676,999,477,22,109,391,0.9467312348668281,0.782,0.04408817635270541,0.8688688688688688,0.8678898249049822
0.7529797235742944,999,477,22,110,390,0.9466019417475728,0.78,0.04408817635270541,0.8678678678678678,0.866858098284385
0.7535752526448515,999,477,22,111,389,0.9464720194647201,0.778,0.04408817635270541,0.8668668668668669,0.8658257401866385
0.7542776909420064,999,477,22,112,388,0.9463414634146341,0.776,0.04408817635270541,0.8658658658658659,0.8647927440206852
0.7556094128867387,999,477,22,113,387,0.9462102689486552,0.774,0.04408817635270541,0.8648648648648649,0.8637591031830456
0.7578021440309458,999,477,22,114,386,0.946078431372549,0.772,0.04408817635270541,0.8638638638638638,0.8627248110576728
0.7578720146371574,999,477,22,115,385,0.9459459459459459,0.77,0.04408817635270541,0.8628628628628628,0.8616898610158084
0.7580828886688676,999,477,22,116,384,0.9458128078817734,0.768,0.04408817635270541,0.8618618618618619,0.8606542464158358
0.76,999,478,21,116,384,0.9481481481481482,0.768,0.04208416833667335,0.8628628628628628,0.8616378460620826
0.7618178890503022,999,478,21,116,384,0.9481481481481482,0.768,0.04208416833667335,0.8628628628628628,0.8616378460620826
0.7658108488710347,999,478,21,117,383,0.948019801980198,0.766,0.04208416833667335,0.8618618618618619,0.8606012683826503
0.7675026438813255,999,478,21,118,382,0.9478908188585607,0.764,0.04208416833667335,0.8608608608608609,0.8595640103763711
0.7685509016642015,999,478,21,119,381,0.9477611940298507,0.762,0.04208416833667335,0.8598598598598599,0.8585260653535534
0.77,999,479,20,119,381,0.9501246882793017,0.762,0.04008016032064128,0.8608608608608609,0.8595088815526555
0.770534134051446,999,479,20,119,381,0.9501246882793017,0.762,0.04008016032064128,0.8608608608608609,0.8595088815526555
0.7711291374050151,999,479,20,120,380,0.95,0.76,0.04008016032064128,0.8598598598598599,0.8584699453551913
0.7713820240636955,999,479,20,121,379,0.949874686716792,0.758,0.04008016032064128,0.8588588588588588,0.8574303062446293
0.772108665838084,999,479,20,122,378,0.949748743718593,0.756,0.04008016032064128,0.8578578578578578,0.8563899574812714
0.7729618403074353,999,479,20,123,377,0.9496221662468514,0.754,0.04008016032064128,0.8568568568568569,0.8553488923113375
0.7765683113585515,999,479,20,124,376,0.9494949494949495,0.752,0.04008016032064128,0.8558558558558559,0.8543071039668135
0.7785734458897402,999,479,20,125,375,0.9493670886075949,0.75,0.04008016032064128,0.8548548548548549,0.8532645856653008
0.7791785051917302,999,479,20,126,374,0.949238578680203,0.748,0.04008016032064128,0.8538538538538538,0.8522213306098628
0.78,999,479,20,127,373,0.9491094147582697,0.746,0.04008016032064128,0.8528528528528528,0.8511773319888727
0.7812502026704344,999,479,20,127,373,0.9491094147582697,0.746,0.04008016032064128,0.8528528528528528,0.8511773319888727
0.7814795631986013,999,479,20,128,372,0.9489795918367347,0.744,0.04008016032064128,0.8518518518518519,0.8501325829758594
0.782089776036726,999,479,20,129,371,0.948849104859335,0.742,0.04008016032064128,0.8508508508508509,0.8490870767293531
0.7823257615671297,999,479,20,130,370,0.9487179487179487,0.74,0.04008016032064128,0.8498498498498499,0.8480408063927312
0.7833073203691012,999,479,20,131,369,0.9485861182519281,0.738,0.04008016032064128,0.8488488488488488,0.8469937650940611
0.7834804499637069,999,480,19,131,369,0.9510309278350515,0.738,0.03807615230460922,0.8498498498498499,0.847972972972973
0.7835292985401576,999,480,19,132,368,0.9509043927648578,0.736,0.03807615230460922,0.8488488488488488,0.8469248277702629
0.78716529438549,999,480,19,133,367,0.9507772020725389,0.734,0.03807615230460922,0.8478478478478478,0.845875895220618
0.7884957374546717,999,480,19,134,366,0.9506493506493506,0.732,0.03807615230460922,0.8468468468468469,0.8448261683950843
0.7893212955363886,999,480,19,135,365,0.9505208333333334,0.73,0.03807615230460922,0.8458458458458459,0.843775640348668
0.79,999,480,19,136,364,0.9503916449086162,0.728,0.03807615230460922,0.8448448448448449,0.8427243041201773
0.7902154528508546,999,480,19,136,364,0.9503916449086162,0.728,0.03807615230460922,0.8448448448448449,0.8427243041201773
0.7913962738264537,999,480,19,137,363,0.9502617801047121,0.726,0.03807615230460922,0.8438438438438438,0.8416721527320605
0.7923759539661338,999,481,18,137,363,0.952755905511811,0.726,0.036072144288577156,0.8448448448448449,0.8426495081177591
0.7977922664416668,999,481,18,138,362,0.9526315789473684,0.724,0.036072144288577156,0.8438438438438438,0.8415961945031712
0.7983775979860029,999,482,17,138,362,0.9551451187335093,0.724,0.03406813627254509,0.8448448448448449,0.842573360539487
0.7984097116254404,999,482,17,139,361,0.955026455026455,0.722,0.03406813627254509,0.8438438438438438,0.8415188740644322
0.8,999,482,17,140,360,0.9549071618037135,0.72,0.03406813627254509,0.8428428428428428,0.8404635460479271
0.8072093544869815,999,482,17,140,360,0.9549071618037135,0.72,0.03406813627254509,0.8428428428428428,0.8404635460479271
0.8082261917012588,999,483,16,140,360,0.9574468085106383,0.72,0.03206412825651302,0.8438438438438438,0.841440187532049
0.8091851507505647,999,483,16,141,359,0.9573333333333334,0.718,0.03206412825651302,0.8428428428428428,0.8403836662002291
0.8094543218805426,999,483,16,142,358,0.9572192513368984,0.716,0.03206412825651302,0.8418418418418419,0.8393262864727966
0.8098331102369313,999,483,16,143,357,0.9571045576407506,0.714,0.03206412825651302,0.8408408408408409,0.8382680412371134
0.81,999,484,15,143,357,0.9596774193548387,0.714,0.03006012024048096,0.8418418418418419,0.8392438118206854
0.8104358400058761,999,484,15,143,357,0.9596774193548387,0.714,0.03006012024048096,0.8418418418418419,0.8392438118206854
0.8114899347763146,999,484,15,144,356,0.9595687331536388,0.712,0.03006012024048096,0.8408408408408409,0.8381843427731998
0.8124805855060164,999,484,15,145,355,0.9594594594594594,0.71,0.03006012024048096,0.8398398398398398,0.8371239911958914
0.8132407601046708,999,484,15,146,354,0.959349593495935,0.708,0.03006012024048096,0.8388388388388388,0.8360627499105597
0.8143557762618882,999,484,15,147,353,0.9592391304347826,0.706,0.03006012024048096,0.8378378378378378,0.835000611720566
0.814722428818792,999,484,15,148,352,0.9591280653950953,0.704,0.03006012024048096,0.8368368368368369,0.8339375694106632
0.8148689524408285,999,484,15,149,351,0.9590163934426229,0.702,0.03006012024048096,0.8358358358358359,0.8328736157468235
0.81555376515855,999,485,14,149,351,0.9616438356164384,0.702,0.028056112224448898,0.8368368368368369,0.8338474253733248
0.8185181012993049,999,485,14,150,350,0.9615384615384616,0.7,0.028056112224448898,0.8358358358358359,0.8327821869488536
0.8189942231077947,999,485,14,151,349,0.9614325068870524,0.698,0.028056112224448898,0.8348348348348348,0.8317160198263409
0.82,999,485,14,152,348,0.9613259668508287,0.696,0.028056112224448898,0.8338338338338338,0.8306489167020685
0.8220044023291971,999,485,14,152,348,0.9613259668508287,0.696,0.028056112224448898,0.8338338338338338,0.8306489167020685
0.8241948596875757,999,485,14,153,347,0.961218836565097,0.694,0.028056112224448898,0.8328328328328328,0.8295808702527282
0.8275696488547897,999,486,13,153,347,0.9638888888888889,0.694,0.026052104208416832,0.8338338338338338,0.8305533984550619
0.8276354818811047,999,486,13,154,346,0.9637883008356546,0.692,0.026052104208416832,0.8328328328328328,0.829484025466041
0.829083449856362,999,486,13,155,345,0.9636871508379888,0.69,0.026052104208416832,0.8318318318318318,0.8284136915715863
0.8299563625150627,999,486,13,156,344,0.9635854341736695,0.688,0.026052104208416832,0.8308308308308309,0.8273423893757343
0.83,999,486,13,157,343,0.9634831460674157,0.686,0.026052104208416832,0.8298298298298298,0.8262701114621012
0.8306246507829237,999,486,13,157,343,0.9634831460674157,0.686,0.026052104208416832,0.8298298298298298,0.8262701114621012
0.8307596101305696,999,486,13,158,342,0.9633802816901409,0.684,0.026052104208416832,0.8288288288288288,0.8251968503937008
0.830974839114926,999,486,13,159,341,0.963276836158192,0.682,0.026052104208416832,0.8278278278278278,0.8241225987127627
0.8310847680644684,999,486,13,160,340,0.9631728045325779,0.68,0.026052104208416832,0.8268268268268268,0.8230473489405489
0.8321480659007034,999,486,13,161,339,0.9630681818181818,0.678,0.026052104208416832,0.8258258258258259,0.8219710935771698
0.8346101400216097,999,486,13,162,338,0.9629629629629629,0.676,0.026052104208416832,0.8248248248248248,0.8208938251013987
0.8366051465768304,999,486,13,163,337,0.9628571428571429,0.674,0.026052104208416832,0.8238238238238238,0.8198155359704857
0.8372693372492416,999,486,13,164,336,0.9627507163323782,0.672,0.026052104208416832,0.8228228228228228,0.8187362186199707
0.8386272024956355,999,486,13,165,335,0.9626436781609196,0.67,0.026052104208416832,0.8218218218218218,0.8176558654634947
0.8388172893238066,999,487,12,165,335,0.9654178674351584,0.67,0.02404809619238477,0.8228228228228228,0.8186239161675541
0.83921653106776,999,487,12,166,334,0.9653179190751445,0.668,0.02404809619238477,0.8218218218218218,0.817542109929078
0.84,999,488,11,166,334,0.9681159420289855,0.668,0.022044088176352707,0.8228228228228228,0.8185099842448564
0.8418461565111063,999,488,11,166,334,0.9681159420289855,0.668,0.022044088176352707,0.8228228228228228,0.8185099842448564
0.8441138348302603,999,488,11,167,333,0.9680232558139535,0.666,0.022044088176352707,0.8218218218218218,0.81742671277321
0.8441634557128407,999,489,10,167,333,0.9708454810495627,0.666,0.02004008016032064,0.8228228228228228,0.8183944169709294
0.8442015262512272,999,489,10,168,332,0.9707602339181286,0.664,0.02004008016032064,0.8218218218218218,0.8173096680337637
0.8447143504284635,999,490,9,168,332,0.9736070381231672,0.664,0.018036072144288578,0.8228228228228228,0.8182772083692604
0.8456777679919392,999,490,9,169,331,0.9735294117647059,0.662,0.018036072144288578,0.8218218218218218,0.8171909696521096
0.8456995201982339,999,490,9,170,330,0.9734513274336283,0.66,0.018036072144288578,0.8208208208208209,0.8161036444841172
0.8464844399466952,999,490,9,171,329,0.9733727810650887,0.658,0.018036072144288578,0.8198198198198198,0.8150152250843552
0.8486669398857617,999,490,9,172,328,0.973293768545994,0.656,0.018036072144288578,0.8188188188188188,0.8139257036481342
0.8497942250005744,999,490,9,173,327,0.9732142857142857,0.654,0.018036072144288578,0.8178178178178178,0.8128350723468035
0.85,999,490,9,174,326,0.9731343283582089,0.652,0.018036072144288578,0.8168168168168168,0.8117433233275495
0.8507650093251681,999,490,9,174,326,0.9731343283582089,0.652,0.018036072144288578,0.8168168168168168,0.8117433233275495
0.8514128112123421,999,490,9,175,325,0.9730538922155688,0.65,0.018036072144288578,0.8158158158158159,0.8106504487131945
0.8519336209308747,999,490,9,176,324,0.972972972972973,0.648,0.018036072144288578,0.8148148148148148,0.809556440601992
0.8520729839423241,999,490,9,177,323,0.9728915662650602,0.646,0.018036072144288578,0.8138138138138138,0.8084612910674231
0.8551905770707112,999,490,9,178,322,0.972809667673716,0.644,0.018036072144288578,0.8128128128128128,0.807364992157991
0.8562473736539611,999,490,9,179,321,0.9727272727272728,0.642,0.018036072144288578,0.8118118118118118,0.8062675358970127
0.8566687849560488,999,490,9,180,320,0.9726443768996961,0.64,0.018036072144288578,0.8108108108108109,0.8051689142824122
0.8567068379788839,999,490,9,181,319,0.9725609756097561,0.638,0.018036072144288578,0.8098098098098098,0.8040691192865106
0.8570386909519013,999,490,9,182,318,0.9724770642201835,0.636,0.018036072144288578,0.8088088088088088,0.8029681428558152
0.8577522551804174,999,490,9,183,317,0.9723926380368099,0.634,0.018036072144288578,0.8078078078078078,0.8018659769108083
0.8578440756198353,999,490,9,184,316,0.9723076923076923,0.632,0.018036072144288578,0.8068068068068068,0.8007626133457335
0.8579937420992325,999,490,9,185,315,0.9722222222222222,0.63,0.018036072144288578,0.8058058058058059,0.7996580440283819
0.8580005521459337,999,490,9,186,314,0.9721362229102167,0.628,0.018036072144288578,0.8048048048048048,0.7985522607998758
0.8589828022285197,999,490,9,187,313,0.9720496894409938,0.626,0.018036072144288578,0.8038038038038038,0.7974452554744526
0.8593418270950571,999,490,9,188,312,0.9719626168224299,0.624,0.018036072144288578,0.8028028028028028,0.7963370198392453
0.8599408659001567,999,490,9,189,311,0.971875,0.622,0.018036072144288578,0.8018018018018018,0.7952275456540643
0.8599525599794726,999,490,9,190,310,0.9717868338557993,0.62,0.018036072144288578,0.8008008008008008,0.7941168246511758
0.86,999,490,9,191,309,0.9716981132075472,0.618,0.018036072144288578,0.7997997997997998,0.7930048485350794
0.8600077871238027,999,490,9,191,309,0.9716981132075472,0.618,0.018036072144288578,0.7997997997997998,0.7930048485350794
0.8630750199666525,999,490,9,192,308,0.9716088328075709,0.616,0.018036072144288578,0.7987987987987988,0.7918916089822847
0.8653805311644028,999,490,9,193,307,0.9715189873417721,0.614,0.018036072144288578,0.7977977977977978,0.7907770976410868
0.8664508569368808,999,490,9,194,306,0.9714285714285714,0.612,0.018036072144288578,0.7967967967967968,0.7896613061313391
0.8694026353452026,999,491,8,194,306,0.9745222929936306,0.612,0.01603206412825651,0.7977977977977978,0.7906173218673218
0.87,999,491,8,195,305,0.9744408945686901,0.61,0.01603206412825651,0.7967967967967968,0.7894997430986969
0.8706001373308901,999,491,8,195,305,0.9744408945686901,0.61,0.01603206412825651,0.7967967967967968,0.7894997430986969
0.8711475977222096,999,491,8,196,304,0.9743589743589743,0.608,0.01603206412825651,0.7957957957957958,0.7883808637719203
0.8716721592226698,999,491,8,197,303,0.9742765273311897,0.606,0.01603206412825651,0.7947947947947948,0.787260675401519
0.8727582162627042,999,491,8,198,302,0.9741935483870968,0.604,0.01603206412825651,0.7937937937937938,0.7861391694725028
0.8739921788511806,999,491,8,199,301,0.9741100323624595,0.602,0.01603206412825651,0.7927927927927928,0.7850163374401316
0.874057642692464,999,491,8,200,300,0.974025974025974,0.6,0.01603206412825651,0.7917917917917918,0.783892170729678
0.8740679534640311,999,491,8,201,299,0.9739413680781759,0.598,0.01603206412825651,0.7907907907907908,0.7827666607361905
0.8742862879916389,999,491,8,202,298,0.9738562091503268,0.596,0.01603206412825651,0.7897897897897898,0.7816397988242543
0.8745057423387076,999,491,8,203,297,0.9737704918032787,0.594,0.01603206412825651,0.7887887887887888,0.7805115763277504
0.8745963690723123,999,491,8,204,296,0.9736842105263158,0.592,0.01603206412825651,0.7877877877877878,0.7793819845496137
0.8751139177333148,999,491,8,205,295,0.9735973597359736,0.59,0.01603206412825651,0.7867867867867868,0.7782510147615896
0.8753370489489953,999,491,8,206,294,0.9735099337748344,0.588,0.01603206412825651,0.7857857857857858,0.7771186582039884
0.8766765748481564,999,491,8,207,293,0.973421926910299,0.586,0.01603206412825651,0.7847847847847848,0.7759849060854382
0.8785088874699952,999,491,8,208,292,0.9733333333333334,0.584,0.01603206412825651,0.7837837837837838,0.7748497495826377
0.8787968494888999,999,491,8,209,291,0.9732441471571907,0.582,0.01603206412825651,0.7827827827827828,0.7737131798401046
0.88,999,491,8,210,290,0.9731543624161074,0.58,0.01603206412825651,0.7817817817817818,0.7725751879699247
0.8819576246298826,999,491,8,210,290,0.9731543624161074,0.58,0.01603206412825651,0.7817817817817818,0.7725751879699247
0.8819814169389206,999,491,8,211,289,0.9730639730639731,0.578,0.01603206412825651,0.7807807807807807,0.7714357650514994
0.8827526288992331,999,492,7,211,289,0.9763513513513513,0.578,0.014028056112224449,0.7817817817817818,0.7723831302937316
0.883364011272943,999,492,7,212,288,0.976271186440678,0.576,0.014028056112224449,0.7807807807807807,0.7712417070531219
0.8846385178063771,999,492,7,213,287,0.9761904761904762,0.574,0.014028056112224449,0.7797797797797797,0.7700988309329941
0.8847144593936566,999,492,7,214,286,0.9761092150170648,0.572,0.014028056112224449,0.7787787787787788,0.7689544928916401
0.8859091765443198,999,492,7,215,285,0.976027397260274,0.57,0.014028056112224449,0.7777777777777778,0.7678086838534599
0.885943145721929,999,492,7,216,284,0.9759450171821306,0.568,0.014028056112224449,0.7767767767767768,0.7666613947087
0.8866916482993418,999,492,7,217,283,0.9758620689655172,0.566,0.014028056112224449,0.7757757757757757,0.7655126163131865
0.889543727605179,999,492,7,218,282,0.9757785467128027,0.564,0.014028056112224449,0.7747747747747747,0.7643623394880601
0.89,999,492,7,219,281,0.9756944444444444,0.562,0.014028056112224449,0.7737737737737738,0.7632105550195074
0.8908332245400651,999,492,7,219,281,0.9756944444444444,0.562,0.014028056112224449,0.7737737737737738,0.7632105550195074
0.8912509458184492,999,492,7,220,280,0.975609756097561,0.56,0.014028056112224449,0.7727727727727728,0.7620572536584905
0.8921702054759202,999,493,6,220,280,0.9790209790209791,0.56,0.012024048096192385,0.7737737737737738,0.7629997732597688
0.8924923936633831,999,493,6,221,279,0.9789473684210527,0.558,0.012024048096192385,0.7727727727727728,0.7618443507438
0.8926959093794288,999,493,6,222,278,0.9788732394366197,0.556,0.012024048096192385,0.7717717717717718,0.7606873886292573
0.8940792852041503,999,493,6,223,277,0.9787985865724381,0.554,0.012024048096192385,0.7707707707707707,0.7595288775365404
0.8944825063068831,999,494,5,223,277,0.9822695035460993,0.554,0.01002004008016032,0.7717717717717718,0.7604699488491049
0.8955093205718063,999,494,5,224,276,0.9822064056939501,0.552,0.01002004008016032,0.7707707707707707,0.7593092731333846
0.8964364889687594,999,494,5,225,275,0.9821428571428571,0.55,0.01002004008016032,0.7697697697697697,0.7581470253884047
0.8976959483010484,999,494,5,226,274,0.982078853046595,0.548,0.01002004008016032,0.7687687687687688,0.7569831961002569
0.9,999,494,5,227,273,0.9820143884892086,0.546,0.01002004008016032,0.7677677677677678,0.7558177757174765
0.900454774096719,999,494,5,227,273,0.9820143884892086,0.546,0.01002004008016032,0.7677677677677678,0.7558177757174765
0.9004577719905418,999,494,5,228,272,0.9819494584837545,0.544,0.01002004008016032,0.7667667667667668,0.7546507546507546
0.9009880435253461,999,494,5,229,271,0.9818840579710145,0.542,0.01002004008016032,0.7657657657657657,0.7534821232726474
0.90353432064366,999,494,5,230,270,0.9818181818181818,0.54,0.01002004008016032,0.7647647647647647,0.7523118719172843
0.9043009990265608,999,494,5,231,269,0.9817518248175182,0.538,0.01002004008016032,0.7637637637637638,0.751139990880073
0.9049749711668774,999,494,5,232,268,0.9816849816849816,0.536,0.01002004008016032,0.7627627627627628,0.7499664704174037
0.9050258259648878,999,494,5,233,267,0.9816176470588235,0.534,0.01002004008016032,0.7617617617617618,0.7487913007463507
0.9050412100066121,999,494,5,234,266,0.981549815498155,0.532,0.01002004008016032,0.7607607607607607,0.7476144720443714
0.9058981370623019,999,494,5,235,265,0.9814814814814815,0.53,0.01002004008016032,0.7597597597597597,0.7464359744490038
0.9068765527158966,999,494,5,236,264,0.9814126394052045,0.528,0.01002004008016032,0.7587587587587588,0.745255798057562
0.9082316815922974,999,494,5,237,263,0.9813432835820896,0.526,0.01002004008016032,0.7577577577577578,0.7440739329268293
0.9084421878784056,999,494,5,238,262,0.9812734082397003,0.524,0.01002004008016032,0.7567567567567568,0.742890369072748
0.9094415686501989,999,494,5,239,261,0.981203007518797,0.522,0.01002004008016032,0.7557557557557557,0.7417050964701095
0.91,999,494,5,240,260,0.9811320754716981,0.52,0.01002004008016032,0.7547547547547547,0.7405181050522398
0.9100997673019587,999,494,5,240,260,0.9811320754716981,0.52,0.01002004008016032,0.7547547547547547,0.7405181050522398
0.9104229661814037,999,494,5,241,259,0.9810606060606061,0.518,0.01002004008016032,0.7537537537537538,0.7393293847106841
0.9111420114213032,999,494,5,242,258,0.9809885931558935,0.516,0.01002004008016032,0.7527527527527528,0.7381389252948887
0.9111997095872191,999,494,5,243,257,0.9809160305343512,0.514,0.01002004008016032,0.7517517517517518,0.7369467166118798
0.9116659416129143,999,494,5,244,256,0.9808429118773946,0.512,0.01002004008016032,0.7507507507507507,0.7357527484259425
0.911840342642042,999,494,5,245,255,0.9807692307692307,0.51,0.01002004008016032,0.7497497497497497,0.7345570104582944
0.9130314783157003,999,494,5,246,254,0.9806949806949807,0.508,0.01002004008016032,0.7487487487487487,0.7333594923867583
0.9139238212781361,999,494,5,247,253,0.9806201550387597,0.506,0.01002004008016032,0.7477477477477478,0.7321601838454337
0.9139636300970376,999,494,5,248,252,0.980544747081712,0.504,0.01002004008016032,0.7467467467467468,0.7309590744243626
0.9142640577260531,999,494,5,249,251,0.98046875,0.502,0.01002004008016032,0.7457457457457457,0.7297561536691972
0.9143357086049735,999,494,5,250,250,0.9803921568627451,0.5,0.01002004008016032,0.7447447447447447,0.7285514110808609
0.9160290385570801,999,494,5,251,249,0.9803149606299213,0.498,0.01002004008016032,0.7437437437437437,0.7273448361152097
0.9165909341673563,999,494,5,252,248,0.9802371541501976,0.496,0.01002004008016032,0.7427427427427428,0.7261364181826909
0.9181822270314487,999,494,5,253,247,0.9801587301587301,0.494,0.01002004008016032,0.7417417417417418,0.724926146647997
0.9182736171634058,999,494,5,254,246,0.9800796812749004,0.492,0.01002004008016032,0.7407407407407407,0.7237140108297198
0.9187100447583734,999,494,5,255,245,0.98,0.49,0.01002004008016032,0.7397397397397397,0.7224999999999999
0.9187101821948728,999,494,5,256,244,0.9799196787148594,0.488,0.01002004008016032,0.7387387387387387,0.7212841033841759
0.9188965412252109,999,494,5,257,243,0.9798387096774194,0.486,0.01002004008016032,0.7377377377377378,0.7200663101604279
0.9189840021203737,999,494,5,258,242,0.979757085020243,0.484,0.01002004008016032,0.7367367367367368,0.7188466094594204
0.919140477014137,999,494,5,259,241,0.9796747967479674,0.482,0.01002004008016032,0.7357357357357357,0.7176249903639431
0.9192099392934874,999,494,5,260,240,0.9795918367346939,0.48,0.01002004008016032,0.7347347347347347,0.7164014419085469
0.9199075905309536,999,494,5,261,239,0.9795081967213115,0.478,0.01002004008016032,0.7337337337337337,0.7151759530791788
0.92,999,494,5,262,238,0.9794238683127572,0.476,0.01002004008016032,0.7327327327327328,0.7139485128128134
0.9200167426151579,999,494,5,262,238,0.9794238683127572,0.476,0.01002004008016032,0.7327327327327328,0.7139485128128134
0.9207644202179491,999,494,5,263,237,0.9793388429752066,0.474,0.01002004008016032,0.7317317317317318,0.7127191099970814
0.921030197510456,999,494,5,264,236,0.979253112033195,0.472,0.01002004008016032,0.7307307307307307,0.7114877334698966
0.9211983137844585,999,494,5,265,235,0.9791666666666666,0.47,0.01002004008016032,0.7297297297297297,0.7102543720190779
0.9213636816839722,999,494,5,266,234,0.9790794979079498,0.468,0.01002004008016032,0.7287287287287287,0.7090190143819708
0.9217681614508785,999,494,5,267,233,0.9789915966386554,0.466,0.01002004008016032,0.7277277277277278,0.7077816492450639
0.9228708170571172,999,494,5,268,232,0.9789029535864979,0.464,0.01002004008016032,0.7267267267267268,0.706542265243604
0.9229347786395672,999,494,5,269,231,0.9788135593220338,0.462,0.01002004008016032,0.7257257257257257,0.7053008509612071
0.9237939538160033,999,494,5,270,230,0.9787234042553191,0.46,0.01002004008016032,0.7247247247247247,0.7040573949294682
0.9248459505885714,999,494,5,271,229,0.9786324786324786,0.458,0.01002004008016032,0.7237237237237237,0.7028118856275652
0.925926835942478,999,494,5,272,228,0.9785407725321889,0.456,0.01002004008016032,0.7227227227227228,0.7015643114818629
0.9263841690027794,999,494,5,273,227,0.978448275862069,0.454,0.01002004008016032,0.7217217217217218,0.7003146608655116
0.9264196923025237,999,494,5,274,226,0.9783549783549783,0.452,0.01002004008016032,0.7207207207207207,0.699062922098044
0.9266999213020022,999,494,5,275,225,0.9782608695652174,0.45,0.01002004008016032,0.7197197197197197,0.6978090834449678
0.9267456694319575,999,494,5,276,224,0.9781659388646288,0.448,0.01002004008016032,0.7187187187187187,0.6965531331173569
0.9271481324712034,999,494,5,277,223,0.9780701754385965,0.446,0.01002004008016032,0.7177177177177178,0.6952950592714373
0.9276567875958934,999,494,5,278,222,0.9779735682819384,0.444,0.01002004008016032,0.7167167167167167,0.6940348500081708
0.9277983569170557,999,494,5,279,221,0.9778761061946902,0.442,0.01002004008016032,0.7157157157157157,0.6927724933728365
0.9284379797451954,999,494,5,280,220,0.9777777777777777,0.44,0.01002004008016032,0.7147147147147147,0.6915079773546062
0.9285166569134884,999,494,5,281,219,0.9776785714285714,0.438,0.01002004008016032,0.7137137137137137,0.6902412898861201
0.9285859685901628,999,495,4,281,219,0.9820627802690582,0.438,0.008016032064128256,0.7147147147147147,0.6911398584329997
0.93,999,495,4,282,218,0.9819819819819819,0.436,0.008016032064128256,0.7137137137137137,0.6898700926545038
0.9303217740716831,999,495,4,282,218,0.9819819819819819,0.436,0.008016032064128256,0.7137137137137137,0.6898700926545038
0.9308666834474194,999,495,4,283,217,0.9819004524886877,0.434,0.008016032064128256,0.7127127127127127,0.6885981251568072
0.930934209336552,999,495,4,284,216,0.9818181818181818,0.432,0.008016032064128256,0.7117117117117117,0.6873239436619718
0.9317971904922386,999,495,4,285,215,0.9817351598173516,0.43,0.008016032064128256,0.7107107107107107,0.6860475358334757
0.9338668168495015,999,495,4,286,214,0.981651376146789,0.428,0.008016032064128256,0.7097097097097097,0.684768889275766
0.9339756227075163,999,495,4,287,213,0.9815668202764977,0.426,0.008016032064128256,0.7087087087087087,0.6834879915338108
0.9351429925822622,999,495,4,288,212,0.9814814814814815,0.424,0.008016032064128256,0.7077077077077077,0.6822048300926451
0.936143789748916,999,495,4,289,211,0.9813953488372092,0.422,0.008016032064128256,0.7067067067067067,0.6809193923769139
0.9364252249672465,999,495,4,290,210,0.9813084112149533,0.42,0.008016032064128256,0.7057057057057057,0.6796316657504123
0.9365923626968484,999,495,4,291,209,0.9812206572769953,0.418,0.008016032064128256,0.7047047047047047,0.6783416375156215
0.9366493429077523,999,495,4,292,208,0.9811320754716981,0.416,0.008016032064128256,0.7037037037037037,0.6770492949132403
0.9372801264322709,999,495,4,293,207,0.981042654028436,0.414,0.008016032064128256,0.7027027027027027,0.6757546251217137
0.937924042763876,999,495,4,294,206,0.9809523809523809,0.412,0.008016032064128256,0.7017017017017017,0.674457615256758
0.9393188528143848,999,495,4,295,205,0.9808612440191388,0.41,0.008016032064128256,0.7007007007007007,0.6731582523708804
0.9397648362379697,999,496,3,295,205,0.9855769230769231,0.41,0.006012024048096192,0.7017017017017017,0.6740441466298779
0.9398981742555431,999,497,2,295,205,0.9903381642512077,0.41,0.004008016032064128,0.7027027027027027,0.6749304564184426
0.94,999,497,2,296,204,0.9902912621359223,0.408,0.004008016032064128,0.7017017017017017,0.6736267639603926
0.9403250388402257,999,497,2,296,204,0.9902912621359223,0.408,0.004008016032064128,0.7017017017017017,0.6736267639603926
0.9408010800169728,999,497,2,297,203,0.9902439024390244,0.406,0.004008016032064128,0.7007007007007007,0.672320679271363
0.9414209914143905,999,497,2,298,202,0.9901960784313726,0.404,0.004008016032064128,0.6996996996996997,0.6710121891246312
0.9417363131860699,999,497,2,299,201,0.9901477832512315,0.402,0.004008016032064128,0.6986986986986987,0.6697012802275961
0.9420305559715741,999,497,2,300,200,0.9900990099009901,0.4,0.004008016032064128,0.6976976976976977,0.6683879392212726
0.9425581165225803,999,497,2,301,199,0.9900497512437811,0.398,0.004008016032064128,0.6966966966966966,0.6670721526797823
0.9426478764424593,999,497,2,302,198,0.99,0.396,0.004008016032064128,0.6956956956956957,0.6657539071098393
0.9429805203080284,999,497,2,303,197,0.9899497487437185,0.394,0.004008016032064128,0.6946946946946947,0.6644331889502324
0.9434752968202453,999,497,2,304,196,0.98989898989899,0.392,0.004008016032064128,0.6936936936936937,0.6631099845713027
0.9439007213148053,999,497,2,305,195,0.9898477157360406,0.39,0.004008016032064128,0.6926926926926927,0.6617842802744165
0.9447313591982371,999,497,2,306,194,0.9897959183673469,0.388,0.004008016032064128,0.6916916916916916,0.6604560622914349
0.9449094896549812,999,497,2,307,193,0.9897435897435898,0.386,0.004008016032064128,0.6906906906906907,0.6591253167841782
0.9453701476705632,999,497,2,308,192,0.9896907216494846,0.384,0.004008016032064128,0.6896896896896897,0.6577920298438854
0.9454519375060915,999,497,2,309,191,0.9896373056994818,0.382,0.004008016032064128,0.6886886886886887,0.6564561874906703
0.9455869711847331,999,497,2,310,190,0.9895833333333334,0.38,0.004008016032064128,0.6876876876876877,0.6551177756729722
0.9456794067285996,999,497,2,311,189,0.9895287958115183,0.378,0.004008016032064128,0.6866866866866866,0.6537767802670027
0.9460087663607196,999,497,2,312,188,0.9894736842105263,0.376,0.004008016032064128,0.6856856856856857,0.6524331870761867
0.9461558420426001,999,497,2,313,187,0.9894179894179894,0.374,0.004008016032064128,0.6846846846846847,0.6510869818306
0.9466031120277003,999,497,2,314,186,0.9893617021276596,0.372,0.004008016032064128,0.6836836836836837,0.6497381501864015
0.9469523027446729,999,497,2,315,185,0.9893048128342246,0.37,0.004008016032064128,0.6826826826826827,0.6483866777252605
0.948521309114169,999,497,2,316,184,0.989247311827957,0.368,0.004008016032064128,0.6816816816816816,0.6470325499537795
0.9486125611278385,999,497,2,317,183,0.9891891891891892,0.366,0.004008016032064128,0.6806806806806807,0.6456757523029113
0.9487461283979379,999,497,2,318,182,0.9891304347826086,0.364,0.004008016032064128,0.6796796796796797,0.6443162701273732
0.9488618454914689,999,497,2,319,181,0.9890710382513661,0.362,0.004008016032064128,0.6786786786786787,0.6429540887050531
0.9492913803684216,999,497,2,320,180,0.989010989010989,0.36,0.004008016032064128,0.6776776776776777,0.6415891932364135
0.95,999,497,2,321,179,0.988950276243094,0.358,0.004008016032064128,0.6766766766766766,0.6402215688438883
0.9503252925670975,999,497,2,321,179,0.988950276243094,0.358,0.004008016032064128,0.6766766766766766,0.6402215688438883
0.9508471907169254,999,497,2,322,178,0.9888888888888889,0.356,0.004008016032064128,0.6756756756756757,0.6388512005712756
0.9511220732169657,999,497,2,323,177,0.9888268156424581,0.354,0.004008016032064128,0.6746746746746747,0.6374780733831249
0.9517902009924154,999,497,2,324,176,0.9887640449438202,0.352,0.004008016032064128,0.6736736736736737,0.6361021721641191
0.9518250786663254,999,497,2,325,175,0.9887005649717514,0.35,0.004008016032064128,0.6726726726726727,0.634723481718451
0.9522370380338067,999,497,2,326,174,0.9886363636363636,0.348,0.004008016032064128,0.6716716716716716,0.633341986769195
0.9524202388898528,999,497,2,327,173,0.9885714285714285,0.346,0.004008016032064128,0.6706706706706707,0.6319576719576719
0.9526470033627475,999,497,2,328,172,0.9885057471264368,0.344,0.004008016032064128,0.6696696696696697,0.6305705218428106
0.952660569570267,999,497,2,329,171,0.9884393063583815,0.342,0.004008016032064128,0.6686686686686687,0.6291805209005018
0.952876654126987,999,497,2,330,170,0.9883720930232558,0.34,0.004008016032064128,0.6676676676676677,0.6277876535229476
0.952982511950897,999,497,2,331,169,0.9883040935672515,0.338,0.004008016032064128,0.6666666666666666,0.626391904018005
0.9531690146151159,999,497,2,332,168,0.9882352941176471,0.336,0.004008016032064128,0.6656656656656657,0.6249932566085237
0.9534148211204738,999,497,2,333,167,0.9881656804733728,0.334,0.004008016032064128,0.6646646646646647,0.6235916954316776
0.9534215899018468,999,497,2,334,166,0.9880952380952381,0.332,0.004008016032064128,0.6636636636636637,0.6221872045382918
0.953809607570265,999,497,2,335,165,0.9880239520958084,0.33,0.004008016032064128,0.6626626626626627,0.6207797678921622
0.9541550172282357,999,497,2,336,164,0.9879518072289156,0.328,0.004008016032064128,0.6616616616616616,0.6193693693693694
0.9543602003686742,999,497,2,337,163,0.9878787878787879,0.326,0.004008016032064128,0.6606606606606606,0.617955992757588
0.954450180971247,999,497,2,338,162,0.9878048780487805,0.324,0.004008016032064128,0.6596596596596597,0.6165396217553873
0.9546384031743492,999,497,2,339,161,0.9877300613496932,0.322,0.004008016032064128,0.6586586586586587,0.6151202399715288
0.9546583576250725,999,497,2,340,160,0.9876543209876543,0.32,0.004008016032064128,0.6576576576576577,0.6136978309242542
0.9549055946153204,999,497,2,341,159,0.9875776397515528,0.318,0.004008016032064128,0.6566566566566566,0.61227237804057
0.9559876657252432,999,497,2,342,158,0.9875,0.316,0.004008016032064128,0.6556556556556556,0.6108438646555239
0.9560363053265472,999,497,2,343,157,0.9874213836477987,0.314,0.004008016032064128,0.6546546546546547,0.6094122740114756
0.9561279372138444,999,497,2,344,156,0.9873417721518988,0.312,0.004008016032064128,0.6536536536536537,0.6079775892573607
0.9562364116573251,999,497,2,345,155,0.9872611464968153,0.31,0.004008016032064128,0.6526526526526526,0.6065397934479483
0.9563055656631566,999,497,2,346,154,0.9871794871794872,0.308,0.004008016032064128,0.6516516516516516,0.6050988695430919
0.956492194038325,999,497,2,347,153,0.9870967741935484,0.306,0.004008016032064128,0.6506506506506506,0.6036548004069732
0.9568265781919449,999,497,2,348,152,0.987012987012987,0.304,0.004008016032064128,0.6496496496496497,0.6022075688073395
0.9570315952455665,999,497,2,349,151,0.9869281045751634,0.302,0.004008016032064128,0.6486486486486487,0.6007571574147343
0.9576164513415555,999,497,2,350,150,0.9868421052631579,0.3,0.004008016032064128,0.6476476476476476,0.5993035488017211
0.9582042385738901,999,497,2,351,149,0.9867549668874173,0.298,0.004008016032064128,0.6466466466466466,0.5978467254420987
0.9588680147645425,999,497,2,352,148,0.9866666666666667,0.296,0.004008016032064128,0.6456456456456456,0.5963866697101119
0.9593246156968568,999,497,2,353,147,0.9865771812080537,0.294,0.004008016032064128,0.6446446446446447,0.5949233638796529
0.9593612629026262,999,497,2,354,146,0.9864864864864865,0.292,0.004008016032064128,0.6436436436436437,0.5934567901234569
0.96,999,497,2,355,145,0.9863945578231292,0.29,0.004008016032064128,0.6426426426426426,0.5919869305122887
0.9602100144472537,999,497,2,355,145,0.9863945578231292,0.29,0.004008016032064128,0.6426426426426426,0.5919869305122887
0.9618948946641054,999,497,2,356,144,0.9863013698630136,0.288,0.004008016032064128,0.6416416416416416,0.5905137670141243
0.9619820450243461,999,497,2,357,143,0.9862068965517241,0.286,0.004008016032064128,0.6406406406406406,0.5890372814933224
0.9619952431851444,999,497,2,358,142,0.9861111111111112,0.284,0.004008016032064128,0.6396396396396397,0.5875574557097902
0.96231927714991,999,497,2,359,141,0.986013986013986,0.282,0.004008016032064128,0.6386386386386387,0.5860742713181408
0.962660898944284,999,497,2,360,140,0.9859154929577465,0.28,0.004008016032064128,0.6376376376376376,0.584587709866843
0.9627631797995166,999,497,2,361,139,0.9858156028368794,0.278,0.004008016032064128,0.6366366366366366,0.5830977527973632
0.9634641429382359,999,497,2,362,138,0.9857142857142858,0.276,0.004008016032064128,0.6356356356356356,0.581604381443299
0.963770651542625,999,497,2,363,137,0.9856115107913669,0.274,0.004008016032064128,0.6346346346346347,0.580107577029506
0.9640601791161161,999,497,2,364,136,0.9855072463768116,0.272,0.004008016032064128,0.6336336336336337,0.5786073206712152
0.9643511483610661,999,497,2,365,135,0.9854014598540146,0.27,0.004008016032064128,0.6326326326326326,0.5771035933731431
0.9660756167967187,999,497,2,366,134,0.9852941176470589,0.268,0.004008016032064128,0.6316316316316316,0.5755963760285928
0.9661813139174039,999,498,1,366,134,0.9925925925925926,0.268,0.002004008016032064,0.6326326326326326,0.5763941282834877
0.9665733202762621,999,498,1,367,133,0.9925373134328358,0.266,0.002004008016032064,0.6316316316316316,0.5748818191069133
0.9671568065525996,999,498,1,368,132,0.9924812030075187,0.264,0.002004008016032064,0.6306306306306306,0.5733659705223686
0.9672672935901037,999,498,1,369,131,0.9924242424242424,0.262,0.002004008016032064,0.6296296296296297,0.5718465630038734
0.9672722213118712,999,498,1,370,130,0.9923664122137404,0.26,0.002004008016032064,0.6286286286286287,0.5703235769096556
0.9677227764398878,999,498,1,371,129,0.9923076923076923,0.258,0.002004008016032064,0.6276276276276276,0.5687969924812031
0.9678918674814184,999,498,1,372,128,0.9922480620155039,0.256,0.002004008016032064,0.6266266266266266,0.5672667898423065
0.96794250356875,999,498,1,373,127,0.9921875,0.254,0.002004008016032064,0.6256256256256256,0.5657329489980938
0.9686907586966627,999,498,1,374,126,0.9921259842519685,0.252,0.002004008016032064,0.6246246246246246,0.564195449834054
0.9686921688220803,999,499,0,374,126,1.0,0.252,0.0,0.6256256256256256,0.564980579178271
0.9688140894643394,999,499,0,375,125,1.0,0.25,0.0,0.6246246246246246,0.5634377276037874
0.9690591271696369,999,499,0,376,124,1.0,0.248,0.0,0.6236236236236237,0.5618911656029559
0.969540778433717,999,499,0,377,123,1.0,0.246,0.0,0.6226226226226226,0.5603408726105356
0.9696575267017542,999,499,0,378,122,1.0,0.244,0.0,0.6216216216216216,0.5587868279368877
0.97,999,499,0,379,121,1.0,0.242,0.0,0.6206206206206206,0.5572290107669476
0.9707443649982795,999,499,0,379,121,1.0,0.242,0.0,0.6206206206206206,0.5572290107669476
0.9711849681228121,999,499,0,380,120,1.0,0.24,0.0,0.6196196196196196,0.5556674001591835
0.9713419690592769,999,499,0,381,119,1.0,0.238,0.0,0.6186186186186187,0.5541019750445466
0.9714206460090388,999,499,0,382,118,1.0,0.236,0.0,0.6176176176176176,0.5525327142254115
0.9715415332461533,999,499,0,383,117,1.0,0.234,0.0,0.6166166166166166,0.5509595963745061
0.9719865477414392,999,499,0,384,116,1.0,0.232,0.0,0.6156156156156156,0.5493826000338302
0.9726580233402369,999,499,0,385,115,1.0,0.23,0.0,0.6146146146146146,0.5478017036135654
0.9730345420738656,999,499,0,386,114,1.0,0.228,0.0,0.6136136136136137,0.5462168853909736
0.973219397703547,999,499,0,387,113,1.0,0.226,0.0,0.6126126126126126,0.5446281235092845
0.9735892770489316,999,499,0,388,112,1.0,0.224,0.0,0.6116116116116116,0.5430353959765725
0.9737138650271349,999,499,0,389,111,1.0,0.222,0.0,0.6106106106106106,0.5414386806646236
0.9747358677313904,999,499,0,390,110,1.0,0.22,0.0,0.6096096096096096,0.5398379553077904
0.9751634276760603,999,499,0,391,109,1.0,0.218,0.0,0.6086086086086087,0.5382331975018353
0.9757922330018248,999,499,0,392,108,1.0,0.216,0.0,0.6076076076076076,0.5366243847027641
0.9759280873907221,999,499,0,393,107,1.0,0.214,0.0,0.6066066066066066,0.5350114942256469
0.9760621366252781,999,499,0,394,106,1.0,0.212,0.0,0.6056056056056056,0.5333945032434277
0.9760924578260407,999,499,0,395,105,1.0,0.21,0.0,0.6046046046046046,0.5317733887857232
0.9763434391852027,999,499,0,396,104,1.0,0.208,0.0,0.6036036036036037,0.5301481277376077
0.9763566016160851,999,499,0,397,103,1.0,0.206,0.0,0.6026026026026026,0.5285186968383887
0.9767063002813083,999,499,0,398,102,1.0,0.204,0.0,0.6016016016016016,0.5268850726803682
0.9769446959549426,999,499,0,399,101,1.0,0.202,0.0,0.6006006006006006,0.525247231707593
0.977338298154731,999,499,0,400,100,1.0,0.2,0.0,0.5995995995995996,0.5236051502145923
0.9776546532256073,999,499,0,401,99,1.0,0.198,0.0,0.5985985985985987,0.5219588043451022
0.9779553023995593,999,499,0,402,98,1.0,0.196,0.0,0.5975975975975976,0.5203081700907788
0.9784427209073749,999,499,0,403,97,1.0,0.194,0.0,0.5965965965965966,0.518653223289897
0.978701657269582,999,499,0,404,96,1.0,0.192,0.0,0.5955955955955956,0.5169939396260376
0.9787376543452944,999,499,0,405,95,1.0,0.19,0.0,0.5945945945945946,0.5153302946267602
0.9787749033372702,999,499,0,406,94,1.0,0.188,0.0,0.5935935935935935,0.5136622636622636
0.9788528889711475,999,499,0,407,93,1.0,0.186,0.0,0.5925925925925926,0.5119898219440326
0.9788967183209581,999,499,0,408,92,1.0,0.184,0.0,0.5915915915915916,0.5103129445234709
0.978923650415633,999,499,0,409,91,1.0,0.182,0.0,0.5905905905905906,0.5086316062905198
0.9792452217103179,999,499,0,410,90,1.0,0.18,0.0,0.5895895895895896,0.506945781972265
0.9795102446029555,999,499,0,411,89,1.0,0.178,0.0,0.5885885885885885,0.5052554461315265
0.9795415138300553,999,499,0,412,88,1.0,0.176,0.0,0.5875875875875876,0.5035605731654365
0.9797109207136699,999,499,0,413,87,1.0,0.174,0.0,0.5865865865865866,0.5018611373040011
0.98,999,499,0,414,86,1.0,0.172,0.0,0.5855855855855856,0.5001571126086494
0.9802554612124104,999,499,0,414,86,1.0,0.172,0.0,0.5855855855855856,0.5001571126086494
0.9803821685697692,999,499,0,415,85,1.0,0.17,0.0,0.5845845845845846,0.498448472970766
0.9805452501120161,999,499,0,416,84,1.0,0.168,0.0,0.5835835835835835,0.496735192110209
0.9809626497717392,999,499,0,417,83,1.0,0.166,0.0,0.5825825825825826,0.49501724357381405
0.9810788217735944,999,499,0,418,82,1.0,0.164,0.0,0.5815815815815816,0.4932946007338808
0.9812765509409672,999,499,0,419,81,1.0,0.162,0.0,0.5805805805805806,0.49156723678664654
0.9815233690577758,999,499,0,420,80,1.0,0.16,0.0,0.5795795795795796,0.4898351247507417
0.982146396758814,999,499,0,421,79,1.0,0.158,0.0,0.5785785785785785,0.48809823746563114
0.9821640452946836,999,499,0,422,78,1.0,0.156,0.0,0.5775775775775776,0.4863565475900385
0.982368922327288,999,499,0,423,77,1.0,0.154,0.0,0.5765765765765766,0.48461002760035465
0.9824258506922051,999,499,0,424,76,1.0,0.152,0.0,0.5755755755755756,0.4828586497890296
0.9829164603682241,999,499,0,425,75,1.0,0.15,0.0,0.5745745745745746,0.4811023862629472
0.9831443933816018,999,499,0,426,74,1.0,0.148,0.0,0.5735735735735735,0.47934120894178445
0.9833056423889415,999,499,0,427,73,1.0,0.146,0.0,0.5725725725725725,0.47757508955635164
0.9833593159648444,999,499,0,428,72,1.0,0.144,0.0,0.5715715715715716,0.4758039996469169
0.9838024982818206,999,499,0,429,71,1.0,0.142,0.0,0.5705705705705706,0.4740279105615126
0.9838881426829074,999,499,0,430,70,1.0,0.14,0.0,0.5695695695695696,0.47224679345422377
0.9839163179977263,999,499,0,431,69,1.0,0.138,0.0,0.5685685685685685,0.4704606192834593
0.9839780198567064,999,499,0,432,68,1.0,0.136,0.0,0.5675675675675675,0.4686693588102039
0.9840748815099281,999,499,0,433,67,1.0,0.134,0.0,0.5665665665665666,0.46687298259625304
0.9843394525899465,999,499,0,434,66,1.0,0.132,0.0,0.5655655655655656,0.4650714610024281
0.984505080955149,999,499,0,435,65,1.0,0.13,0.0,0.5645645645645646,0.4632647641867732
0.9846697344273289,999,499,0,436,64,1.0,0.128,0.0,0.5635635635635635,0.461452862102733
0.9846737069499292,999,499,0,437,63,1.0,0.126,0.0,0.5625625625625625,0.45963572449731094
0.9846991432212027,999,499,0,438,62,1.0,0.124,0.0,0.5615615615615616,0.4578133209092081
0.9849886934114865,999,499,0,439,61,1.0,0.122,0.0,0.5605605605605606,0.45598562066694204
0.9850000795541523,999,499,0,440,60,1.0,0.12,0.0,0.5595595595595596,0.45415259288694615
0.9850882683006318,999,499,0,441,59,1.0,0.118,0.0,0.5585585585585585,0.4523142064716479
0.9853332421919772,999,499,0,442,58,1.0,0.116,0.0,0.5575575575575575,0.45047043010752685
0.985361678260648,999,499,0,443,57,1.0,0.114,0.0,0.5565565565565566,0.4486212322631526
0.9853739353898882,999,499,0,444,56,1.0,0.112,0.0,0.5555555555555556,0.44676658118720003
0.9854017026293458,999,499,0,445,55,1.0,0.11,0.0,0.5545545545545546,0.4449064449064449
0.9856536405149294,999,499,0,446,54,1.0,0.108,0.0,0.5535535535535535,0.4430407912237367
0.9858600291723009,999,499,0,447,53,1.0,0.106,0.0,0.5525525525525525,0.44116958771595016
0.9860872574901006,999,499,0,448,52,1.0,0.104,0.0,0.5515515515515516,0.4392928017319141
0.986089072305113,999,499,0,449,51,1.0,0.102,0.0,0.5505505505505506,0.43741040039031875
0.9862418678902984,999,499,0,450,50,1.0,0.1,0.0,0.5495495495495496,0.43552235057759925
0.9862828245674782,999,499,0,451,49,1.0,0.098,0.0,0.5485485485485485,0.4336286189457964
0.9864062241214291,999,499,0,452,48,1.0,0.096,0.0,0.5475475475475475,0.43172917191039517
0.9864197700487772,999,499,0,453,47,1.0,0.094,0.0,0.5465465465465466,0.42982397564813773
0.9864399980764594,999,499,0,454,46,1.0,0.092,0.0,0.5455455455455456,0.42791299609481426
0.9867117814795634,999,499,0,455,45,1.0,0.09,0.0,0.5445445445445446,0.42599619894302837
0.9869147254691547,999,499,0,456,44,1.0,0.088,0.0,0.5435435435435435,0.4240735496399385
0.9871495639960499,999,499,0,457,43,1.0,0.086,0.0,0.5425425425425425,0.4221450133849747
0.987252062830405,999,499,0,458,42,1.0,0.084,0.0,0.5415415415415415,0.4202105551275293
0.9884492972334677,999,499,0,459,41,1.0,0.082,0.0,0.5405405405405406,0.41827013956462333
0.9885021140808298,999,499,0,460,40,1.0,0.08,0.0,0.5395395395395396,0.4163237311385459
0.9888590715521508,999,499,0,461,39,1.0,0.078,0.0,0.5385385385385385,0.41437129403446843
0.98892844679083,999,499,0,462,38,1.0,0.076,0.0,0.5375375375375375,0.4124127921780313
0.989004174238966,999,499,0,463,37,1.0,0.074,0.0,0.5365365365365365,0.41044818923290466
0.9892104810984833,999,499,0,464,36,1.0,0.072,0.0,0.5355355355355356,0.4084774485983217
0.989469496338199,999,499,0,465,35,1.0,0.07,0.0,0.5345345345345346,0.4065005334065836
0.9897591571096901,999,499,0,466,34,1.0,0.068,0.0,0.5335335335335335,0.40451740652053786
0.9897837242565424,999,499,0,467,33,1.0,0.066,0.0,0.5325325325325325,0.40252803053102726
0.9898917523239801,999,499,0,468,32,1.0,0.064,0.0,0.5315315315315315,0.4005323677543107
0.99,999,499,0,469,31,1.0,0.062,0.0,0.5305305305305306,0.3985303802294548
0.9900203940710335,999,499,0,469,31,1.0,0.062,0.0,0.5305305305305306,0.3985303802294548
0.9900401053515075,999,499,0,470,30,1.0,0.06,0.0,0.5295295295295295,0.39652202971569583
0.9900429999928796,999,499,0,471,29,1.0,0.058,0.0,0.5285285285285285,0.3945072776897727
0.9904902932015194,999,499,0,472,28,1.0,0.056,0.0,0.5275275275275275,0.3924860853432282
0.990676799558197,999,499,0,473,27,1.0,0.054,0.0,0.5265265265265265,0.39045841357968153
0.9907090691968059,999,499,0,474,26,1.0,0.052,0.0,0.5255255255255256,0.3884242230120681
0.9907802786652657,999,499,0,475,25,1.0,0.05,0.0,0.5245245245245245,0.3863834739598487
0.9907835667694387,999,499,0,476,24,1.0,0.048,0.0,0.5235235235235235,0.38433612644618687
0.9910148985883369,999,499,0,477,23,1.0,0.046,0.0,0.5225225225225225,0.3822821401950935
0.9910260411779417,999,499,0,478,22,1.0,0.044,0.0,0.5215215215215215,0.3802214746285394
0.9910324178389956,999,499,0,479,21,1.0,0.042,0.0,0.5205205205205206,0.3781540888635339
0.9912027954310122,999,499,0,480,20,1.0,0.04,0.0,0.5195195195195195,0.37607994170917036
0.9912277519878464,999,499,0,481,19,1.0,0.038,0.0,0.5185185185185185,0.37399899166363776
0.991361066660701,999,499,0,482,18,1.0,0.036,0.0,0.5175175175175175,0.3719111969111969
0.9915268754569663,999,499,0,483,17,1.0,0.034,0.0,0.5165165165165165,0.36981651531912285
0.9919358718838551,999,499,0,484,16,1.0,0.032,0.0,0.5155155155155156,0.3677149044346107
0.991990946997641,999,499,0,485,15,1.0,0.03,0.0,0.5145145145145145,0.36560632148164635
0.9924103494615251,999,499,0,486,14,1.0,0.028,0.0,0.5135135135135135,0.36349072335784033
0.992515718412895,999,499,0,487,13,1.0,0.026,0.0,0.5125125125125125,0.3613680666312245
0.9925581589105108,999,499,0,488,12,1.0,0.024,0.0,0.5115115115115115,0.35923830753701214
0.9926983576820252,999,499,0,489,11,1.0,0.022,0.0,0.5105105105105106,0.35710140197431883
0.9929385102289691,999,499,0,490,10,1.0,0.02,0.0,0.5095095095095095,0.35495730550284627
0.9935842398699466,999,499,0,491,9,1.0,0.018,0.0,0.5085085085085085,0.3528059733395259
0.9942810103041446,999,499,0,492,8,1.0,0.016,0.0,0.5075075075075075,0.35064736035512345
0.9951003931357223,999,499,0,493,7,1.0,0.014,0.0,0.5065065065065065,0.34848142107080354
0.995416077776861,999,499,0,494,6,1.0,0.012,0.0,0.5055055055055055,0.34630810965465353
0.9956838010379939,999,499,0,495,5,1.0,0.01,0.0,0.5045045045045045,0.344127379918166
0.9957225361226351,999,499,0,496,4,1.0,0.008,0.0,0.5035035035035035,0.3419391853126793
0.9960594276615707,999,499,0,497,3,1.0,0.006,0.0,0.5025025025025025,0.33974347892577644
0.9962483466996268,999,499,0,498,2,1.0,0.004,0.0,0.5015015015015015,0.33754021347764024
0.9966217427624159,999,499,0,499,1,1.0,0.002,0.0,0.5005005005005005,0.33532934131736525
1.0,999,499,0,500,0,,0.0,0.0,0.4994994994994995,0.33311081441922563
1.0000000000000002,999,499,0,500,0,,0.0,0.0,0.4994994994994995,0.33311081441922563
