threshold,n,true_negatives,false_positives,false_negatives,true_positives,precision,recall,false_positive_rate,accuracy,macro_f1
0.0,999,0,499,0,500,0.5005005005005005,1.0,1.0,0.5005005005005005,0.333555703802535
0.0030323653115462094,999,0,499,0,500,0.5005005005005005,1.0,1.0,0.5005005005005005,0.333555703802535
0.004238538507932295,999,1,498,0,500,0.501002004008016,1.0,0.9979959919839679,0.5015015015015015,0.33577837116154874
0.004289677700356442,999,2,497,0,500,0.5015045135406219,1.0,0.9959919839679359,0.5025025025025025,0.3379933519734079
0.004776462240525809,999,3,496,0,500,0.5020080321285141,1.0,0.9939879759519038,0.5035035035035035,0.34020069454801116
0.0049671056008194015,999,4,495,0,500,0.5025125628140703,1.0,0.9919839679358717,0.5045045045045045,0.3424004468174232
0.005941960129001344,999,5,494,0,500,0.5030181086519114,1.0,0.9899799599198397,0.5055055055055055,0.3445926563396443
0.006548135667204982,999,6,493,0,500,0.5035246727089627,1.0,0.9879759519038076,0.5065065065065065,0.346777370302335
0.006588062187165354,999,7,492,0,500,0.5040322580645161,1.0,0.9859719438877755,0.5075075075075075,0.348954635526497
0.006606099487861219,999,8,491,0,500,0.5045408678102926,1.0,0.9839679358717435,0.5085085085085085,0.3511244984701106
0.00660897906160665,999,9,490,0,500,0.5050505050505051,1.0,0.9819639278557114,0.5095095095095095,0.3532870052317286
0.006725317507338115,999,10,489,0,500,0.5055611729019212,1.0,0.9799599198396793,0.5105105105105106,0.3554422015540288
0.008271426514166949,999,11,488,0,500,0.5060728744939271,1.0,0.9779559118236473,0.5115115115115115,0.35759013282732444
0.008307693387313337,999,12,487,0,500,0.5065856129685917,1.0,0.9759519038076152,0.5125125125125125,0.3597308440930333
0.00846453675540605,999,13,486,0,500,0.5070993914807302,1.0,0.9739478957915831,0.5135135135135135,0.3618643800471063
0.008841859314896549,999,14,485,0,500,0.5076142131979695,1.0,0.9719438877755511,0.5145145145145145,0.36399078504341664
0.008904210607578702,999,15,484,0,500,0.508130081300813,1.0,0.969939879759519,0.5155155155155156,0.36611010309710845
0.009123596548562532,999,16,483,0,500,0.508646998982706,1.0,0.9679358717434869,0.5165165165165165,0.3682223778879076
0.00926654314928276,999,17,482,0,500,0.5091649694501018,1.0,0.9659318637274549,0.5175175175175175,0.3703276527633933
0.009323955362405618,999,18,481,0,500,0.509683995922528,1.0,0.9639278557114228,0.5185185185185185,0.37242597074223205
0.00959485484425923,999,19,480,0,500,0.5102040816326531,1.0,0.9619238476953907,0.5195195195195195,0.3745173745173745
0.009887628608712867,999,20,479,0,500,0.5107252298263534,1.0,0.9599198396793587,0.5205205205205206,0.37660190645921515
0.01,999,21,478,0,500,0.5112474437627812,1.0,0.9579158316633266,0.5215215215215215,0.3786796086187155
0.01000742438011842,999,21,478,0,500,0.5112474437627812,1.0,0.9579158316633266,0.5215215215215215,0.3786796086187155
0.010229757634028704,999,22,477,0,500,0.5117707267144319,1.0,0.9559118236472945,0.5225225225225225,0.380750522730492
0.010317293608624547,999,23,476,0,500,0.5122950819672131,1.0,0.9539078156312625,0.5235235235235235,0.38281469021586767
0.010639602775358569,999,24,475,0,500,0.5128205128205128,1.0,0.9519038076152304,0.5245245245245245,0.3848721521858897
0.010796177243732058,999,25,474,0,500,0.5133470225872689,1.0,0.9498997995991983,0.5255255255255256,0.3869229494443121
0.010847603408002893,999,26,473,0,500,0.513874614594039,1.0,0.9478957915831663,0.5265265265265265,0.3889671224905441
0.010912143719035872,999,27,472,0,500,0.51440329218107,1.0,0.9458917835671342,0.5275275275275275,0.3910047115225657
0.010957166665988281,999,28,471,0,500,0.5149330587023687,1.0,0.9438877755511023,0.5285285285285285,0.3930357564398097
0.011287000097009843,999,29,470,0,500,0.5154639175257731,1.0,0.9418837675350702,0.5295295295295295,0.3950602968460111
0.011334038163195788,999,30,469,0,500,0.5159958720330238,1.0,0.9398797595190381,0.5305305305305306,0.3970783720520241
0.011475415225357546,999,31,468,0,500,0.5165289256198347,1.0,0.9378757515030061,0.5315315315315315,0.39909002107860775
0.01166275257537106,999,32,467,0,500,0.5170630816959669,1.0,0.935871743486974,0.5325325325325325,0.40109528265917993
0.011814626930406654,999,33,466,0,500,0.5175983436853002,1.0,0.9338677354709419,0.5335335335335335,0.4030941952425402
0.012882705120541559,999,34,465,0,500,0.5181347150259067,1.0,0.9318637274549099,0.5345345345345346,0.4050867969955625
0.012883711977628802,999,35,464,0,500,0.5186721991701245,1.0,0.9298597194388778,0.5355355355355356,0.4070731258058574
0.012959117979374934,999,36,463,0,500,0.5192107995846313,1.0,0.9278557114228457,0.5365365365365365,0.40905321928440475
0.013295693999814465,999,37,462,0,500,0.5197505197505198,1.0,0.9258517034068137,0.5375375375375375,0.4110271147681565
0.01357155622705257,999,38,461,0,500,0.5202913631633714,1.0,0.9238476953907816,0.5385385385385385,0.4129948493226113
0.013733050588957395,999,39,460,0,500,0.5208333333333334,1.0,0.9218436873747495,0.5395395395395396,0.41495645974436013
0.013799287779519406,999,40,459,0,500,0.5213764337851929,1.0,0.9198396793587175,0.5405405405405406,0.41691198256360307
0.013992701037506267,999,41,458,0,500,0.5219206680584552,1.0,0.9178356713426854,0.5415415415415415,0.4188614540466392
0.014484849651488297,999,42,457,0,500,0.522466039707419,1.0,0.9158316633266533,0.5425425425425425,0.42080491019832866
0.014540594804602082,999,43,456,0,500,0.5230125523012552,1.0,0.9138276553106213,0.5435435435435435,0.42274238676452697
0.01456059712178497,999,44,455,0,500,0.5235602094240838,1.0,0.9118236472945892,0.5445445445445446,0.4246739192344934
0.01456097375394687,999,45,454,0,500,0.5241090146750524,1.0,0.9098196392785571,0.5455455455455456,0.4265995428432721
0.014813221381941608,999,46,453,0,500,0.5246589716684156,1.0,0.9078156312625251,0.5465465465465466,0.428519292574048
0.015270861051539571,999,47,452,0,500,0.5252100840336135,1.0,0.905811623246493,0.5475475475475475,0.43043320316047584
0.015396840932005966,999,48,451,0,500,0.5257623554153522,1.0,0.9038076152304609,0.5485485485485485,0.4323413090889848
0.017158968069172297,999,49,450,0,500,0.5263157894736842,1.0,0.9018036072144289,0.5495495495495496,0.43424364460105713
0.017586233478997817,999,50,449,0,500,0.5268703898840885,1.0,0.8997995991983968,0.5505505505505506,0.4361402436954825
0.017857923623590902,999,51,448,0,500,0.5274261603375527,1.0,0.8977955911823647,0.5515515515515516,0.43803114013058764
0.01792577206370389,999,52,447,0,500,0.5279831045406547,1.0,0.8957915831663327,0.5525525525525525,0.4399163674264421
0.01795004722984463,999,53,446,0,500,0.5285412262156448,1.0,0.8937875751503006,0.5535535535535535,0.4417959588670395
0.019123346207543326,999,54,445,0,500,0.5291005291005291,1.0,0.8917835671342685,0.5545545545545546,0.4436699475024559
0.01940696155287936,999,55,444,0,500,0.5296610169491526,1.0,0.8897795591182365,0.5555555555555556,0.4455383661509845
0.01949056536336201,999,56,443,0,500,0.5302226935312832,1.0,0.8877755511022044,0.5565565565565566,0.4474012474012474
0.019768536122216178,999,57,442,0,500,0.5307855626326964,1.0,0.8857715430861723,0.5575575575575575,0.4492586236142847
0.02,999,58,441,0,500,0.5313496280552603,1.0,0.8837675350701403,0.5585585585585585,0.4511105269256214
0.02014431826225771,999,58,441,0,500,0.5313496280552603,1.0,0.8837675350701403,0.5585585585585585,0.4511105269256214
0.02058562094238182,999,59,440,0,500,0.5319148936170213,1.0,0.8817635270541082,0.5595595595595596,0.4529569892473118
0.020603846878359124,999,60,439,0,500,0.5324813631522897,1.0,0.8797595190380761,0.5605605605605606,0.45479804226996234
0.02065642178548677,999,61,438,0,500,0.5330490405117271,1.0,0.8777555110220441,0.5615615615615616,0.45663371746473275
0.020673814086198172,999,62,437,0,500,0.5336179295624333,1.0,0.875751503006012,0.5625625625625625,0.4584640460853159
0.020718995271988838,999,63,436,0,500,0.5341880341880342,1.0,0.87374749498998,0.5635635635635635,0.4602890591698966
0.020826580203220545,999,64,435,0,500,0.5347593582887701,1.0,0.8717434869739479,0.5645645645645646,0.46210878754308987
0.021339566768256508,999,65,434,0,500,0.5353319057815846,1.0,0.8697394789579158,0.5655655655655656,0.46392326181785815
0.021412432623820313,999,66,433,0,500,0.5359056806002144,1.0,0.8677354709418837,0.5665665665665666,0.46573251239740876
0.021427706116474366,999,67,432,0,500,0.5364806866952789,1.0,0.8657314629258517,0.5675675675675675,0.4675365694770713
0.02176331259413257,999,68,431,0,500,0.5370569280343717,1.0,0.8637274549098196,0.5685685685685685,0.46933546304615487
0.021792631335770942,999,69,430,0,500,0.5376344086021505,1.0,0.8617234468937875,0.5695695695695696,0.47112922288978626
0.02249439361054193,999,70,429,0,500,0.5382131324004306,1.0,0.8597194388777555,0.5705705705705706,0.4729178785907286
0.02272466169067494,999,71,428,0,500,0.5387931034482759,1.0,0.8577154308617234,0.5715715715715716,0.47470145953118087
0.02302614573602182,999,72,427,0,500,0.5393743257820928,1.0,0.8557114228456913,0.5725725725725725,0.47647999489455917
0.02459252590835606,999,73,426,0,500,0.5399568034557235,1.0,0.8537074148296593,0.5735735735735735,0.47825351366725843
0.02537657546301292,999,74,425,0,500,0.5405405405405406,1.0,0.8517034068136272,0.5745745745745746,0.48002204464039677
0.02537952467719124,999,75,424,0,500,0.5411255411255411,1.0,0.8496993987975952,0.5755755755755756,0.4817856164115414
0.025595132430395396,999,76,423,0,500,0.5417118093174431,1.0,0.8476953907815631,0.5765765765765766,0.4835442573864157
0.026245084643173117,999,77,422,0,500,0.5422993492407809,1.0,0.845691382765531,0.5775775775775776,0.48529799578059074
0.026265128124952884,999,78,421,0,500,0.5428881650380022,1.0,0.843687374749499,0.5785785785785785,0.4870468596211568
0.026592480997681325,999,79,420,0,500,0.5434782608695652,1.0,0.8416833667334669,0.5795795795795796,0.4887908767483795
0.026618406186044472,999,80,419,0,500,0.544069640914037,1.0,0.8396793587174348,0.5805805805805806,0.49053007481733835
0.027097582861923625,999,81,418,0,500,0.5446623093681917,1.0,0.8376753507014028,0.5815815815815816,0.4922644812995477
0.02711516222304555,999,82,417,0,500,0.5452562704471101,1.0,0.8356713426853707,0.5825825825825826,0.4939941234845623
0.028252648372031768,999,83,416,0,500,0.5458515283842795,1.0,0.8336673346693386,0.5835835835835835,0.4957190284815656
0.02835792580251417,999,84,415,0,500,0.546448087431694,1.0,0.8316633266533067,0.5845845845845846,0.49743922322094203
0.02881914070229344,999,85,414,0,500,0.5470459518599562,1.0,0.8296593186372746,0.5855855855855856,0.499154734455833
0.02916485725510228,999,86,413,0,500,0.547645125958379,1.0,0.8276553106212425,0.5865865865865866,0.5008655887636779
0.029710177753035208,999,87,412,0,500,0.5482456140350878,1.0,0.8256513026052105,0.5875875875875876,0.5025718125477381
0.03,999,88,411,0,500,0.5488474204171241,1.0,0.8236472945891784,0.5885885885885885,0.5042734320386064
0.030631157473071362,999,88,411,0,500,0.5488474204171241,1.0,0.8236472945891784,0.5885885885885885,0.5042734320386064
0.03103674600202513,999,89,410,0,500,0.5494505494505495,1.0,0.8216432865731463,0.5895895895895896,0.5059704732957013
0.03211439206804977,999,90,409,0,500,0.5500550055005501,1.0,0.8196392785571143,0.5905905905905906,0.5076629622087454
0.03234331580659478,999,91,408,0,500,0.5506607929515418,1.0,0.8176352705410822,0.5915915915915916,0.5093509244992296
0.03240357971046665,999,92,407,0,500,0.5512679162072768,1.0,0.8156312625250501,0.5925925925925926,0.511034385721862
0.03279136084459279,999,93,406,0,500,0.5518763796909493,1.0,0.8136272545090181,0.5935935935935935,0.5127133712660028
0.03297456893110965,999,94,405,0,500,0.5524861878453039,1.0,0.811623246492986,0.5945945945945946,0.5143879063570842
0.03314584753394658,999,95,404,0,500,0.5530973451327433,1.0,0.8096192384769539,0.5955955955955956,0.516058016058016
0.03409952410898411,999,96,403,0,500,0.5537098560354374,1.0,0.8076152304609219,0.5965965965965966,0.5177237252705786
0.0343126121650943,999,97,402,0,500,0.5543237250554324,1.0,0.8056112224448898,0.5975975975975976,0.5193850587367997
0.03454952525713756,999,98,401,0,500,0.5549389567147613,1.0,0.8036072144288577,0.5985985985985987,0.5210420410403194
0.0347433823551935,999,99,400,0,500,0.5555555555555556,1.0,0.8016032064128257,0.5995995995995996,0.5226946966077402
0.034863810768444164,999,100,399,0,500,0.5561735261401557,1.0,0.7995991983967936,0.6006006006006006,0.5243430497099646
0.035568163337768466,999,101,398,0,500,0.5567928730512249,1.0,0.7975951903807615,0.6016016016016016,0.5259871244635193
0.03603835573071221,999,102,397,0,500,0.5574136008918618,1.0,0.7955911823647295,0.6026026026026026,0.5276269448318658
0.03700209978943238,999,103,396,0,500,0.5580357142857143,1.0,0.7935871743486974,0.6036036036036037,0.529262534626698
0.03727319280787977,999,104,395,0,500,0.5586592178770949,1.0,0.7915831663326653,0.6046046046046046,0.530893917509228
0.0381895963638394,999,105,394,0,500,0.5592841163310962,1.0,0.7895791583166333,0.6056056056056056,0.5325211169914582
0.03837915465196003,999,106,393,0,500,0.5599104143337066,1.0,0.7875751503006012,0.6066066066066066,0.5341441564374411
0.04,999,107,392,0,500,0.5605381165919282,1.0,0.7855711422845691,0.6076076076076076,0.5357630590645271
0.040242901272809,999,107,392,0,500,0.5605381165919282,1.0,0.7855711422845691,0.6076076076076076,0.5357630590645271
0.041129912012827514,999,108,391,0,500,0.5611672278338945,1.0,0.7835671342685371,0.6086086086086087,0.5373778479446003
0.04152949695227034,999,109,390,0,500,0.5617977528089888,1.0,0.781563126252505,0.6096096096096096,0.538988546005301
0.04201084612999745,999,110,389,0,500,0.562429696287964,1.0,0.779559118236473,0.6106106106106106,0.5405951760312377
0.04241705492126826,999,111,388,0,500,0.5630630630630631,1.0,0.7775551102204409,0.6116116116116116,0.5421977606651864
0.04356728506632821,999,112,387,0,500,0.5636978579481398,1.0,0.7755511022044088,0.6126126126126126,0.5437963224092786
0.04397505841636174,999,113,386,0,500,0.5643340857787811,1.0,0.7735470941883767,0.6136136136136137,0.5453908836261778
0.04516535346818948,999,114,385,0,500,0.5649717514124294,1.0,0.7715430861723447,0.6146146146146146,0.5469814665402442
0.04659773550017111,999,115,384,0,500,0.5656108597285068,1.0,0.7695390781563126,0.6156156156156156,0.5485680932386888
0.0466412412347873,999,116,383,0,500,0.5662514156285391,1.0,0.7675350701402806,0.6166166166166166,0.5501507856727157
0.04988492576117738,999,117,382,0,500,0.5668934240362812,1.0,0.7655310621242485,0.6176176176176176,0.5517295656586539
0.049937211362693475,999,118,381,0,500,0.5675368898978433,1.0,0.7635270541082164,0.6186186186186187,0.5533044548790778
0.05,999,119,380,0,500,0.5681818181818182,1.0,0.7615230460921844,0.6196196196196196,0.5548754748839173
0.051750590103843266,999,119,380,0,500,0.5681818181818182,1.0,0.7615230460921844,0.6196196196196196,0.5548754748839173
0.05307990022904579,999,120,379,0,500,0.5688282138794084,1.0,0.7595190380761523,0.6206206206206206,0.5564426470915569
0.05418294680127626,999,121,378,0,500,0.5694760820045558,1.0,0.7575150300601202,0.6216216216216216,0.5580059927899246
0.05425045687042843,999,122,377,0,500,0.5701254275940707,1.0,0.7555110220440882,0.6226226226226226,0.5595655331375706
0.055777735240303015,999,123,376,0,500,0.5707762557077626,1.0,0.7535070140280561,0.6236236236236237,0.5611212891647349
0.05617237216483069,999,124,375,0,500,0.5714285714285714,1.0,0.751503006012024,0.6246246246246246,0.5626732817744053
0.05633633161397019,999,125,374,0,500,0.5720823798627003,1.0,0.749498997995992,0.6256256256256256,0.5642215317433659
0.05702235630251123,999,126,373,0,500,0.572737686139748,1.0,0.7474949899799599,0.6266266266266266,0.5657660597232338
0.05769660832600224,999,127,372,0,500,0.573394495412844,1.0,0.7454909819639278,0.6276276276276276,0.5673068862414888
0.05771797122932474,999,128,371,0,500,0.574052812858783,1.0,0.7434869739478958,0.6286286286286287,0.5688440317024908
0.05815598570156015,999,129,370,0,500,0.5747126436781609,1.0,0.7414829659318637,0.6296296296296297,0.5703775163884885
0.05850673825497379,999,130,369,0,500,0.5753739930955121,1.0,0.7394789579158316,0.6306306306306306,0.5719073604606195
0.058955600080771775,999,131,368,0,500,0.576036866359447,1.0,0.7374749498997996,0.6316316316316316,0.5734335839598997
0.05922724186739698,999,132,367,0,500,0.5767012687427913,1.0,0.7354709418837675,0.6326326326326326,0.5749562068082038
0.05994327044482375,999,133,366,0,500,0.5773672055427251,1.0,0.7334669338677354,0.6336336336336337,0.5764752488092371
0.06,999,134,365,0,500,0.5780346820809249,1.0,0.7314629258517034,0.6346346346346347,0.5779907296494974
0.06103132460273218,999,134,365,0,500,0.5780346820809249,1.0,0.7314629258517034,0.6346346346346347,0.5779907296494974
0.06211967090772771,999,135,364,0,500,0.5787037037037037,1.0,0.7294589178356713,0.6356356356356356,0.5795026688992294
0.06259765407708148,999,136,363,0,500,0.5793742757821553,1.0,0.7274549098196392,0.6366366366366366,0.5810110860133679
0.0631060142716482,999,137,362,0,500,0.580046403712297,1.0,0.7254509018036072,0.6376376376376376,0.5825160003324745
0.06531597891679557,999,138,361,0,500,0.5807200929152149,1.0,0.7234468937875751,0.6386386386386387,0.5840174310836639
0.06769936457087958,999,139,360,0,500,0.5813953488372093,1.0,0.7214428857715431,0.6396396396396397,0.5855153973815231
0.07,999,140,359,0,500,0.5820721769499418,1.0,0.7194388777555111,0.6406406406406406,0.5870099182290209
0.07193391757011793,999,140,359,0,500,0.5820721769499418,1.0,0.7194388777555111,0.6406406406406406,0.5870099182290209
0.07504659224156153,999,141,358,0,500,0.5827505827505828,1.0,0.717434869739479,0.6416416416416416,0.5885010125184095
0.07545239850827659,999,142,357,0,500,0.5834305717619603,1.0,0.7154308617234469,0.6426426426426426,0.5899886990321175
0.0757979713968086,999,143,356,0,500,0.5841121495327103,1.0,0.7134268537074149,0.6436436436436437,0.5914729964436357
0.07643832589962463,999,144,355,0,500,0.5847953216374269,1.0,0.7114228456913828,0.6446446446446447,0.5929539233183934
0.07727394749676493,999,145,354,0,500,0.585480093676815,1.0,0.7094188376753507,0.6456456456456456,0.594431498114627
0.07727674774301566,999,146,353,0,500,0.5861664712778429,1.0,0.7074148296593187,0.6466466466466466,0.5959057391842417
0.07855820706778517,999,147,352,0,500,0.5868544600938967,1.0,0.7054108216432866,0.6476476476476476,0.597376664773664
0.08,999,148,351,0,500,0.5875440658049353,1.0,0.7034068136272545,0.6486486486486487,0.5988442930246872
0.08105862342244537,999,148,351,0,500,0.5875440658049353,1.0,0.7034068136272545,0.6486486486486487,0.5988442930246872
0.08209449410788427,999,149,350,0,500,0.5882352941176471,1.0,0.7014028056112225,0.6496496496496497,0.6003086419753086
0.08302116135020542,999,150,349,0,500,0.5889281507656066,1.0,0.6993987975951904,0.6506506506506506,0.6017697295605602
0.0834463191650738,999,151,348,0,500,0.589622641509434,1.0,0.6973947895791583,0.6516516516516516,0.6032275736133302
0.08552986287446099,999,152,347,0,500,0.5903187721369539,1.0,0.6953907815631263,0.6526526526526526,0.6046821918651791
0.08652238491300437,999,153,346,0,500,0.5910165484633569,1.0,0.6933867735470942,0.6536536536536537,0.6061336019471463
0.08670782003411413,999,154,345,0,500,0.591715976331361,1.0,0.6913827655310621,0.6546546546546547,0.6075818213905508
0.08979204964511864,999,155,344,0,500,0.5924170616113744,1.0,0.6893787575150301,0.6556556556556556,0.609026867627785
0.09,999,156,343,0,500,0.5931198102016607,1.0,0.687374749498998,0.6566566566566566,0.6104687579930996
0.09137161779171776,999,156,343,0,500,0.5931198102016607,1.0,0.687374749498998,0.6566566566566566,0.6104687579930996
0.09262969130551824,999,157,342,0,500,0.5938242280285035,1.0,0.685370741482966,0.6576576576576577,0.6119075097233834
0.09656609228938676,999,158,341,0,500,0.5945303210463734,1.0,0.6833667334669339,0.6586586586586587,0.6133431399589347
0.1,999,159,340,0,500,0.5952380952380952,1.0,0.6813627254509018,0.6596596596596597,0.6147756657442272
0.10151978676584104,999,159,340,0,500,0.5952380952380952,1.0,0.6813627254509018,0.6596596596596597,0.6147756657442272
0.10523642143777495,999,160,339,0,500,0.5959475566150179,1.0,0.6793587174348698,0.6606606606606606,0.6162051040286672
0.10830544236302111,999,161,338,0,500,0.5966587112171837,1.0,0.6773547094188377,0.6616616616616616,0.6176314716673461
0.10919727031655886,999,162,337,0,500,0.5973715651135006,1.0,0.6753507014028056,0.6626626626626627,0.6190547854217845
0.10983783106191736,999,163,336,0,500,0.5980861244019139,1.0,0.6733466933867736,0.6636636636636637,0.6204750619606708
0.11,999,164,335,0,500,0.5988023952095808,1.0,0.6713426853707415,0.6646646646646647,0.6218923178605928
0.11210725917198101,999,164,335,0,500,0.5988023952095808,1.0,0.6713426853707415,0.6646646646646647,0.6218923178605928
0.11542378971906225,999,165,334,0,500,0.5995203836930456,1.0,0.6693386773547094,0.6656656656656657,0.6233065696067629
0.11544847257834626,999,166,333,0,500,0.6002400960384153,1.0,0.6673346693386774,0.6666666666666666,0.6247178335937368
0.1157235990015833,999,167,332,0,500,0.6009615384615384,1.0,0.6653306613226453,0.6676676676676677,0.6261261261261262
0.11615939113707416,999,168,331,0,500,0.601684717208183,1.0,0.6633266533066132,0.6686686686686687,0.6275314634193045
0.11873476792110717,999,169,330,0,500,0.6024096385542169,1.0,0.6613226452905812,0.6696696696696697,0.6289338616001081
0.11964459890089589,999,170,329,0,500,0.6031363088057901,1.0,0.6593186372745491,0.6706706706706707,0.6303333367075281
0.12,999,171,328,0,500,0.6038647342995169,1.0,0.657314629258517,0.6716716716716716,0.6317299046934005
0.12145168844565932,999,171,328,0,500,0.6038647342995169,1.0,0.657314629258517,0.6716716716716716,0.6317299046934005
0.12195793093839079,999,172,327,0,500,0.6045949214026602,1.0,0.655310621242485,0.6726726726726727,0.633123581423086
0.12432789112357727,999,173,326,0,500,0.6053268765133172,1.0,0.6533066132264529,0.6736736736736737,0.6345143826761473
0.12527358681147122,999,174,325,0,500,0.6060606060606061,1.0,0.6513026052104208,0.6746746746746747,0.6359023241470185
0.12618805274766728,999,175,324,0,500,0.6067961165048543,1.0,0.6492985971943888,0.6756756756756757,0.6372874214456687
0.12746722613343503,999,176,323,0,500,0.6075334143377886,1.0,0.6472945891783567,0.6766766766766766,0.6386696900982616
0.12992076658259433,999,177,322,0,500,0.6082725060827251,1.0,0.6452905811623246,0.6776776776776777,0.6400491455478072
0.13,999,178,321,0,500,0.6090133982947625,1.0,0.6432865731462926,0.6786786786786787,0.6414258031548098
0.1305968993821576,999,178,321,0,500,0.6090133982947625,1.0,0.6432865731462926,0.6786786786786787,0.6414258031548098
0.13203061246972653,999,179,320,0,500,0.6097560975609756,1.0,0.6412825651302605,0.6796796796796797,0.6427996781979083
0.1327214825015641,999,180,319,0,500,0.6105006105006106,1.0,0.6392785571142284,0.6806806806806807,0.6441707858745134
0.13454821741845388,999,181,318,0,500,0.6112469437652812,1.0,0.6372745490981964,0.6816816816816816,0.6455391413014371
0.13510738307271494,999,182,317,0,500,0.6119951040391677,1.0,0.6352705410821643,0.6826826826826827,0.6469047595155188
0.13555335554824627,999,183,316,0,500,0.6127450980392157,1.0,0.6332665330661322,0.6836836836836837,0.6482676554742444
0.13580357552810565,999,184,315,0,500,0.6134969325153374,1.0,0.6312625250501002,0.6846846846846847,0.6496278440563605
0.13621188742191137,999,185,314,0,500,0.6142506142506142,1.0,0.6292585170340681,0.6856856856856857,0.650985340062485
0.13752464671248646,999,186,313,0,500,0.6150061500615006,1.0,0.627254509018036,0.6866866866866866,0.6523401582157093
0.13764315476605507,999,187,312,0,500,0.6157635467980296,1.0,0.625250501002004,0.6876876876876877,0.6536923131621987
0.13851748918840562,999,188,311,0,500,0.6165228113440198,1.0,0.6232464929859719,0.6886886886886887,0.6550418194717855
0.13958578544556963,999,188,311,1,499,0.6160493827160494,0.998,0.6232464929859719,0.6876876876876877,0.6541718444878395
0.14,999,189,310,1,499,0.6168108776266996,0.998,0.6212424849699398,0.6886886886886887,0.6555176233311638
0.14054357927082434,999,189,310,1,499,0.6168108776266996,0.998,0.6212424849699398,0.6886886886886887,0.6555176233311638
0.1415438242426956,999,190,309,1,499,0.6175742574257426,0.998,0.6192384769539078,0.6896896896896897,0.656860789788592
0.14205302056066146,999,191,308,1,499,0.6183395291201983,0.998,0.6172344689378757,0.6906906906906907,0.6582013581549643
0.14586717698976304,999,192,307,1,499,0.6191066997518611,0.998,0.6152304609218436,0.6916916916916916,0.6595393426515239
0.1466566399476675,999,193,306,1,499,0.6198757763975156,0.998,0.6132264529058116,0.6926926926926927,0.6608747574264816
0.14904605733274637,999,194,305,1,499,0.6206467661691543,0.998,0.6112224448897795,0.6936936936936937,0.6622076165555772
0.15,999,195,304,1,499,0.6214196762141968,0.998,0.6092184368737475,0.6946946946946947,0.6635379340426354
0.1513079607324933,999,195,304,1,499,0.6214196762141968,0.998,0.6092184368737475,0.6946946946946947,0.6635379340426354
0.15468581535038,999,196,303,1,499,0.6221945137157108,0.998,0.6072144288577155,0.6956956956956957,0.6648657238201177
0.15999022593339673,999,197,302,1,499,0.6229712858926342,0.998,0.6052104208416834,0.6966966966966966,0.6661909997496683
0.16,999,198,301,1,499,0.62375,0.998,0.6032064128256514,0.6976976976976977,0.6675137756226581
0.16038573935851894,999,198,301,1,499,0.62375,0.998,0.6032064128256514,0.6976976976976977,0.6675137756226581
0.16252250255042572,999,199,300,1,499,0.6245306633291614,0.998,0.6012024048096193,0.6986986986986987,0.6688340651607212
0.16270176995524957,999,200,299,1,499,0.62531328320802,0.998,0.5991983967935872,0.6996996996996997,0.6701518820162888
0.1654441301290582,999,201,298,1,499,0.6260978670012547,0.998,0.5971943887775552,0.7007007007007007,0.6714672397731185
0.16696422118062146,999,202,297,1,499,0.6268844221105527,0.998,0.5951903807615231,0.7017017017017017,0.6727801519468186
0.16861370097139974,999,203,296,1,499,0.6276729559748427,0.998,0.593186372745491,0.7027027027027027,0.6740906319853688
0.16875891620169897,999,204,295,1,499,0.628463476070529,0.998,0.591182364729459,0.7037037037037037,0.6753986932696361
0.17,999,205,294,1,499,0.6292559899117276,0.998,0.5891783567134269,0.7047047047047047,0.6767043491138865
0.1705706937236274,999,205,294,1,499,0.6292559899117276,0.998,0.5891783567134269,0.7047047047047047,0.6767043491138865
0.17241662162128604,999,206,293,1,499,0.6300505050505051,0.998,0.5871743486973948,0.7057057057057057,0.6780076127662933
0.17407971127320238,999,207,292,1,499,0.6308470290771175,0.998,0.5851703406813628,0.7067067067067067,0.67930849740944
0.1798483025009521,999,208,291,1,499,0.6316455696202532,0.998,0.5831663326653307,0.7077077077077077,0.6806070161608199
0.18,999,209,290,1,499,0.632446134347275,0.998,0.5811623246492986,0.7087087087087087,0.6819031820733318
0.18099700516581962,999,209,290,1,499,0.632446134347275,0.998,0.5811623246492986,0.7087087087087087,0.6819031820733318
0.1831148405938143,999,210,289,1,499,0.633248730964467,0.998,0.5791583166332666,0.7097097097097097,0.6831970081357712
0.18844968894366987,999,211,288,1,499,0.6340533672172808,0.998,0.5771543086172345,0.7107107107107107,0.6844885072733173
0.18846517476153973,999,212,287,1,499,0.6348600508905853,0.998,0.5751503006012024,0.7117117117117117,0.6857776923480176
0.19,999,213,286,1,499,0.6356687898089172,0.998,0.5731462925851704,0.7127127127127127,0.6870645761592657
0.19351352779642544,999,213,286,1,499,0.6356687898089172,0.998,0.5731462925851704,0.7127127127127127,0.6870645761592657
0.19571146258302843,999,214,285,1,499,0.6364795918367347,0.998,0.5711422845691383,0.7137137137137137,0.6883491714442787
0.19861751168633493,999,215,284,1,499,0.6372924648786717,0.998,0.5691382765531062,0.7147147147147147,0.689631490878568
0.2,999,216,283,1,499,0.6381074168797954,0.998,0.5671342685370742,0.7157157157157157,0.6909115470764082
0.2005528202228115,999,216,283,1,499,0.6381074168797954,0.998,0.5671342685370742,0.7157157157157157,0.6909115470764082
0.20464794873727793,999,217,282,1,499,0.6389244558258643,0.998,0.5651302605210421,0.7167167167167167,0.6921893525913005
0.20726878583063135,999,218,281,1,499,0.6397435897435897,0.998,0.56312625250501,0.7177177177177178,0.6934649199164346
0.20833774001314262,999,219,280,1,499,0.6405648267008985,0.998,0.561122244488978,0.7187187187187187,0.6947382614851441
0.2084202470413304,999,220,279,1,499,0.6413881748071979,0.998,0.5591182364729459,0.7197197197197197,0.6960093896713615
0.20883217073665256,999,221,278,1,499,0.6422136422136422,0.998,0.5571142284569138,0.7207207207207207,0.6972783167900669
0.20946937042359473,999,222,277,1,499,0.6430412371134021,0.998,0.5551102204408818,0.7217217217217218,0.6985450550977345
0.21,999,223,276,1,499,0.6438709677419355,0.998,0.5531062124248497,0.7227227227227228,0.6998096167927752
0.2104966889554791,999,223,276,1,499,0.6438709677419355,0.998,0.5531062124248497,0.7227227227227228,0.6998096167927752
0.2115675120049366,999,224,275,1,499,0.6447028423772609,0.998,0.5511022044088176,0.7237237237237237,0.7010720140159761
0.21250633858662266,999,225,274,1,499,0.6455368693402329,0.998,0.5490981963927856,0.7247247247247247,0.702332258850936
0.21384017816762638,999,226,273,1,499,0.6463730569948186,0.998,0.5470941883767535,0.7257257257257257,0.7035903633244971
0.21453237172232348,999,227,272,1,499,0.6472114137483788,0.998,0.5450901803607214,0.7267267267267268,0.7048463394071753
0.21459352515759533,999,228,271,1,499,0.6480519480519481,0.998,0.5430861723446894,0.7277277277277278,0.7061001990135849
0.2157769346669703,999,229,270,1,499,0.6488946684005201,0.998,0.5410821643286573,0.7287287287287287,0.7073519540028602
0.21601869400628834,999,230,269,1,499,0.6497395833333334,0.998,0.5390781563126252,0.7297297297297297,0.708601616179076
0.21703575994026156,999,231,268,1,499,0.6505867014341591,0.998,0.5370741482965932,0.7307307307307307,0.7098491972916624
0.22,999,232,267,1,499,0.6514360313315927,0.998,0.5350701402805611,0.7317317317317318,0.711094709035817
0.22126357896992424,999,232,267,1,499,0.6514360313315927,0.998,0.5350701402805611,0.7317317317317318,0.711094709035817
0.22193322906517612,999,233,266,1,499,0.6522875816993464,0.998,0.533066132264529,0.7327327327327328,0.7123381630529149
0.22404906078935066,999,234,265,1,499,0.6531413612565445,0.998,0.531062124248497,0.7337337337337337,0.7135795709309143
0.2248816782744805,999,235,264,1,499,0.653997378768021,0.998,0.5290581162324649,0.7347347347347347,0.7148189442047603
0.23,999,236,263,1,499,0.6548556430446194,0.998,0.5270541082164328,0.7357357357357357,0.7160562943567835
0.23184853358173485,999,236,263,1,499,0.6548556430446194,0.998,0.5270541082164328,0.7357357357357357,0.7160562943567835
0.23339412466832002,999,237,262,1,499,0.6557161629434954,0.998,0.5250501002004008,0.7367367367367368,0.7172916328170982
0.2373514793396697,999,238,261,1,499,0.656578947368421,0.998,0.5230460921843687,0.7377377377377378,0.7185249709639954
0.23919844370916898,999,239,260,1,499,0.6574440052700923,0.998,0.5210420841683366,0.7387387387387387,0.7197563201243335
0.24,999,240,259,1,499,0.658311345646438,0.998,0.5190380761523046,0.7397397397397397,0.7209856915739269
0.2423402977375999,999,240,259,1,499,0.658311345646438,0.998,0.5190380761523046,0.7397397397397397,0.7209856915739269
0.24371047882057173,999,241,258,1,499,0.6591809775429326,0.998,0.5170340681362725,0.7407407407407407,0.7222130965379301
0.24377329167187128,999,242,257,1,499,0.66005291005291,0.998,0.5150300601202404,0.7417417417417418,0.7234385461912202
0.24654184374565585,999,243,256,1,499,0.6609271523178808,0.998,0.5130260521042084,0.7427427427427428,0.7246620516587754
0.2490863562375907,999,244,255,1,499,0.6618037135278515,0.998,0.5110220440881763,0.7437437437437437,0.7258836240160518
0.25,999,245,254,1,499,0.6626826029216467,0.998,0.5090180360721442,0.7447447447447447,0.7271032742893566
0.2513770846264546,999,245,254,1,499,0.6626826029216467,0.998,0.5090180360721442,0.7447447447447447,0.7271032742893566
0.25167144365440924,999,246,253,1,499,0.663563829787234,0.998,0.5070140280561122,0.7457457457457457,0.728321013456218
0.2517009117821623,999,247,252,1,499,0.6644474034620506,0.998,0.5050100200400801,0.7467467467467468,0.7295368524457542
0.2556188420369126,999,248,251,1,499,0.6653333333333333,0.998,0.503006012024048,0.7477477477477478,0.7307508021390374
0.25990585794145277,999,248,251,2,498,0.664886515353805,0.996,0.503006012024048,0.7467467467467468,0.7298271193724004
0.26,999,249,250,2,498,0.6657754010695187,0.996,0.501002004008016,0.7477477477477478,0.7310384615384615
0.26048512158232406,999,249,250,2,498,0.6657754010695187,0.996,0.501002004008016,0.7477477477477478,0.7310384615384615
0.2614483892648918,999,250,249,2,498,0.6666666666666666,0.996,0.49899799599198397,0.7487487487487487,0.7322479409971415
0.26343873715542854,999,250,249,3,497,0.6662198391420912,0.994,0.49899799599198397,0.7477477477477478,0.7313232130050202
0.26509456344592996,999,251,248,3,497,0.6671140939597315,0.994,0.4969939879759519,0.7487487487487487,0.7325301204819277
0.268269505967107,999,252,247,3,497,0.668010752688172,0.994,0.49498997995991983,0.7497497497497497,0.7337351915187595
0.2685564513154843,999,253,246,3,497,0.6689098250336474,0.994,0.49298597194388777,0.7507507507507507,0.7349384367024876
0.27,999,254,245,3,497,0.6698113207547169,0.994,0.4909819639278557,0.7517517517517518,0.7361398665746492
0.27029873756122647,999,254,245,3,497,0.6698113207547169,0.994,0.4909819639278557,0.7517517517517518,0.7361398665746492
0.27276662819043695,999,255,244,3,497,0.6707152496626181,0.994,0.48897795591182364,0.7527527527527528,0.73733949163169
0.27316249782495194,999,256,243,3,497,0.6716216216216216,0.994,0.48697394789579157,0.7537537537537538,0.7385373223253042
0.27337029631829307,999,257,242,3,497,0.6725304465493911,0.994,0.4849699398797595,0.7547547547547547,0.7397333690627722
0.2778172208951567,999,258,241,3,497,0.6734417344173442,0.994,0.48296593186372744,0.7557557557557557,0.7409276422072952
0.28,999,259,240,3,497,0.6743554952510177,0.994,0.48096192384769537,0.7567567567567568,0.7421201520783295
0.2865894274570787,999,259,240,3,497,0.6743554952510177,0.994,0.48096192384769537,0.7567567567567568,0.7421201520783295
0.2882717918729394,999,260,239,3,497,0.6752717391304348,0.994,0.4789579158316633,0.7577577577577578,0.743310908951915
0.29,999,261,238,3,497,0.6761904761904762,0.994,0.47695390781563124,0.7587587587587588,0.7444999230610047
0.29087142806785654,999,261,238,3,497,0.6761904761904762,0.994,0.47695390781563124,0.7587587587587588,0.7444999230610047
0.2941750020478453,999,262,237,3,497,0.6771117166212534,0.994,0.4749498997995992,0.7597597597597597,0.7456872045957894
0.2943611725422689,999,263,236,3,497,0.6780354706684857,0.994,0.4729458917835671,0.7607607607607607,0.7468727637040218
0.29505343905110526,999,264,235,3,497,0.6789617486338798,0.994,0.4709418837675351,0.7617617617617618,0.7480566104913363
0.2959347654570524,999,265,234,3,497,0.679890560875513,0.994,0.46893787575150303,0.7627627627627628,0.7492387550215691
0.2963321748829808,999,266,233,3,497,0.6808219178082192,0.994,0.46693386773547096,0.7637637637637638,0.7504192073170732
0.2980226988336411,999,266,233,4,496,0.6803840877914952,0.992,0.46693386773547096,0.7627627627627628,0.7494839175918764
0.3,999,267,232,4,496,0.6813186813186813,0.992,0.4649298597194389,0.7637637637637638,0.7506620415415204
0.30132009405792215,999,267,232,4,496,0.6813186813186813,0.992,0.4649298597194389,0.7637637637637638,0.7506620415415204
0.30221353467012574,999,268,231,4,496,0.6822558459422283,0.992,0.46292585170340683,0.7647647647647647,0.7518384976168504
0.3041906538223419,999,269,230,4,496,0.6831955922865014,0.992,0.46092184368737477,0.7657657657657657,0.7530132956917901
0.31,999,270,229,4,496,0.6841379310344827,0.992,0.4589178356713427,0.7667667667667668,0.7541864456002323
0.31122138790310805,999,270,229,4,496,0.6841379310344827,0.992,0.4589178356713427,0.7667667667667668,0.7541864456002323
0.3115970666743346,999,271,228,4,496,0.6850828729281768,0.992,0.45691382765531063,0.7677677677677678,0.7553579571363429
0.3172062717087813,999,272,227,4,496,0.686030428769018,0.992,0.45490981963927857,0.7687687687687688,0.7565278400548625
0.31861072092232207,999,273,226,4,496,0.6869806094182825,0.992,0.4529058116232465,0.7697697697697697,0.7576961040714056
0.32,999,274,225,4,496,0.6879334257975035,0.992,0.45090180360721444,0.7707707707707707,0.7588627588627588
0.32567057094812674,999,274,225,4,496,0.6879334257975035,0.992,0.45090180360721444,0.7707707707707707,0.7588627588627588
0.32580774008303226,999,275,224,4,496,0.6888888888888889,0.992,0.44889779559118237,0.7717717717717718,0.7600278140671752
0.33,999,276,223,4,496,0.6898470097357441,0.992,0.4468937875751503,0.7727727727727728,0.761191279284668
0.33098307520659265,999,276,223,4,496,0.6898470097357441,0.992,0.4468937875751503,0.7727727727727728,0.761191279284668
0.3326839591640085,999,277,222,4,496,0.6908077994428969,0.992,0.44488977955911824,0.7737737737737738,0.762353164077302
0.3327606793051739,999,278,221,4,496,0.691771269177127,0.992,0.44288577154308617,0.7747747747747747,0.7635134779694828
0.33414057594854535,999,279,220,4,496,0.6927374301675978,0.992,0.4408817635270541,0.7757757757757757,0.7646722304482434
0.3363580615967658,999,280,219,4,496,0.6937062937062937,0.992,0.43887775551102204,0.7767767767767768,0.7658294309635305
0.33679384048534017,999,281,218,4,496,0.6946778711484594,0.992,0.43687374749499,0.7777777777777778,0.7669850889284874
0.3388013637205022,999,282,217,4,496,0.6956521739130435,0.992,0.4348697394789579,0.7787787787787788,0.7681392137197347
0.3399277552228802,999,283,216,4,496,0.6966292134831461,0.992,0.43286573146292584,0.7797797797797797,0.7692918146776511
0.34,999,283,216,5,495,0.6962025316455697,0.99,0.43286573146292584,0.7787787787787788,0.7683464892446097
0.34043401300154247,999,283,216,5,495,0.6962025316455697,0.99,0.43286573146292584,0.7787787787787788,0.7683464892446097
0.34561036946052237,999,284,215,5,495,0.6971830985915493,0.99,0.4308617234468938,0.7797797797797797,0.7694970004614675
0.3464983422289771,999,285,214,5,495,0.6981664315937941,0.99,0.4288577154308617,0.7807807807807807,0.7706460104350451
0.35,999,286,213,5,495,0.6991525423728814,0.99,0.42685370741482964,0.7817817817817818,0.7717935283762261
0.35014676807116235,999,286,213,5,495,0.6991525423728814,0.99,0.42685370741482964,0.7817817817817818,0.7717935283762261
0.35388553000615286,999,287,212,5,495,0.7001414427157001,0.99,0.4248496993987976,0.7827827827827828,0.7729395634609322
0.3540149923066035,999,288,211,5,495,0.7011331444759207,0.99,0.4228456913827655,0.7837837837837838,0.7740841248303936
0.35409403500671993,999,289,210,5,495,0.7021276595744681,0.99,0.42084168336673344,0.7847847847847848,0.7752272215914144
0.3586337195705376,999,290,209,5,495,0.703125,0.99,0.4188376753507014,0.7857857857857858,0.7763688628166397
0.36,999,290,209,6,494,0.7027027027027027,0.988,0.4188376753507014,0.7847847847847848,0.7754199407142521
0.36076516177200557,999,290,209,6,494,0.7027027027027027,0.988,0.4188376753507014,0.7847847847847848,0.7754199407142521
0.36156871554305126,999,291,208,6,494,0.7037037037037037,0.988,0.4168336673346693,0.7857857857857858,0.7765595866186172
0.3618696848024061,999,292,207,6,494,0.7047075606276747,0.988,0.4148296593186373,0.7867867867867868,0.7776977988857048
0.3628470650421011,999,293,206,6,494,0.7057142857142857,0.988,0.41282565130260523,0.7877877877877878,0.7788345864661654
0.3632426558936197,999,294,205,6,494,0.7067238912732475,0.988,0.41082164328657317,0.7887887887887888,0.7799699582777053
0.36409038495768736,999,295,204,6,494,0.7077363896848138,0.988,0.4088176352705411,0.7897897897897898,0.7811039232053423
0.3647189316269151,999,296,203,6,494,0.7087517934002869,0.988,0.40681362725450904,0.7907907907907908,0.7822364901016586
0.3648654027872048,999,297,202,6,494,0.7097701149425287,0.988,0.40480961923847697,0.7917917917917918,0.7833676677870541
0.36506420437542497,999,298,201,6,494,0.7107913669064748,0.988,0.4028056112224449,0.7927927927927928,0.7844974650499956
0.37,999,299,200,6,494,0.7118155619596542,0.988,0.40080160320641284,0.7937937937937938,0.7856258906472662
0.37450459060072055,999,299,200,6,494,0.7118155619596542,0.988,0.40080160320641284,0.7937937937937938,0.7856258906472662
0.37721977995977674,999,300,199,6,494,0.7128427128427128,0.988,0.39879759519038077,0.7947947947947948,0.7867529533042125
0.38,999,301,198,6,494,0.7138728323699421,0.988,0.3967935871743487,0.7957957957957958,0.78787866171499
0.38055873877111185,999,301,198,6,494,0.7138728323699421,0.988,0.3967935871743487,0.7957957957957958,0.78787866171499
0.38215779606406325,999,302,197,6,494,0.7149059334298119,0.988,0.39478957915831664,0.7967967967967968,0.7890030245428071
0.38239580625674396,999,303,196,6,494,0.7159420289855073,0.988,0.3927855711422846,0.7977977977977978,0.7901260504201681
0.3840425842529742,999,304,195,6,494,0.7169811320754716,0.988,0.3907815631262525,0.7987987987987988,0.7912477479491133
0.38502526996838987,999,305,194,6,494,0.7180232558139535,0.988,0.38877755511022044,0.7997997997997998,0.792368125701459
0.38829150772821525,999,306,193,6,494,0.7190684133915575,0.988,0.3867735470941884,0.8008008008008008,0.7934871922190354
0.38874308192707474,999,307,192,6,494,0.7201166180758017,0.988,0.3847695390781563,0.8018018018018018,0.7946049560139228
0.3899524443684426,999,308,191,6,494,0.7211678832116788,0.988,0.38276553106212424,0.8028028028028028,0.795721425568686
0.39,999,309,190,6,494,0.7222222222222222,0.988,0.3807615230460922,0.8038038038038038,0.7968366093366093
0.3901874141506568,999,309,190,6,494,0.7222222222222222,0.988,0.3807615230460922,0.8038038038038038,0.7968366093366093
0.39139893226783806,999,310,189,6,494,0.7232796486090776,0.988,0.3787575150300601,0.8048048048048048,0.7979505157419269
0.3936612759775308,999,311,188,6,494,0.7243401759530792,0.988,0.37675350701402804,0.8058058058058059,0.7990631531800537
0.3937069460785929,999,312,187,6,494,0.7254038179148311,0.988,0.374749498997996,0.8068068068068068,0.8001745300178158
0.3948749365836521,999,313,186,6,494,0.7264705882352941,0.988,0.3727454909819639,0.8078078078078078,0.8012846545936763
0.395167713645901,999,314,185,6,494,0.727540500736377,0.988,0.37074148296593185,0.8088088088088088,0.8023935352179628
0.39878982387998035,999,314,185,7,493,0.7271386430678466,0.986,0.37074148296593185,0.8078078078078078,0.8014327715433351
0.4,999,315,184,7,493,0.7282127031019202,0.986,0.3687374749498998,0.8088088088088088,0.8025399532451566
0.40257464670695314,999,315,184,7,493,0.7282127031019202,0.986,0.3687374749498998,0.8088088088088088,0.8025399532451566
0.4060039612712424,999,316,183,7,493,0.7292899408284024,0.986,0.3667334669338677,0.8098098098098098,0.8036459109191121
0.4061126086353298,999,317,182,7,493,0.7303703703703703,0.986,0.36472945891783565,0.8108108108108109,0.8047506527752644
0.4066617646276242,999,318,181,7,493,0.7314540059347181,0.986,0.3627254509018036,0.8118118118118118,0.8058541869965763
0.4086676251880579,999,318,181,8,492,0.7310549777117384,0.984,0.3627254509018036,0.8108108108108109,0.8048918856079981
0.4089201219204224,999,318,181,9,491,0.7306547619047619,0.982,0.3627254509018036,0.8098098098098098,0.803929872984654
0.4089878928061532,999,319,180,9,491,0.7317436661698957,0.982,0.36072144288577157,0.8108108108108109,0.8050313036636076
0.41,999,319,180,10,490,0.7313432835820896,0.98,0.36072144288577157,0.8098098098098098,0.8040691192865106
0.41201709808603304,999,319,180,10,490,0.7313432835820896,0.98,0.36072144288577157,0.8098098098098098,0.8040691192865106
0.41367788561272373,999,320,179,10,490,0.7324364723467862,0.98,0.3587174348697395,0.8108108108108109,0.8051689142824122
0.4143018151426348,999,321,178,10,490,0.7335329341317365,0.98,0.35671342685370744,0.8118118118118118,0.8062675358970127
0.42,999,322,177,10,490,0.7346326836581709,0.98,0.35470941883767537,0.8128128128128128,0.807364992157991
0.4227934602105781,999,322,177,10,490,0.7346326836581709,0.98,0.35470941883767537,0.8128128128128128,0.807364992157991
0.42403584268013494,999,323,176,10,490,0.7357357357357357,0.98,0.3527054108216433,0.8138138138138138,0.8084612910674231
0.4240442858837709,999,324,175,10,490,0.7368421052631579,0.98,0.35070140280561124,0.8148148148148148,0.809556440601992
0.4256140307197172,999,325,174,10,490,0.7379518072289156,0.98,0.3486973947895792,0.8158158158158159,0.8106504487131945
0.42817391326372917,999,326,173,10,490,0.7390648567119156,0.98,0.3466933867735471,0.8168168168168168,0.8117433233275495
0.43,999,327,172,10,490,0.7401812688821753,0.98,0.34468937875751504,0.8178178178178178,0.8128350723468035
0.4330879121802461,999,327,172,10,490,0.7401812688821753,0.98,0.34468937875751504,0.8178178178178178,0.8128350723468035
0.43444738234867,999,328,171,10,490,0.7413010590015129,0.98,0.342685370741483,0.8188188188188188,0.8139257036481342
0.43481342664866635,999,329,170,10,490,0.7424242424242424,0.98,0.3406813627254509,0.8198198198198198,0.8150152250843552
0.43776358474134347,999,329,170,11,489,0.7420333839150227,0.978,0.3406813627254509,0.8188188188188188,0.8140489366012581
0.44,999,330,169,11,489,0.743161094224924,0.978,0.33867735470941884,0.8198198198198198,0.8151369356032568
0.44021390534295674,999,330,169,11,489,0.743161094224924,0.978,0.33867735470941884,0.8198198198198198,0.8151369356032568
0.44168793927542316,999,331,168,11,489,0.7442922374429224,0.978,0.3366733466933868,0.8208208208208209,0.8162238434920769
0.4418144088431379,999,332,167,11,489,0.7454268292682927,0.978,0.3346693386773547,0.8218218218218218,0.8173096680337637
0.4421429650899934,999,333,166,11,489,0.7465648854961832,0.978,0.33266533066132264,0.8228228228228228,0.8183944169709294
0.4425350349522018,999,334,165,11,489,0.7477064220183486,0.978,0.3306613226452906,0.8238238238238238,0.8194780980229492
0.44329611850719153,999,334,165,12,488,0.7473200612557427,0.976,0.3306613226452906,0.8228228228228228,0.8185099842448564
0.4450679749616099,999,335,164,12,488,0.7484662576687117,0.976,0.3286573146292585,0.8238238238238238,0.8195921985815603
0.4495597702574892,999,336,163,12,488,0.7496159754224271,0.976,0.32665330661322645,0.8248248248248248,0.820673363442497
0.4499968519322083,999,337,162,12,488,0.7507692307692307,0.976,0.3246492985971944,0.8258258258258259,0.821753486464315
0.45,999,337,162,13,487,0.7503852080123267,0.974,0.3246492985971944,0.8248248248248248,0.820784396940649
0.4541887683669304,999,337,162,13,487,0.7503852080123267,0.974,0.3246492985971944,0.8248248248248248,0.820784396940649
0.45427147129824735,999,338,161,13,487,0.7515432098765432,0.974,0.3226452905811623,0.8258258258258259,0.8218630866980938
0.4557226883401496,999,338,161,14,486,0.7511591962905718,0.972,0.3226452905811623,0.8248248248248248,0.8208938251013987
0.458945375615486,999,339,160,14,486,0.7523219814241486,0.972,0.32064128256513025,0.8258258258258259,0.8219710935771698
0.45911458192912785,999,340,159,14,486,0.7534883720930232,0.972,0.3186372745490982,0.8268268268268268,0.8230473489405489
0.46,999,341,158,14,486,0.7546583850931677,0.972,0.3166332665330661,0.8278278278278278,0.8241225987127627
0.46134197696230755,999,341,158,14,486,0.7546583850931677,0.972,0.3166332665330661,0.8278278278278278,0.8241225987127627
0.46294758764336735,999,342,157,14,486,0.7558320373250389,0.972,0.31462925851703405,0.8288288288288288,0.8251968503937008
0.4658274756601565,999,343,156,14,486,0.7570093457943925,0.972,0.312625250501002,0.8298298298298298,0.8262701114621012
0.4659781673950549,999,344,155,14,486,0.7581903276131046,0.972,0.3106212424849699,0.8308308308308309,0.8273423893757343
0.46659565276425735,999,345,154,14,486,0.759375,0.972,0.30861723446893785,0.8318318318318318,0.8284136915715863
0.46828551823451153,999,346,153,14,486,0.7605633802816901,0.972,0.3066132264529058,0.8328328328328328,0.829484025466041
0.4690027995948292,999,347,152,14,486,0.7617554858934169,0.972,0.3046092184368738,0.8338338338338338,0.8305533984550619
0.47,999,348,151,14,486,0.7629513343799058,0.972,0.3026052104208417,0.8348348348348348,0.8316218179143722
0.47068754212320546,999,348,151,14,486,0.7629513343799058,0.972,0.3026052104208417,0.8348348348348348,0.8316218179143722
0.47105752975679405,999,349,150,14,486,0.7641509433962265,0.972,0.30060120240480964,0.8358358358358359,0.832689291199634
0.47440104753863144,999,349,150,15,485,0.7637795275590551,0.97,0.30060120240480964,0.8348348348348348,0.8317160198263409
0.47806824771511797,999,350,149,15,485,0.7649842271293376,0.97,0.2985971943887776,0.8358358358358359,0.8327821869488536
0.47916011058796704,999,351,148,15,485,0.7661927330173776,0.97,0.2965931863727455,0.8368368368368369,0.8338474253733248
0.48,999,351,148,16,484,0.7658227848101266,0.968,0.2965931863727455,0.8358358358358359,0.8328736157468235
0.48399878759128695,999,351,148,16,484,0.7658227848101266,0.968,0.2965931863727455,0.8358358358358359,0.8328736157468235
0.48414660597483145,999,352,147,16,484,0.7670364500792393,0.968,0.29458917835671344,0.8368368368368369,0.8339375694106632
0.48805714357873176,999,352,147,17,483,0.7666666666666667,0.966,0.29458917835671344,0.8358358358358359,0.8329635822356347
0.49,999,352,147,18,482,0.766295707472178,0.964,0.29458917835671344,0.8348348348348348,0.831989774753058
0.4919867224777661,999,352,147,18,482,0.766295707472178,0.964,0.29458917835671344,0.8348348348348348,0.831989774753058
0.49385054126141775,999,352,147,19,481,0.7659235668789809,0.962,0.29458917835671344,0.8338338338338338,0.8310161408657373
0.49509061259457304,999,352,147,20,480,0.7655502392344498,0.96,0.29458917835671344,0.8328328328328328,0.8300426744850589
0.4969807038142012,999,353,146,20,480,0.7667731629392971,0.96,0.2925851703406814,0.8338338338338338,0.8311042579888213
0.4971546241838131,999,354,145,20,480,0.768,0.96,0.2905811623246493,0.8348348348348348,0.8321649484536082
0.4999233484274193,999,355,144,20,480,0.7692307692307693,0.96,0.28857715430861725,0.8358358358358359,0.8332247530477129
0.5,999,356,143,20,480,0.7704654895666132,0.96,0.2865731462925852,0.8368368368368369,0.8342836789212569
0.5005618927497604,999,356,143,20,480,0.7704654895666132,0.96,0.2865731462925852,0.8368368368368369,0.8342836789212569
0.5013115971998382,999,357,142,20,480,0.7717041800643086,0.96,0.2845691382765531,0.8378378378378378,0.8353417332063585
0.5018153110850919,999,358,141,20,480,0.7729468599033816,0.96,0.28256513026052105,0.8388388388388388,0.8363989230173011
0.5070534437415838,999,358,141,21,479,0.7725806451612903,0.958,0.28256513026052105,0.8378378378378378,0.8354234461438333
0.5073417214531754,999,359,140,21,479,0.7738287560581584,0.958,0.280561122244489,0.8388388388388388,0.8364794261087576
0.5090333823669867,999,360,139,21,479,0.7750809061488673,0.958,0.2785571142284569,0.8398398398398398,0.8375345584647911
0.51,999,360,139,22,478,0.7747163695299838,0.956,0.2785571142284569,0.8388388388388388,0.8365585213352207
0.5141360926572344,999,360,139,22,478,0.7747163695299838,0.956,0.2785571142284569,0.8388388388388388,0.8365585213352207
0.5190138576772274,999,361,138,22,478,0.775974025974026,0.956,0.27655310621242485,0.8398398398398398,0.8376124643405749
0.52,999,362,137,22,478,0.7772357723577236,0.956,0.2745490981963928,0.8408408408408409,0.838665576484569
0.5206563852180301,999,362,137,22,478,0.7772357723577236,0.956,0.2745490981963928,0.8408408408408409,0.838665576484569
0.521503140790681,999,363,136,22,478,0.7785016286644951,0.956,0.2725450901803607,0.8418418418418419,0.8397178647733088
0.5238279968791495,999,364,135,22,478,0.7797716150081566,0.956,0.27054108216432865,0.8428428428428428,0.8407693361962629
0.5240793674555723,999,365,134,22,478,0.7810457516339869,0.956,0.2685370741482966,0.8438438438438438,0.8418199977264238
0.5275521740080564,999,366,133,22,478,0.7823240589198036,0.956,0.2665330661322645,0.8448448448448449,0.8428698563204686
0.5298292935407631,999,367,132,22,478,0.7836065573770492,0.956,0.26452905811623245,0.8458458458458459,0.8439189189189189
0.53,999,368,131,22,478,0.7848932676518884,0.956,0.2625250501002004,0.8468468468468469,0.8449671924463005
0.5319846121550863,999,368,131,22,478,0.7848932676518884,0.956,0.2625250501002004,0.8468468468468469,0.8449671924463005
0.5322482242444391,999,369,130,22,478,0.7861842105263158,0.956,0.2605210420841683,0.8478478478478478,0.846014683811301
0.53820989671227,999,369,130,23,477,0.785831960461285,0.954,0.2605210420841683,0.8468468468468469,0.8450357230845036
0.5389660699892987,999,370,129,23,477,0.7871287128712872,0.954,0.25851703406813625,0.8478478478478478,0.8460821122454771
0.54,999,371,128,23,477,0.7884297520661157,0.954,0.2565130260521042,0.8488488488488488,0.8471277355804068
0.5455185609811791,999,371,128,23,477,0.7884297520661157,0.954,0.2565130260521042,0.8488488488488488,0.8471277355804068
0.5459686217558576,999,371,128,24,476,0.7880794701986755,0.952,0.2565130260521042,0.8478478478478478,0.8461482346075284
0.5474845409887042,999,371,128,25,475,0.7877280265339967,0.95,0.2565130260521042,0.8468468468468469,0.8451688386675243
0.5490447685818547,999,372,127,25,475,0.7890365448504983,0.95,0.2545090180360721,0.8478478478478478,0.8462130541871922
0.55,999,373,126,25,475,0.7903494176372712,0.95,0.25250501002004005,0.8488488488488488,0.8472565226504334
0.551861696502018,999,373,126,25,475,0.7903494176372712,0.95,0.25250501002004005,0.8488488488488488,0.8472565226504334
0.5544031296808142,999,373,126,26,474,0.79,0.948,0.25250501002004005,0.8478478478478478,0.8462765742053047
0.5564895239317048,999,373,126,27,473,0.7896494156928213,0.946,0.25250501002004005,0.8468468468468469,0.8452967152867255
0.5571434748826438,999,373,126,28,472,0.7892976588628763,0.944,0.25250501002004005,0.8458458458458459,0.8443169398907104
0.5593530437418628,999,374,125,28,472,0.7906197654941374,0.944,0.250501002004008,0.8468468468468469,0.8453586969608367
0.5596426161915803,999,375,124,28,472,0.7919463087248322,0.944,0.24849699398797595,0.8478478478478478,0.8463997280981437
0.559868787066196,999,375,124,29,471,0.7915966386554621,0.942,0.24849699398797595,0.8468468468468469,0.845419378327948
0.56,999,375,124,30,470,0.7912457912457912,0.94,0.24849699398797595,0.8458458458458459,0.8444390966009286
0.5623375203128701,999,375,124,30,470,0.7912457912457912,0.94,0.24849699398797595,0.8458458458458459,0.8444390966009286
0.5630591292255838,999,376,123,30,470,0.7925801011804384,0.94,0.24649298597194388,0.8468468468468469,0.8454787623905011
0.5637372276743539,999,377,122,30,470,0.793918918918919,0.94,0.24448897795591182,0.8478478478478478,0.8465177206899062
0.5644299175059981,999,377,122,31,469,0.7935702199661591,0.938,0.24448897795591182,0.8468468468468469,0.8455368520833481
0.5649240357209351,999,378,121,31,469,0.7949152542372881,0.938,0.24248496993987975,0.8478478478478478,0.8465747888291638
0.5662529874236636,999,379,120,31,469,0.7962648556876061,0.938,0.24048096192384769,0.8488488488488488,0.8476120339306659
0.5680397508366588,999,380,119,31,469,0.7976190476190477,0.938,0.23847695390781562,0.8498498498498499,0.8486485940530059
0.5695790955821947,999,381,118,31,469,0.7989778534923339,0.938,0.23647294589178355,0.8508508508508509,0.849684475848189
0.57,999,381,118,32,468,0.7986348122866894,0.936,0.23647294589178355,0.8498498498498499,0.8487023844140739
0.571734290133794,999,381,118,32,468,0.7986348122866894,0.936,0.23647294589178355,0.8498498498498499,0.8487023844140739
0.5743720098653403,999,382,117,32,468,0.8,0.936,0.23446893787575152,0.8508508508508509,0.8497372817621553
0.576954788990452,999,383,116,32,468,0.8013698630136986,0.936,0.23246492985971945,0.8518518518518519,0.8507715164679
0.5782698031970015,999,384,115,32,468,0.8027444253859348,0.936,0.23046092184368738,0.8528528528528528,0.8518050951364606
0.5797616127291061,999,384,115,33,467,0.802405498281787,0.934,0.23046092184368738,0.8518518518518519,0.8508221068860028
0.58,999,385,114,33,467,0.8037865748709122,0.934,0.22845691382765532,0.8528528528528528,0.8518547287993163
0.5816623898779247,999,385,114,33,467,0.8037865748709122,0.934,0.22845691382765532,0.8528528528528528,0.8518547287993163
0.5839812699860005,999,386,113,33,467,0.8051724137931034,0.934,0.22645290581162325,0.8538538538538538,0.8528867102396513
0.5843216874469843,999,387,112,33,467,0.8065630397236615,0.934,0.22444889779559118,0.8548548548548549,0.8539180577671865
0.5844043942485536,999,388,111,33,467,0.8079584775086506,0.934,0.22244488977955912,0.8558558558558559,0.8549487779301443
0.5857180863751654,999,389,110,33,467,0.8093587521663779,0.934,0.22044088176352705,0.8568568568568569,0.8559788772649325
0.586672161829327,999,389,110,34,466,0.8090277777777778,0.932,0.22044088176352705,0.8558558558558559,0.8549943955680637
0.59,999,390,109,34,466,0.8104347826086956,0.932,0.218436873747495,0.8568568568568569,0.8560235833606289
0.5902924914983253,999,390,109,34,466,0.8104347826086956,0.932,0.218436873747495,0.8568568568568569,0.8560235833606289
0.590765803531258,999,390,109,35,465,0.8101045296167247,0.93,0.218436873747495,0.8558558558558559,0.8550388159326707
0.5942469073769062,999,391,108,35,465,0.8115183246073299,0.93,0.21643286573146292,0.8568568568568569,0.856067101584343
0.5954689233491498,999,392,107,35,465,0.8129370629370629,0.93,0.21442885771543085,0.8578578578578578,0.8570947906257051
0.5959352392142064,999,393,106,35,465,0.8143607705779334,0.93,0.2124248496993988,0.8588588588588588,0.858121889532512
0.5964287561126523,999,393,106,36,464,0.8140350877192982,0.928,0.2124248496993988,0.8578578578578578,0.857136239123429
0.597028485392225,999,394,105,36,464,0.8154657293497364,0.928,0.21042084168336672,0.8588588588588588,0.8581624628310716
0.597951723159462,999,395,104,36,464,0.8169014084507042,0.928,0.20841683366733466,0.8598598598598599,0.8591881116346503
0.6,999,396,103,36,464,0.818342151675485,0.928,0.20641282565130262,0.8608608608608609,0.8602131919704201
0.6004473275509388,999,396,103,36,464,0.818342151675485,0.928,0.20641282565130262,0.8608608608608609,0.8602131919704201
0.6015915022071845,999,397,102,36,464,0.8197879858657244,0.928,0.20440881763527055,0.8618618618618619,0.8612377102641942
0.6017960312896543,999,397,102,37,463,0.8194690265486726,0.926,0.20440881763527055,0.8608608608608609,0.8602508944341289
0.6063551989486374,999,397,102,38,462,0.8191489361702128,0.924,0.20440881763527055,0.8598598598598599,0.8592640595063676
0.6092677527617333,999,398,101,38,462,0.8206039076376554,0.924,0.20240480961923848,0.8608608608608609,0.8602874520200623
0.61,999,398,101,39,461,0.8202846975088968,0.922,0.20240480961923848,0.8598598598598599,0.8593003042155585
0.6114066922712819,999,398,101,39,461,0.8202846975088968,0.922,0.20240480961923848,0.8598598598598599,0.8593003042155585
0.612712170539643,999,399,100,39,461,0.82174688057041,0.922,0.20040080160320642,0.8608608608608609,0.8603228665090121
0.6129966303830356,999,399,100,40,460,0.8214285714285714,0.92,0.20040080160320642,0.8598598598598599,0.8593353984793016
0.6131254954765925,999,400,99,40,460,0.8228980322003577,0.92,0.19839679358717435,0.8608608608608609,0.8603571396247591
0.6132226357702585,999,400,99,41,459,0.8225806451612904,0.918,0.19839679358717435,0.8598598598598599,0.8593693440051482
0.6166109812246912,999,401,98,41,459,0.8240574506283662,0.918,0.1963927855711423,0.8608608608608609,0.8603902730342828
0.6171037873859103,999,402,97,41,459,0.8255395683453237,0.918,0.19438877755511022,0.8618618618618619,0.8614106832657789
0.6182942041697933,999,403,96,41,459,0.827027027027027,0.918,0.19238476953907815,0.8628628628628628,0.8624305810336076
0.6184869819287542,999,404,95,41,459,0.8285198555956679,0.918,0.1903807615230461,0.8638638638638638,0.8634499726626572
0.6191242236656517,999,405,94,41,459,0.8300180831826401,0.918,0.18837675350701402,0.8648648648648649,0.8644688644688645
0.62,999,406,93,41,459,0.8315217391304348,0.918,0.18637274549098196,0.8658658658658659,0.8654872627593468
0.6218648521544865,999,406,93,41,459,0.8315217391304348,0.918,0.18637274549098196,0.8658658658658659,0.8654872627593468
0.6268159532934503,999,407,92,41,459,0.8330308529945554,0.918,0.1843687374749499,0.8668668668668669,0.8665051738325344
0.6284310066079438,999,408,91,41,459,0.8345454545454546,0.918,0.18236472945891782,0.8678678678678678,0.8675226039783002
0.63,999,409,90,41,459,0.8360655737704918,0.918,0.18036072144288579,0.8688688688688688,0.868539559478092
0.6308882235764204,999,409,90,41,459,0.8360655737704918,0.918,0.18036072144288579,0.8688688688688688,0.868539559478092
0.6322919781732605,999,410,89,41,459,0.8375912408759124,0.918,0.17835671342685372,0.8698698698698699,0.8695560466050622
0.6350743924494314,999,411,88,41,459,0.8391224862888482,0.918,0.17635270541082165,0.8708708708708709,0.8705720716241989
0.6359498209135147,999,412,87,41,459,0.8406593406593407,0.918,0.1743486973947896,0.8718718718718719,0.8715876407924547
0.6362744204502148,999,413,86,41,459,0.8422018348623853,0.918,0.17234468937875752,0.8728728728728729,0.8726027603588767
0.6375419837388933,999,414,85,41,459,0.84375,0.918,0.17034068136272545,0.8738738738738738,0.8736174365647364
0.6392309619469555,999,414,85,42,458,0.8434622467771639,0.916,0.17034068136272545,0.8728728728728729,0.8726257824539563
0.64,999,415,84,42,458,0.8450184501845018,0.916,0.1683366733466934,0.8738738738738738,0.873639765818871
0.6407261287014507,999,415,84,42,458,0.8450184501845018,0.916,0.1683366733466934,0.8738738738738738,0.873639765818871
0.6411214584859185,999,416,83,42,458,0.8465804066543438,0.916,0.16633266533066132,0.8748748748748749,0.8746533204448339
0.6431037198970821,999,417,82,42,458,0.8481481481481481,0.916,0.16432865731462926,0.8758758758758759,0.875666452545367
0.6434510071332693,999,417,82,43,457,0.8478664192949907,0.914,0.16432865731462926,0.8748748748748749,0.8746739515516344
0.6456946091468814,999,418,81,43,457,0.8494423791821561,0.914,0.1623246492985972,0.8758758758758759,0.8756864161849711
0.6458198588808223,999,419,80,43,457,0.851024208566108,0.914,0.16032064128256512,0.8768768768768769,0.8766984728419951
0.6471928873564582,999,420,79,43,457,0.8526119402985075,0.914,0.15831663326653306,0.8778778778778779,0.8777101277101278
0.6489298197763108,999,421,78,43,457,0.8542056074766355,0.914,0.156312625250501,0.8788788788788788,0.8787213869700663
0.65,999,422,77,43,457,0.8558052434456929,0.914,0.15430861723446893,0.8798798798798799,0.87973225679591
0.6513460596282603,999,422,77,43,457,0.8558052434456929,0.914,0.15430861723446893,0.8798798798798799,0.87973225679591
0.6520316290369711,999,423,76,43,457,0.8574108818011257,0.914,0.1523046092184369,0.8808808808808809,0.8807427433552859
0.6525452428920808,999,424,75,43,457,0.8590225563909775,0.914,0.15030060120240482,0.8818818818818819,0.8817528528094757
0.653242252637827,999,425,74,43,457,0.8606403013182674,0.914,0.14829659318637275,0.8828828828828829,0.8827625913135408
0.654729770203802,999,425,74,44,456,0.8603773584905661,0.912,0.14829659318637275,0.8818818818818819,0.8817680333788013
0.6560871897156088,999,426,73,44,456,0.8620037807183365,0.912,0.1462925851703407,0.8828828828828829,0.8827771710187835
0.6572325910988595,999,426,73,45,455,0.8617424242424242,0.91,0.1462925851703407,0.8818818818818819,0.8817822616230093
0.6584343910598902,999,427,72,45,455,0.8633776091081594,0.91,0.14428857715430862,0.8828828828828829,0.8827908068153671
0.6586266328931735,999,427,72,46,454,0.8631178707224335,0.908,0.14428857715430862,0.8818818818818819,0.8817955382282867
0.66,999,427,72,47,453,0.8628571428571429,0.906,0.14428857715430862,0.8808808808808809,0.8808001403755045
0.662187925397887,999,427,72,47,453,0.8628571428571429,0.906,0.14428857715430862,0.8808808808808809,0.8808001403755045
0.6646789862086839,999,427,72,48,452,0.8625954198473282,0.904,0.14428857715430862,0.8798798798798799,0.8798046072895277
0.6649919884087863,999,427,72,49,451,0.8623326959847036,0.902,0.14428857715430862,0.8788788788788788,0.8788089330024813
0.6652404778692486,999,427,72,50,450,0.8620689655172413,0.9,0.14428857715430862,0.8778778778778779,0.8778131115459882
0.6672174642528075,999,428,71,50,450,0.8637236084452975,0.9,0.14228456913827656,0.8788788788788788,0.8788201103339592
0.6680753257207819,999,429,70,50,450,0.8653846153846154,0.9,0.1402805611222445,0.8798798798798799,0.8798267773367016
0.6683747699281289,999,430,69,50,450,0.8670520231213873,0.9,0.13827655310621242,0.8808808808808809,0.8808331186516453
0.668609091212302,999,431,68,50,450,0.8687258687258688,0.9,0.13627254509018036,0.8818818818818819,0.8818391403712762
0.669517007745393,999,432,67,50,450,0.8704061895551257,0.9,0.1342685370741483,0.8828828828828829,0.882844848583259
0.6696609164577108,999,433,66,50,450,0.872093023255814,0.9,0.13226452905811623,0.8838838838838838,0.8838502493705598
0.67,999,433,66,51,449,0.8718446601941747,0.898,0.13226452905811623,0.8828828828828829,0.8828528331387278
0.67111022560748,999,433,66,51,449,0.8718446601941747,0.898,0.13226452905811623,0.8828828828828829,0.8828528331387278
0.6728945480342552,999,434,65,51,449,0.8735408560311284,0.898,0.13026052104208416,0.8838838838838838,0.8838576995237408
0.673284882068485,999,434,65,52,448,0.8732943469785575,0.896,0.13026052104208416,0.8828828828828829,0.882859877430961
0.6736844694780489,999,434,65,53,447,0.873046875,0.894,0.13026052104208416,0.8818818818818819,0.8818618765483568
0.6754310694826218,999,434,65,54,446,0.87279843444227,0.892,0.13026052104208416,0.8808808808808809,0.8808636908895764
0.6759091168799022,999,435,64,54,446,0.8745098039215686,0.892,0.1282565130260521,0.8818818818818819,0.8818675592255583
0.6766569950006613,999,436,63,54,446,0.8762278978388998,0.892,0.12625250501002003,0.8828828828828829,0.8828711465365803
0.6774340781816989,999,437,62,54,446,0.8779527559055118,0.892,0.12424849699398798,0.8838838838838838,0.8838744588744589
0.68,999,438,61,54,446,0.8796844181459567,0.892,0.12224448897795591,0.8848848848848849,0.8848775022872186
0.6802269079622395,999,438,61,54,446,0.8796844181459567,0.892,0.12224448897795591,0.8848848848848849,0.8848775022872186
0.6823860463319988,999,438,61,55,445,0.8794466403162056,0.89,0.12224448897795591,0.8838838838838838,0.8838781825177964
0.6829578183192682,999,439,60,55,445,0.8811881188118812,0.89,0.12024048096192384,0.8848848848848849,0.8848807322902106
0.6834524459743782,999,439,60,56,444,0.8809523809523809,0.888,0.12024048096192384,0.8838838838838838,0.8838809750935894
0.6843241974377889,999,440,59,56,444,0.882703777335984,0.888,0.11823647294589178,0.8848848848848849,0.8848830393242384
0.6845033469761365,999,440,59,57,443,0.8824701195219123,0.886,0.11823647294589178,0.8838838838838838,0.8838828367361662
0.6846339973846509,999,440,59,58,442,0.8822355289421158,0.884,0.11823647294589178,0.8828828828828829,0.8828824134741888
0.69,999,441,58,58,442,0.884,0.884,0.11623246492985972,0.8838838838838838,0.8838837675350701
0.6904623360671275,999,441,58,58,442,0.884,0.884,0.11623246492985972,0.8838838838838838,0.8838837675350701
0.6922805597703842,999,442,57,58,442,0.8857715430861723,0.884,0.11422845691382766,0.8848848848848849,0.8848848848848849
0.6924890320117985,999,443,56,58,442,0.8875502008032129,0.884,0.11222444889779559,0.8858858858858859,0.8858857715430861
0.6952810775874476,999,444,55,58,442,0.8893360160965795,0.884,0.11022044088176353,0.8868868868868869,0.8868864335263533
0.7,999,445,54,58,442,0.8911290322580645,0.884,0.10821643286573146,0.8878878878878879,0.8878868768487123
0.7007588524837525,999,445,54,58,442,0.8911290322580645,0.884,0.10821643286573146,0.8878878878878879,0.8878868768487123
0.7021305984327274,999,445,54,59,441,0.8909090909090909,0.882,0.10821643286573146,0.8868868868868869,0.8868850734229472
0.7041960899007302,999,445,54,60,440,0.8906882591093117,0.88,0.10821643286573146,0.8858858858858859,0.8858830272471483
0.7042648506349531,999,446,53,60,440,0.8924949290060852,0.88,0.1062124248496994,0.8868868868868869,0.8868828065112504
0.708412268656947,999,447,52,60,440,0.8943089430894309,0.88,0.10420841683366733,0.8878878878878879,0.8878823831206311
0.7085175328825288,999,448,51,60,440,0.8961303462321792,0.88,0.10220440881763528,0.8888888888888888,0.8888817630772283
0.7091514450703214,999,449,50,60,440,0.8979591836734694,0.88,0.10020040080160321,0.8898898898898899,0.8898809523809523
0.71,999,449,50,61,439,0.8977505112474438,0.878,0.10020040080160321,0.8888888888888888,0.8888777544064992
0.7120555697278029,999,449,50,61,439,0.8977505112474438,0.878,0.10020040080160321,0.8888888888888888,0.8888777544064992
0.7140656429252751,999,450,49,61,439,0.8995901639344263,0.878,0.09819639278557114,0.8898898898898899,0.8898765382611136
0.7155604530112125,999,450,49,62,438,0.8993839835728953,0.876,0.09819639278557114,0.8888888888888888,0.888872854527252
0.7155958333607056,999,450,49,63,437,0.8991769547325102,0.874,0.09819639278557114,0.8878878878878879,0.8878688997747115
0.7196563684333271,999,450,49,64,436,0.8989690721649485,0.872,0.09819639278557114,0.8868868868868869,0.8868646679461418
0.72,999,450,49,65,435,0.8987603305785123,0.87,0.09819639278557114,0.8858858858858859,0.885860152980228
0.7212724295308992,999,450,49,65,435,0.8987603305785123,0.87,0.09819639278557114,0.8858858858858859,0.885860152980228
0.7213498320111662,999,450,49,66,434,0.8985507246376812,0.868,0.09819639278557114,0.8848848848848849,0.8848553488115701
0.7220682474331945,999,450,49,67,433,0.8983402489626556,0.866,0.09819639278557114,0.8838838838838838,0.8838502493705598
0.723534646927259,999,450,49,68,432,0.8981288981288982,0.864,0.09819639278557114,0.8828828828828829,0.882844848583259
0.7235742409663242,999,450,49,69,431,0.8979166666666667,0.862,0.09819639278557114,0.8818818818818819,0.8818391403712762
0.7258220666873538,999,451,48,69,431,0.8997912317327766,0.862,0.09619238476953908,0.8828828828828829,0.8828359233801891
0.7267164394326564,999,452,47,69,431,0.9016736401673641,0.862,0.09418837675350701,0.8838838838838838,0.8838325514254781
0.7280026075434793,999,452,47,70,430,0.9014675052410901,0.86,0.09418837675350701,0.8828828828828829,0.8828260570997788
0.7293123363235098,999,452,47,71,429,0.9012605042016807,0.858,0.09418837675350701,0.8818818818818819,0.8818192390362837
0.73,999,453,46,71,429,0.9031578947368422,0.858,0.09218436873747494,0.8828828828828829,0.8828152492668622
0.7321392974393227,999,453,46,71,429,0.9031578947368422,0.858,0.09218436873747494,0.8828828828828829,0.8828152492668622
0.7323073188733557,999,453,46,72,428,0.9029535864978903,0.856,0.09218436873747494,0.8818818818818819,0.8818078638347022
0.7324046278142575,999,454,45,72,428,0.904862579281184,0.856,0.09018036072144289,0.8828828828828829,0.8828034993607901
0.732947079011779,999,454,45,73,427,0.9046610169491526,0.854,0.09018036072144289,0.8818818818818819,0.8817955382282867
0.7343652309144442,999,455,44,73,427,0.9065817409766455,0.854,0.08817635270541083,0.8828828828828829,0.8827908068153671
0.7356457856776072,999,456,43,73,427,0.9085106382978724,0.854,0.08617234468937876,0.8838838838838838,0.8837859521039753
0.7390854138131745,999,457,42,73,427,0.9104477611940298,0.854,0.0841683366733467,0.8848848848848849,0.8847809800611974
0.74,999,457,42,74,426,0.9102564102564102,0.852,0.0841683366733467,0.8838838838838838,0.8837719650164486
0.7413070811568369,999,457,42,74,426,0.9102564102564102,0.852,0.0841683366733467,0.8838838838838838,0.8837719650164486
0.7422995429214415,999,457,42,75,425,0.9100642398286938,0.85,0.0841683366733467,0.8828828828828829,0.8827625913135408
0.7424801065574004,999,457,42,76,424,0.9098712446351931,0.848,0.0841683366733467,0.8818818818818819,0.8817528528094757
0.743006306750212,999,457,42,77,423,0.9096774193548387,0.846,0.0841683366733467,0.8808808808808809,0.8807427433552859
0.7430858545681848,999,457,42,78,422,0.9094827586206896,0.844,0.0841683366733467,0.8798798798798799,0.87973225679591
0.7448956282954633,999,458,41,78,422,0.9114470842332614,0.844,0.08216432865731463,0.8808808808808809,0.8807259921441148
0.745557008888573,999,458,41,79,421,0.9112554112554112,0.842,0.08216432865731463,0.8798798798798799,0.8797148797148797
0.7465019435125496,999,458,41,80,420,0.911062906724512,0.84,0.08216432865731463,0.8788788788788788,0.878703375722613
0.7472215243626364,999,459,40,80,420,0.9130434782608695,0.84,0.08016032064128256,0.8798798798798799,0.8796965317919074
0.7479866190165599,999,459,40,81,419,0.9128540305010894,0.838,0.08016032064128256,0.8788788788788788,0.8786843851019821
0.7482173063812502,999,459,40,82,418,0.9126637554585153,0.836,0.08016032064128256,0.8778778778778779,0.8776718323430224
0.7493947003392342,999,460,39,82,418,0.9146608315098468,0.836,0.0781563126252505,0.8788788788788788,0.8786644141905993
0.7499012407231279,999,460,39,83,417,0.9144736842105263,0.834,0.0781563126252505,0.8778778778778779,0.8776512018246212
0.75,999,460,39,84,416,0.9142857142857143,0.832,0.0781563126252505,0.8768768768768769,0.8766375688333592
0.7514769125308182,999,460,39,84,416,0.9142857142857143,0.832,0.0781563126252505,0.8768768768768769,0.8766375688333592
0.7533729797877223,999,460,39,85,415,0.9140969162995595,0.83,0.0781563126252505,0.8758758758758759,0.8756235090002169
0.7557497281045988,999,461,38,85,415,0.9161147902869757,0.83,0.07615230460921844,0.8768768768768769,0.8766152718436366
0.7563293379879924,999,461,38,86,414,0.915929203539823,0.828,0.07615230460921844,0.8758758758758759,0.8756005270176905
0.7580739469264626,999,462,37,86,414,0.917960088691796,0.828,0.07414829659318638,0.8768768768768769,0.876591975269585
0.7597273781525858,999,462,37,87,413,0.9177777777777778,0.826,0.07414829659318638,0.8758758758758759,0.8755765367617516
0.76,999,462,37,88,412,0.9175946547884187,0.824,0.07414829659318638,0.8748748748748749,0.8745606483569579
0.7604143476624682,999,462,37,88,412,0.9175946547884187,0.824,0.07414829659318638,0.8748748748748749,0.8745606483569579
0.7604736601089492,999,462,37,89,411,0.9174107142857143,0.822,0.07414829659318638,0.8738738738738738,0.8735443037974684
0.7613160132000477,999,462,37,90,410,0.9172259507829977,0.82,0.07414829659318638,0.8728728728728729,0.8725274968175328
0.761623109447848,999,462,37,91,409,0.9170403587443946,0.818,0.07414829659318638,0.8718718718718719,0.8715102211432568
0.7671226962324895,999,462,37,92,408,0.9168539325842696,0.816,0.07414829659318638,0.8708708708708709,0.8704924704924706
0.7675874391818583,999,463,36,92,408,0.918918918918919,0.816,0.07214428857715431,0.8718718718718719,0.8714823272119127
0.7697367750116826,999,463,36,93,407,0.9187358916478555,0.814,0.07214428857715431,0.8708708708708709,0.8704638317761706
0.77,999,463,36,94,406,0.918552036199095,0.812,0.07214428857715431,0.8698698698698699,0.8694448465547192
0.7711040525389965,999,463,36,94,406,0.918552036199095,0.812,0.07214428857715431,0.8698698698698699,0.8694448465547192
0.772489428125739,999,463,36,95,405,0.9183673469387755,0.81,0.07214428857715431,0.8688688688688688,0.8684253652337486
0.7726625152641285,999,463,36,96,404,0.9181818181818182,0.808,0.07214428857715431,0.8678678678678678,0.8674053814905683
0.7766381276007981,999,464,35,96,404,0.9202733485193622,0.808,0.07014028056112225,0.8688688688688688,0.8683941387830463
0.7766548774640869,999,464,35,97,403,0.9200913242009132,0.806,0.07014028056112225,0.8678678678678678,0.8673733757090558
0.7772626682710748,999,464,35,98,402,0.919908466819222,0.804,0.07014028056112225,0.8668668668668669,0.8663520952927959
0.7781228134822232,999,464,35,99,401,0.9197247706422018,0.802,0.07014028056112225,0.8658658658658659,0.8653302911777487
0.7788141928933653,999,465,34,99,401,0.9218390804597701,0.802,0.06813627254509018,0.8668668668668669,0.8663182094868223
0.78,999,465,34,100,400,0.9216589861751152,0.8,0.06813627254509018,0.8658658658658659,0.8652955998132377
0.7820155972505608,999,465,34,100,400,0.9216589861751152,0.8,0.06813627254509018,0.8658658658658659,0.8652955998132377
0.7821733710620921,999,465,34,101,399,0.9214780600461894,0.798,0.06813627254509018,0.8648648648648649,0.8642724514288302
0.784747200562358,999,465,34,102,398,0.9212962962962963,0.796,0.06813627254509018,0.8638638638638638,0.8632487579415247
0.7852453716666639,999,465,34,103,397,0.9211136890951276,0.794,0.06813627254509018,0.8628628628628628,0.862224512949263
0.7852753183969214,999,465,34,104,396,0.9209302325581395,0.792,0.06813627254509018,0.8618618618618619,0.8611997100398695
0.7865117237491023,999,466,33,104,396,0.9230769230769231,0.792,0.06613226452905811,0.8628628628628628,0.8621862227507575
0.7892039921614573,999,466,33,105,395,0.9228971962616822,0.79,0.06613226452905811,0.8618618618618619,0.8611605704157268
0.79,999,466,33,106,394,0.9227166276346604,0.788,0.06613226452905811,0.8608608608608609,0.860134345000136
0.7905860889224476,999,466,33,106,394,0.9227166276346604,0.788,0.06613226452905811,0.8608608608608609,0.860134345000136
0.7911214415962066,999,467,32,106,394,0.9248826291079812,0.788,0.06412825651302605,0.8618618618618619,0.8611202894813191
0.7935993676807505,999,467,32,107,393,0.9247058823529412,0.786,0.06412825651302605,0.8608608608608609,0.8600931966449208
0.7937700080235506,999,468,31,107,393,0.9268867924528302,0.786,0.06212424849699399,0.8618618618618619,0.8610788652688094
0.7939985822292186,999,468,31,108,392,0.9267139479905437,0.784,0.06212424849699399,0.8608608608608609,0.8600508957141777
0.7945943881452435,999,468,31,109,391,0.9265402843601895,0.782,0.06212424849699399,0.8598598598598599,0.8590223290245063
0.7956127744209566,999,468,31,110,390,0.9263657957244655,0.78,0.06212424849699399,0.8588588588588588,0.8579931587017866
0.795716093969983,999,468,31,111,389,0.9261904761904762,0.778,0.06212424849699399,0.8578578578578578,0.8569633782366701
0.795765764234013,999,469,30,111,389,0.9284009546539379,0.778,0.06012024048096192,0.8588588588588588,0.8579479044494711
0.7983489205774262,999,469,30,112,388,0.9282296650717703,0.776,0.06012024048096192,0.8578578578578578,0.856917211328976
0.7984018352751947,999,470,29,112,388,0.9304556354916067,0.776,0.05811623246492986,0.8588588588588588,0.8579014745626097
0.8,999,470,29,113,387,0.9302884615384616,0.774,0.05811623246492986,0.8578578578578578,0.8568698593095432
0.8014031861739993,999,470,29,113,387,0.9302884615384616,0.774,0.05811623246492986,0.8578578578578578,0.8568698593095432
0.8040878242971756,999,470,29,114,386,0.9301204819277108,0.772,0.05811623246492986,0.8568568568568569,0.8558376095545162
0.8050100224387312,999,470,29,115,385,0.9299516908212561,0.77,0.05811623246492986,0.8558558558558559,0.8548047187255243
0.805154467736589,999,470,29,116,384,0.9297820823244553,0.768,0.05811623246492986,0.8548548548548549,0.8537711802383392
0.8065445884217294,999,470,29,117,383,0.9296116504854369,0.766,0.05811623246492986,0.8538538538538538,0.8527369874963653
0.8069866764581544,999,470,29,118,382,0.9294403892944039,0.764,0.05811623246492986,0.8528528528528528,0.8517021338904951
0.808021045306585,999,470,29,119,381,0.9292682926829269,0.762,0.05811623246492986,0.8518518518518519,0.8506666127989657
0.8082703525585704,999,470,29,120,380,0.9290953545232273,0.76,0.05811623246492986,0.8508508508508509,0.8496304175872132
0.8089169329150098,999,471,28,120,380,0.9313725490196079,0.76,0.056112224448897796,0.8518518518518519,0.850612294386291
0.8091184299403,999,472,27,120,380,0.9336609336609336,0.76,0.05410821643286573,0.8528528528528528,0.8515942304330206
0.81,999,473,26,120,380,0.9359605911330049,0.76,0.052104208416833664,0.8538538538538538,0.8525762317153045
0.8106288179346448,999,473,26,120,380,0.9359605911330049,0.76,0.052104208416833664,0.8538538538538538,0.8525762317153045
0.8131606593100926,999,473,26,121,379,0.9358024691358025,0.758,0.052104208416833664,0.8528528528528528,0.8515384187673443
0.814382057825353,999,473,26,122,378,0.9356435643564357,0.756,0.052104208416833664,0.8518518518518519,0.8504999110190743
0.8149621546484183,999,473,26,123,377,0.9354838709677419,0.754,0.052104208416833664,0.8508508508508509,0.8494607017703546
0.8154490049097982,999,474,25,123,377,0.9378109452736318,0.754,0.050100200400801605,0.8518518518518519,0.8504418405166135
0.8167927392732773,999,475,24,123,377,0.940149625935162,0.754,0.04809619238476954,0.8528528528528528,0.8514230617859018
0.8172017573176059,999,475,24,124,376,0.94,0.752,0.04809619238476954,0.8518518518518519,0.8503825136612022
0.8184552069674933,999,475,24,125,375,0.9398496240601504,0.75,0.04809619238476954,0.8508508508508509,0.8493412456060268
0.8190669691598887,999,475,24,126,374,0.9396984924623115,0.748,0.04809619238476954,0.8498498498498499,0.8482992508604981
0.8193831738041966,999,476,23,126,374,0.9420654911838791,0.748,0.04609218436873747,0.8508508508508509,0.8492796150656594
0.8194962906966476,999,477,22,126,374,0.9444444444444444,0.748,0.04408817635270541,0.8518518518518519,0.8502600790770029
0.82,999,477,22,127,373,0.9443037974683545,0.746,0.04408817635270541,0.8508508508508509,0.8492167121664126
0.8230668200251146,999,477,22,127,373,0.9443037974683545,0.746,0.04408817635270541,0.8508508508508509,0.8492167121664126
0.8232431110322075,999,478,21,127,373,0.9467005076142132,0.746,0.04208416833667335,0.8518518518518519,0.8501969652757514
0.8248038758294907,999,478,21,128,372,0.9465648854961832,0.744,0.04208416833667335,0.8508508508508509,0.8491525337846397
0.8257113909163739,999,478,21,129,371,0.9464285714285714,0.742,0.04208416833667335,0.8498498498498499,0.8481073476106682
0.8272442036123029,999,478,21,130,370,0.9462915601023018,0.74,0.04208416833667335,0.8488488488488488,0.8470613999069283
0.8281393385371637,999,478,21,131,369,0.9461538461538461,0.738,0.04208416833667335,0.8478478478478478,0.846014683811301
0.8293900613700707,999,478,21,132,368,0.9460154241645244,0.736,0.04208416833667335,0.8468468468468469,0.8449671924463005
0.83,999,478,21,133,367,0.9458762886597938,0.734,0.04208416833667335,0.8458458458458459,0.8439189189189189
0.8300178217712467,999,478,21,133,367,0.9458762886597938,0.734,0.04208416833667335,0.8458458458458459,0.8439189189189189
0.8300601868075815,999,479,20,133,367,0.9483204134366925,0.734,0.04008016032064128,0.8468468468468469,0.8448973420453658
0.830998745562954,999,479,20,134,366,0.9481865284974094,0.732,0.04008016032064128,0.8458458458458459,0.8438479464735209
0.8315660781952817,999,479,20,135,365,0.948051948051948,0.73,0.04008016032064128,0.8448448448448449,0.8427977522956736
0.832760321955483,999,479,20,136,364,0.9479166666666666,0.728,0.04008016032064128,0.8438438438438438,0.8417467525609885
0.8331928570809468,999,479,20,137,363,0.9477806788511749,0.726,0.04008016032064128,0.8428428428428428,0.8406949403023731
0.8343181503535638,999,479,20,138,362,0.9476439790575916,0.724,0.04008016032064128,0.8418418418418419,0.8396423085363178
0.8358276260458756,999,479,20,139,361,0.94750656167979,0.722,0.04008016032064128,0.8408408408408409,0.8385888502627334
0.8362857147379601,999,479,20,140,360,0.9473684210526315,0.72,0.04008016032064128,0.8398398398398398,0.8375345584647911
0.8379764745902257,999,479,20,141,359,0.9472295514511874,0.718,0.04008016032064128,0.8388388388388388,0.8364794261087576
0.8382446653564715,999,479,20,142,358,0.9470899470899471,0.716,0.04008016032064128,0.8378378378378378,0.8354234461438333
0.8385332775328763,999,479,20,143,357,0.946949602122016,0.714,0.04008016032064128,0.8368368368368369,0.8343666115019881
0.8397154307941648,999,479,20,144,356,0.9468085106382979,0.712,0.04008016032064128,0.8358358358358359,0.833308915097795
0.84,999,479,20,145,355,0.9466666666666667,0.71,0.04008016032064128,0.8348348348348348,0.8322503498282661
0.8411083835449834,999,479,20,145,355,0.9466666666666667,0.71,0.04008016032064128,0.8348348348348348,0.8322503498282661
0.842547465074655,999,479,20,146,354,0.946524064171123,0.708,0.04008016032064128,0.8338338338338338,0.831190908572685
0.8428669772145722,999,479,20,147,353,0.9463806970509383,0.706,0.04008016032064128,0.8328328328328328,0.8301305841924398
0.8430181999202091,999,479,20,148,352,0.946236559139785,0.704,0.04008016032064128,0.8318318318318318,0.8290693695308553
0.8430861094743495,999,480,19,148,352,0.9487870619946092,0.704,0.03807615230460922,0.8328328328328328,0.8300426744850589
0.8434962416893633,999,480,19,149,351,0.9486486486486486,0.702,0.03807615230460922,0.8318318318318318,0.828980190755686
0.8445987878099007,999,480,19,150,350,0.948509485094851,0.7,0.03807615230460922,0.8308308308308309,0.8279167995955564
0.8446346910007702,999,480,19,151,349,0.9483695652173914,0.698,0.03807615230460922,0.8298298298298298,0.8268524937808409
0.8449182169477334,999,481,18,151,349,0.9509536784741145,0.698,0.036072144288577156,0.8308308308308309,0.8278248419043073
0.8455181434160877,999,481,18,152,348,0.9508196721311475,0.696,0.036072144288577156,0.8298298298298298,0.8267592358351219
0.8455771241308765,999,482,17,152,348,0.9534246575342465,0.696,0.03406813627254509,0.8308308308308309,0.8277313796815453
0.8459025235234087,999,482,17,153,347,0.9532967032967034,0.694,0.03406813627254509,0.8298298298298298,0.8266644620811288
0.8482562533855867,999,482,17,154,346,0.953168044077135,0.692,0.03406813627254509,0.8288288288288288,0.8255966023654805
0.849018573953934,999,483,16,154,346,0.9558011049723757,0.692,0.03206412825651302,0.8298298298298298,0.8265681677069376
0.849364325539502,999,483,16,155,345,0.9556786703601108,0.69,0.03206412825651302,0.8288288288288288,0.8254989749294401
0.84946612079187,999,483,16,156,344,0.9555555555555556,0.688,0.03206412825651302,0.8278278278278278,0.8244288224956063
0.8494665152222027,999,483,16,157,343,0.9554317548746518,0.686,0.03206412825651302,0.8268268268268268,0.8233577030276952
0.8499563801097486,999,483,16,158,342,0.9553072625698324,0.684,0.03206412825651302,0.8258258258258259,0.8222856091277144
0.85,999,483,16,159,341,0.9551820728291317,0.682,0.03206412825651302,0.8248248248248248,0.8212125333772398
0.850688143637455,999,483,16,159,341,0.9551820728291317,0.682,0.03206412825651302,0.8248248248248248,0.8212125333772398
0.8513752705590975,999,484,15,159,341,0.9578651685393258,0.682,0.03006012024048096,0.8258258258258259,0.8221823493788566
0.8521872516229738,999,484,15,160,340,0.9577464788732394,0.68,0.03006012024048096,0.8248248248248248,0.8211078878298107
0.8534254301913097,999,484,15,161,339,0.9576271186440678,0.678,0.03006012024048096,0.8238238238238238,0.8200324265898036
0.8536148111323915,999,484,15,162,338,0.9575070821529745,0.676,0.03006012024048096,0.8228228228228228,0.8189559581646078
0.8542087945697404,999,485,14,162,338,0.9602272727272727,0.676,0.028056112224448898,0.8238238238238238,0.8199247843079419
0.8555044693726604,999,485,14,163,337,0.9601139601139601,0.674,0.028056112224448898,0.8228228228228228,0.8188468973882719
0.8570338928386938,999,485,14,164,336,0.96,0.672,0.028056112224448898,0.8218218218218218,0.8177679852428776
0.8572150544072086,999,485,14,165,335,0.9598853868194842,0.67,0.028056112224448898,0.8208208208208209,0.8166880402992923
0.8576748502996339,999,485,14,166,334,0.9597701149425287,0.668,0.028056112224448898,0.8198198198198198,0.8156070549630845
0.8585345523774557,999,486,13,166,334,0.962536023054755,0.668,0.026052104208416832,0.8208208208208209,0.8165744688926112
0.858634484842957,999,486,13,167,333,0.9624277456647399,0.666,0.026052104208416832,0.8198198198198198,0.8154920212765957
0.8591691681042353,999,486,13,168,332,0.9623188405797102,0.664,0.026052104208416832,0.8188188188188188,0.8144085149622544
0.8593440659155498,999,486,13,169,331,0.9622093023255814,0.662,0.026052104208416832,0.8178178178178178,0.8133239422737316
0.86,999,486,13,170,330,0.9620991253644315,0.66,0.026052104208416832,0.8168168168168168,0.8122382955123169
0.8608384957255248,999,486,13,170,330,0.9620991253644315,0.66,0.026052104208416832,0.8168168168168168,0.8122382955123169
0.8608798547527758,999,486,13,171,329,0.9619883040935673,0.658,0.026052104208416832,0.8158158158158159,0.8111515669562501
0.8613013306130749,999,486,13,172,328,0.9618768328445748,0.656,0.026052104208416832,0.8148148148148148,0.8100637488605265
0.8623052679989329,999,486,13,173,327,0.961764705882353,0.654,0.026052104208416832,0.8138138138138138,0.8089748334566987
0.862987997871259,999,486,13,174,326,0.9616519174041298,0.652,0.026052104208416832,0.8128128128128128,0.807884812952681
0.863738140913216,999,486,13,175,325,0.9615384615384616,0.65,0.026052104208416832,0.8118118118118118,0.8067936795325488
0.864213165004788,999,486,13,176,324,0.9614243323442137,0.648,0.026052104208416832,0.8108108108108109,0.805701425356339
0.8645481933512253,999,486,13,177,323,0.9613095238095238,0.646,0.026052104208416832,0.8098098098098098,0.8046080425598499
0.8645796333338374,999,486,13,178,322,0.9611940298507463,0.644,0.026052104208416832,0.8088088088088088,0.8035135232544369
0.8647900540127095,999,486,13,179,321,0.9610778443113772,0.642,0.026052104208416832,0.8078078078078078,0.8024178595268115
0.86578726658856,999,486,13,180,320,0.960960960960961,0.64,0.026052104208416832,0.8068068068068068,0.8013210434388347
0.8670415472219926,999,486,13,181,319,0.9608433734939759,0.638,0.026052104208416832,0.8058058058058059,0.8002230670273123
0.8676850708271645,999,486,13,182,318,0.9607250755287009,0.636,0.026052104208416832,0.8048048048048048,0.7991239223037874
0.87,999,486,13,183,317,0.9606060606060606,0.634,0.026052104208416832,0.8038038038038038,0.7980236012543325
0.8702147005754564,999,486,13,183,317,0.9606060606060606,0.634,0.026052104208416832,0.8038038038038038,0.7980236012543325
0.8709273790609809,999,486,13,184,316,0.9604863221884499,0.632,0.026052104208416832,0.8028028028028028,0.7969220958393397
0.8736753431939464,999,486,13,185,315,0.9603658536585366,0.63,0.026052104208416832,0.8018018018018018,0.795819397993311
0.8738845875994103,999,486,13,186,314,0.9602446483180428,0.628,0.026052104208416832,0.8008008008008008,0.7947154996246453
0.8742627282271402,999,486,13,187,313,0.9601226993865031,0.626,0.026052104208416832,0.7997997997997998,0.7936103926154253
0.8746449216582493,999,486,13,188,312,0.96,0.624,0.026052104208416832,0.7987987987987988,0.7925040688212044
0.8748858429896381,999,486,13,189,311,0.9598765432098766,0.622,0.026052104208416832,0.7977977977977978,0.7913965200707894
0.8751731455032199,999,486,13,190,310,0.9597523219814241,0.62,0.026052104208416832,0.7967967967967968,0.7902877381660247
0.8754417773452274,999,486,13,191,309,0.9596273291925466,0.618,0.026052104208416832,0.7957957957957958,0.7891777148815731
0.8756310476055762,999,486,13,192,308,0.9595015576323987,0.616,0.026052104208416832,0.7947947947947948,0.7880664419646969
0.8756901233577208,999,486,13,193,307,0.959375,0.614,0.026052104208416832,0.7937937937937938,0.7869539111350367
0.875836853428605,999,486,13,194,306,0.9592476489028213,0.612,0.026052104208416832,0.7927927927927928,0.7858401140843889
0.8761371123970747,999,486,13,195,305,0.9591194968553459,0.61,0.026052104208416832,0.7917917917917918,0.7847250424764826
0.8761644612140363,999,486,13,196,304,0.9589905362776026,0.608,0.026052104208416832,0.7907907907907908,0.7836086879467539
0.8775261186504576,999,486,13,197,303,0.9588607594936709,0.606,0.026052104208416832,0.7897897897897898,0.7824910421021201
0.8784586022693381,999,486,13,198,302,0.9587301587301588,0.604,0.026052104208416832,0.7887887887887888,0.7813720965207516
0.8785955067215935,999,487,12,198,302,0.9617834394904459,0.604,0.02404809619238477,0.7897897897897898,0.7823249385749386
0.88,999,487,12,199,301,0.9616613418530351,0.602,0.02404809619238477,0.7887887887887888,0.7812041664720444
0.8806304115955932,999,487,12,199,301,0.9616613418530351,0.602,0.02404809619238477,0.7887887887887888,0.7812041664720444
0.8806807658630329,999,487,12,200,300,0.9615384615384616,0.6,0.02404809619238477,0.7877877877877878,0.7800820741159172
0.8814982559394622,999,487,12,201,299,0.9614147909967846,0.598,0.02404809619238477,0.7867867867867868,0.7789586529781636
0.8815932277178309,999,487,12,202,298,0.9612903225806452,0.596,0.02404809619238477,0.7857857857857858,0.7778338945005612
0.8832140965570273,999,487,12,203,297,0.9611650485436893,0.594,0.02404809619238477,0.7847847847847848,0.7767077900948227
0.8832496935975255,999,487,12,204,296,0.961038961038961,0.592,0.02404809619238477,0.7837837837837838,0.7755803311423579
0.8839402627523789,999,487,12,205,295,0.9609120521172638,0.59,0.02404809619238477,0.7827827827827828,0.7744515089940351
0.8848469817244281,999,487,12,206,294,0.9607843137254902,0.588,0.02404809619238477,0.7817817817817818,0.7733213149699403
0.8867681065678642,999,487,12,207,293,0.9606557377049181,0.586,0.02404809619238477,0.7807807807807807,0.7721897403591342
0.8872902398638856,999,487,12,208,292,0.9605263157894737,0.584,0.02404809619238477,0.7797797797797797,0.7710567764194105
0.8880357168513983,999,488,11,208,292,0.9636963696369637,0.584,0.022044088176352707,0.7807807807807807,0.7720045644731837
0.8881721133323858,999,488,11,209,291,0.9635761589403974,0.582,0.022044088176352707,0.7797797797797797,0.7708696486209226
0.8882817823428618,999,488,11,210,290,0.9634551495016611,0.58,0.022044088176352707,0.7787787787787788,0.769733322069218
0.8893227795953534,999,489,10,210,290,0.9666666666666667,0.58,0.02004008016032064,0.7797797797797797,0.7706803005008347
0.89,999,489,10,211,289,0.9665551839464883,0.578,0.02004008016032064,0.7787787787787788,0.7695419942150374
0.8909976223679378,999,489,10,211,289,0.9665551839464883,0.578,0.02004008016032064,0.7787787787787788,0.7695419942150374
0.8914826395288173,999,489,10,212,288,0.9664429530201343,0.576,0.02004008016032064,0.7777777777777778,0.7684022556390977
0.892005309108426,999,489,10,213,287,0.9663299663299664,0.574,0.02004008016032064,0.7767767767767768,0.7672610758286957
0.8920754010966679,999,489,10,214,286,0.9662162162162162,0.572,0.02004008016032064,0.7757757757757757,0.7661184458064031
0.8923582677719073,999,490,9,214,286,0.9694915254237289,0.572,0.018036072144288578,0.7767767767767768,0.7670634733919917
0.8926053641270323,999,490,9,215,285,0.9693877551020408,0.57,0.018036072144288578,0.7757757757757757,0.7659188096772305
0.8926494150002892,999,490,9,216,284,0.9692832764505119,0.568,0.018036072144288578,0.7747747747747747,0.764772673758457
0.8938623583705467,999,490,9,217,283,0.9691780821917808,0.566,0.018036072144288578,0.7737737737737738,0.7636250565355043
0.8939566526198665,999,490,9,218,282,0.9690721649484536,0.564,0.018036072144288578,0.7727727727727728,0.7624759488738784
0.8947326189349168,999,491,8,218,282,0.9724137931034482,0.564,0.01603206412825651,0.7737737737737738,0.7634189789588398
0.895143720190557,999,491,8,219,281,0.972318339100346,0.562,0.01603206412825651,0.7727727727727728,0.7622677825057318
0.8966426206836117,999,491,8,220,280,0.9722222222222222,0.56,0.01603206412825651,0.7717717717717718,0.7611150732055209
0.896700761182117,999,491,8,221,279,0.9721254355400697,0.558,0.01603206412825651,0.7707707707707707,0.7599608417964507
0.8990275262702583,999,491,8,222,278,0.972027972027972,0.556,0.01603206412825651,0.7697697697697697,0.7588050789811805
0.8994849428534177,999,491,8,223,277,0.9719298245614035,0.554,0.01603206412825651,0.7687687687687688,0.7576477754265101
0.8995422170620334,999,491,8,224,276,0.971830985915493,0.552,0.01603206412825651,0.7677677677677678,0.7564889217631039
0.9,999,491,8,225,275,0.9717314487632509,0.55,0.01603206412825651,0.7667667667667668,0.7553285085852135
0.9000262425712754,999,491,8,225,275,0.9717314487632509,0.55,0.01603206412825651,0.7667667667667668,0.7553285085852135
0.9003311668394912,999,492,7,225,275,0.975177304964539,0.55,0.014028056112224449,0.7677677677677678,0.7562676672499664
0.9007869977966385,999,492,7,226,274,0.9750889679715302,0.548,0.014028056112224449,0.7667667667667668,0.7551050682972865
0.900886262119846,999,492,7,227,273,0.975,0.546,0.014028056112224449,0.7657657657657657,0.7539408866995074
0.9013304086799071,999,492,7,228,272,0.974910394265233,0.544,0.014028056112224449,0.7647647647647647,0.7527751129158458
0.901892285118609,999,492,7,229,271,0.9748201438848921,0.542,0.014028056112224449,0.7637637637637638,0.7516077373677779
0.902000499971228,999,492,7,230,270,0.9747292418772563,0.54,0.014028056112224449,0.7627627627627628,0.7504387504387504
0.902378669808577,999,492,7,231,269,0.9746376811594203,0.538,0.014028056112224449,0.7617617617617618,0.7492681424738894
0.9026376514919718,999,492,7,232,268,0.9745454545454545,0.536,0.014028056112224449,0.7607607607607607,0.7480959037797061
0.9026646008232957,999,492,7,233,267,0.9744525547445255,0.534,0.014028056112224449,0.7597597597597597,0.7469220246238031
0.9030615800390942,999,492,7,234,266,0.9743589743589743,0.532,0.014028056112224449,0.7587587587587588,0.745746495234575
0.9033796928476575,999,492,7,235,265,0.9742647058823529,0.53,0.014028056112224449,0.7577577577577578,0.7445693058009112
0.904481446584802,999,492,7,236,264,0.974169741697417,0.528,0.014028056112224449,0.7567567567567568,0.7433904464718921
0.9053543640942696,999,492,7,237,263,0.9740740740740741,0.526,0.014028056112224449,0.7557557557557557,0.7422099073564872
0.9066199218899501,999,492,7,238,262,0.9739776951672863,0.524,0.014028056112224449,0.7547547547547547,0.7410276785232477
0.9068384324285423,999,492,7,239,261,0.9738805970149254,0.522,0.014028056112224449,0.7537537537537538,0.73984375
0.907972853251551,999,493,6,239,261,0.9775280898876404,0.522,0.012024048096192385,0.7547547547547547,0.740774240423141
0.91,999,493,6,240,260,0.9774436090225563,0.52,0.012024048096192385,0.7537537537537538,0.7395879251297006
0.9111875623692167,999,493,6,240,260,0.9774436090225563,0.52,0.012024048096192385,0.7537537537537538,0.7395879251297006
0.9114187047501114,999,493,6,241,259,0.9773584905660377,0.518,0.012024048096192385,0.7527527527527528,0.7383998855016459
0.9119317444232964,999,493,6,242,258,0.9772727272727273,0.516,0.012024048096192385,0.7517517517517518,0.7372101114156491
0.9121692580722187,999,493,6,243,257,0.9771863117870723,0.514,0.012024048096192385,0.7507507507507507,0.7360185927061833
0.9122846500764438,999,493,6,244,256,0.9770992366412213,0.512,0.012024048096192385,0.7497497497497497,0.7348253191652014
0.9128204564171469,999,493,6,245,255,0.9770114942528736,0.51,0.012024048096192385,0.7487487487487487,0.7336302805418136
0.9139472840950297,999,493,6,246,254,0.9769230769230769,0.508,0.012024048096192385,0.7477477477477478,0.7324334665419607
0.9141082297377939,999,493,6,247,253,0.9768339768339769,0.506,0.012024048096192385,0.7467467467467468,0.7312348668280871
0.9141174467828665,999,493,6,248,252,0.9767441860465116,0.504,0.012024048096192385,0.7457457457457457,0.7300344710188101
0.9142647585425666,999,493,6,249,251,0.9766536964980544,0.502,0.012024048096192385,0.7447447447447447,0.7288322686885869
0.9150861230739697,999,493,6,250,250,0.9765625,0.5,0.012024048096192385,0.7437437437437437,0.7276282493673798
0.9153108754376021,999,493,6,251,249,0.9764705882352941,0.498,0.012024048096192385,0.7427427427427428,0.7264224025403185
0.9156877048315869,999,493,6,252,248,0.9763779527559056,0.496,0.012024048096192385,0.7417417417417418,0.7252147176473598
0.9157895742880425,999,494,5,252,248,0.9802371541501976,0.496,0.01002004008016032,0.7427427427427428,0.7261364181826909
0.9161869666337203,999,494,5,253,247,0.9801587301587301,0.494,0.01002004008016032,0.7417417417417418,0.724926146647997
0.9174154743012057,999,494,5,254,246,0.9800796812749004,0.492,0.01002004008016032,0.7407407407407407,0.7237140108297198
0.9177324490079932,999,494,5,255,245,0.98,0.49,0.01002004008016032,0.7397397397397397,0.7224999999999999
0.9179566316922264,999,494,5,256,244,0.9799196787148594,0.488,0.01002004008016032,0.7387387387387387,0.7212841033841759
0.9180788722848642,999,494,5,257,243,0.9798387096774194,0.486,0.01002004008016032,0.7377377377377378,0.7200663101604279
0.9188602159431287,999,494,5,258,242,0.979757085020243,0.484,0.01002004008016032,0.7367367367367368,0.7188466094594204
0.9193670925791088,999,494,5,259,241,0.9796747967479674,0.482,0.01002004008016032,0.7357357357357357,0.7176249903639431
0.92,999,494,5,260,240,0.9795918367346939,0.48,0.01002004008016032,0.7347347347347347,0.7164014419085469
0.9211974370582565,999,494,5,260,240,0.9795918367346939,0.48,0.01002004008016032,0.7347347347347347,0.7164014419085469
0.9229458513545786,999,494,5,261,239,0.9795081967213115,0.478,0.01002004008016032,0.7337337337337337,0.7151759530791788
0.9237062040015692,999,494,5,262,238,0.9794238683127572,0.476,0.01002004008016032,0.7327327327327328,0.7139485128128134
0.9247161695367891,999,495,4,262,238,0.9834710743801653,0.476,0.008016032064128256,0.7337337337337337,0.7148629972359091
0.925062904364474,999,495,4,263,237,0.983402489626556,0.474,0.008016032064128256,0.7327327327327328,0.7136328060835033
0.9254402224475742,999,495,4,264,236,0.9833333333333333,0.472,0.008016032064128256,0.7317317317317318,0.7124006359300477
0.9257816991205594,999,495,4,265,235,0.9832635983263598,0.47,0.008016032064128256,0.7307307307307307,0.7111664755304433
0.9258900635896583,999,495,4,266,234,0.9831932773109243,0.468,0.008016032064128256,0.7297297297297297,0.7099303135888502
0.9259808900983273,999,495,4,267,233,0.9831223628691983,0.466,0.008016032064128256,0.7287287287287287,0.7086921387583027
0.9265146385243738,999,495,4,268,232,0.9830508474576272,0.464,0.008016032064128256,0.7277277277277278,0.7074519396403225
0.9265925341194543,999,495,4,269,231,0.9829787234042553,0.462,0.008016032064128256,0.7267267267267268,0.7062097047845266
0.926836283502675,999,495,4,270,230,0.9829059829059829,0.46,0.008016032064128256,0.7257257257257257,0.7049654226882351
0.9273265959773173,999,495,4,271,229,0.9828326180257511,0.458,0.008016032064128256,0.7247247247247247,0.7037190817960733
0.9274400111332181,999,495,4,272,228,0.9827586206896551,0.456,0.008016032064128256,0.7237237237237237,0.7024706704995727
0.9280139189359419,999,495,4,273,227,0.9826839826839827,0.454,0.008016032064128256,0.7227227227227228,0.7012201771367677
0.9280360627530445,999,495,4,274,226,0.9826086956521739,0.452,0.008016032064128256,0.7217217217217218,0.6999675899917894
0.9280655641409995,999,495,4,275,225,0.982532751091703,0.45,0.008016032064128256,0.7207207207207207,0.6987128972944576
0.9287623345076657,999,495,4,276,224,0.9824561403508771,0.448,0.008016032064128256,0.7197197197197197,0.6974560872198667
0.92921142456922,999,495,4,277,223,0.9823788546255506,0.446,0.008016032064128256,0.7187187187187187,0.6961971478879718
0.9297024376313378,999,495,4,278,222,0.9823008849557522,0.444,0.008016032064128256,0.7177177177177178,0.6949360673631686
0.9297973557488317,999,495,4,279,221,0.9822222222222222,0.442,0.008016032064128256,0.7167167167167167,0.6936728336538722
0.93,999,495,4,280,220,0.9821428571428571,0.44,0.008016032064128256,0.7157157157157157,0.6924074347120914
0.9301176405896817,999,495,4,280,220,0.9821428571428571,0.44,0.008016032064128256,0.7157157157157157,0.6924074347120914
0.9310756755142073,999,495,4,281,219,0.9820627802690582,0.438,0.008016032064128256,0.7147147147147147,0.6911398584329997
0.9318807444053672,999,495,4,282,218,0.9819819819819819,0.436,0.008016032064128256,0.7137137137137137,0.6898700926545038
0.9319702709235174,999,495,4,283,217,0.9819004524886877,0.434,0.008016032064128256,0.7127127127127127,0.6885981251568072
0.9337500888085859,999,495,4,284,216,0.9818181818181818,0.432,0.008016032064128256,0.7117117117117117,0.6873239436619718
0.9349518066391257,999,495,4,285,215,0.9817351598173516,0.43,0.008016032064128256,0.7107107107107107,0.6860475358334757
0.9351711423074852,999,495,4,286,214,0.981651376146789,0.428,0.008016032064128256,0.7097097097097097,0.684768889275766
0.9357234388193942,999,495,4,287,213,0.9815668202764977,0.426,0.008016032064128256,0.7087087087087087,0.6834879915338108
0.9358416279705988,999,495,4,288,212,0.9814814814814815,0.424,0.008016032064128256,0.7077077077077077,0.6822048300926451
0.9363257672455757,999,495,4,289,211,0.9813953488372092,0.422,0.008016032064128256,0.7067067067067067,0.6809193923769139
0.9365387267736441,999,495,4,290,210,0.9813084112149533,0.42,0.008016032064128256,0.7057057057057057,0.6796316657504123
0.9370219683672921,999,495,4,291,209,0.9812206572769953,0.418,0.008016032064128256,0.7047047047047047,0.6783416375156215
0.9375799604095543,999,495,4,292,208,0.9811320754716981,0.416,0.008016032064128256,0.7037037037037037,0.6770492949132403
0.9377131434609892,999,495,4,293,207,0.981042654028436,0.414,0.008016032064128256,0.7027027027027027,0.6757546251217137
0.9379517280884953,999,495,4,294,206,0.9809523809523809,0.412,0.008016032064128256,0.7017017017017017,0.674457615256758
0.9390225820091759,999,495,4,295,205,0.9808612440191388,0.41,0.008016032064128256,0.7007007007007007,0.6731582523708804
0.9393407245726095,999,495,4,296,204,0.9807692307692307,0.408,0.008016032064128256,0.6996996996996997,0.6718565234528971
0.9394399860480658,999,496,3,296,204,0.9855072463768116,0.408,0.006012024048096192,0.7007007007007007,0.6727414359229439
0.9395691279594816,999,496,3,297,203,0.9854368932038835,0.406,0.006012024048096192,0.6996996996996997,0.6714363395574422
0.94,999,496,3,298,202,0.9853658536585366,0.404,0.006012024048096192,0.6986986986986987,0.6701288443501012
0.9400135982265903,999,496,3,298,202,0.9853658536585366,0.404,0.006012024048096192,0.6986986986986987,0.6701288443501012
0.9403039552990162,999,496,3,299,201,0.9852941176470589,0.402,0.006012024048096192,0.6976976976976977,0.6688189370521287
0.9405680190011017,999,496,3,300,200,0.9852216748768473,0.4,0.006012024048096192,0.6966966966966966,0.6675066043487097
0.9408625736777357,999,496,3,301,199,0.9851485148514851,0.398,0.006012024048096192,0.6956956956956957,0.6661918328584995
0.9414795508465075,999,496,3,302,198,0.9850746268656716,0.396,0.006012024048096192,0.6946946946946947,0.6648746091331141
0.9430392845904734,999,497,2,302,198,0.99,0.396,0.004008016032064128,0.6956956956956957,0.6657539071098393
0.9437906318107492,999,497,2,303,197,0.9899497487437185,0.394,0.004008016032064128,0.6946946946946947,0.6644331889502324
0.9438807818828249,999,497,2,304,196,0.98989898989899,0.392,0.004008016032064128,0.6936936936936937,0.6631099845713027
0.9443502262682147,999,498,1,304,196,0.9949238578680203,0.392,0.002004008016032064,0.6946946946946947,0.6639876400120424
0.9445626461918919,999,498,1,305,195,0.9948979591836735,0.39,0.002004008016032064,0.6936936936936937,0.6626608930557762
0.9446128312729702,999,498,1,306,194,0.9948717948717949,0.388,0.002004008016032064,0.6926926926926927,0.6613316254134068
0.9449960512892203,999,498,1,307,193,0.9948453608247423,0.386,0.002004008016032064,0.6916916916916916,0.6599998231997313
0.9464160603652881,999,498,1,308,192,0.9948186528497409,0.384,0.002004008016032064,0.6906906906906907,0.6586654724585759
0.9466944326638974,999,498,1,309,191,0.9947916666666666,0.382,0.002004008016032064,0.6896896896896897,0.6573285591622481
0.9471771394468224,999,498,1,310,190,0.9947643979057592,0.38,0.002004008016032064,0.6886886886886887,0.6559890692109835
0.94718988232315,999,498,1,311,189,0.9947368421052631,0.378,0.002004008016032064,0.6876876876876877,0.6546469884323893
0.9472793913522229,999,498,1,312,188,0.9947089947089947,0.376,0.002004008016032064,0.6866866866866866,0.653302302580882
0.9485574664448579,999,498,1,313,187,0.9946808510638298,0.374,0.002004008016032064,0.6856856856856857,0.6519549973371206
0.9490051627808179,999,498,1,314,186,0.9946524064171123,0.372,0.002004008016032064,0.6846846846846847,0.6506050583074356
0.9492860801484454,999,498,1,315,185,0.9946236559139785,0.37,0.002004008016032064,0.6836836836836837,0.6492524710232526
0.9494444053731237,999,498,1,316,184,0.9945945945945946,0.368,0.002004008016032064,0.6826826826826827,0.6478972209405107
0.95,999,498,1,317,183,0.9945652173913043,0.366,0.002004008016032064,0.6816816816816816,0.6465392934390771
0.9500897564406786,999,498,1,317,183,0.9945652173913043,0.366,0.002004008016032064,0.6816816816816816,0.6465392934390771
0.9502222546123142,999,498,1,318,182,0.994535519125683,0.364,0.002004008016032064,0.6806806806806807,0.6451786738221557
0.950429922449727,999,498,1,319,181,0.9945054945054945,0.362,0.002004008016032064,0.6796796796796797,0.6438153473156905
0.9505543936630543,999,498,1,320,180,0.994475138121547,0.36,0.002004008016032064,0.6786786786786787,0.6424492990677652
0.950555470288928,999,498,1,321,179,0.9944444444444445,0.358,0.002004008016032064,0.6776776776776777,0.641080514147996
0.9508058663889855,999,498,1,322,178,0.994413407821229,0.356,0.002004008016032064,0.6766766766766766,0.639708977546921
0.9510758019596961,999,498,1,323,177,0.9943820224719101,0.354,0.002004008016032064,0.6756756756756757,0.6383346741753821
0.9512036469060959,999,498,1,324,176,0.9943502824858758,0.352,0.002004008016032064,0.6746746746746747,0.6369575888639039
0.9519332077117088,999,498,1,325,175,0.9943181818181818,0.35,0.002004008016032064,0.6736736736736737,0.6355777063620658
0.9522211066632018,999,498,1,326,174,0.9942857142857143,0.348,0.002004008016032064,0.6726726726726727,0.6341950113378685
0.9525489290515278,999,498,1,327,173,0.9942528735632183,0.346,0.002004008016032064,0.6716716716716716,0.6328094883770966
0.9526531539644909,999,498,1,328,172,0.9942196531791907,0.344,0.002004008016032064,0.6706706706706707,0.631421121982674
0.9526735203741142,999,498,1,329,171,0.9941860465116279,0.342,0.002004008016032064,0.6696696696696697,0.6300298965740142
0.9531800464834645,999,498,1,330,170,0.9941520467836257,0.34,0.002004008016032064,0.6686686686686687,0.6286357964863654
0.9533636885375617,999,498,1,331,169,0.9941176470588236,0.338,0.002004008016032064,0.6676676676676677,0.6272388059701492
0.9538265212652483,999,498,1,332,168,0.9940828402366864,0.336,0.002004008016032064,0.6666666666666666,0.6258389091902945
0.9542548905644026,999,498,1,333,167,0.9940476190476191,0.334,0.002004008016032064,0.6656656656656657,0.6244360902255639
0.9547233890219273,999,498,1,334,166,0.9940119760479041,0.332,0.002004008016032064,0.6646646646646647,0.6230303330678764
0.9552544105694543,999,498,1,335,165,0.9939759036144579,0.33,0.002004008016032064,0.6636636636636637,0.6216216216216216
0.9554036150225315,999,498,1,336,164,0.9939393939393939,0.328,0.002004008016032064,0.6626626626626627,0.6202099397029708
0.9554475088367954,999,498,1,337,163,0.9939024390243902,0.326,0.002004008016032064,0.6616616616616616,0.6187952710391792
0.9555164908387689,999,498,1,338,162,0.9938650306748467,0.324,0.002004008016032064,0.6606606606606606,0.6173775992678835
0.95572103469662,999,498,1,339,161,0.9938271604938271,0.322,0.002004008016032064,0.6596596596596597,0.6159569079363931
0.9559088983063403,999,498,1,340,160,0.9937888198757764,0.32,0.002004008016032064,0.6586586586586587,0.6145331805009748
0.9561943236534407,999,498,1,341,159,0.99375,0.318,0.002004008016032064,0.6576576576576577,0.6131064003261313
0.9563892721588881,999,498,1,342,158,0.9937106918238994,0.316,0.002004008016032064,0.6566566566566566,0.6116765506838728
0.956453521381095,999,498,1,343,157,0.9936708860759493,0.314,0.002004008016032064,0.6556556556556556,0.6102436147529828
0.9565748237364984,999,498,1,344,156,0.9936305732484076,0.312,0.002004008016032064,0.6546546546546547,0.6088075756182771
0.9567314584130778,999,498,1,345,155,0.9935897435897436,0.31,0.002004008016032064,0.6536536536536537,0.6073684162698556
0.9575744035303507,999,498,1,346,154,0.9935483870967742,0.308,0.002004008016032064,0.6526526526526526,0.6059261196023487
0.9588675437172384,999,498,1,347,153,0.9935064935064936,0.306,0.002004008016032064,0.6516516516516516,0.6044806684141547
0.959632227297665,999,498,1,348,152,0.9934640522875817,0.304,0.002004008016032064,0.6506506506506506,0.6030320454066732
0.9596637910277247,999,498,1,349,151,0.993421052631579,0.302,0.002004008016032064,0.6496496496496497,0.6015802331835295
0.9597443841279844,999,498,1,350,150,0.9933774834437086,0.3,0.002004008016032064,0.6486486486486487,0.6001252142497921
0.9598002194443684,999,498,1,351,149,0.9933333333333333,0.298,0.002004008016032064,0.6476476476476476,0.5986669710111847
0.96,999,498,1,352,148,0.9932885906040269,0.296,0.002004008016032064,0.6466466466466466,0.5972054857732887
0.960135028779971,999,498,1,352,148,0.9932885906040269,0.296,0.002004008016032064,0.6466466466466466,0.5972054857732887
0.9601656104212696,999,498,1,353,147,0.9932432432432432,0.294,0.002004008016032064,0.6456456456456456,0.5957407407407407
0.9605240743110715,999,498,1,354,146,0.9931972789115646,0.292,0.002004008016032064,0.6446446446446447,0.5942727180164216
0.9606365041558999,999,498,1,355,145,0.9931506849315068,0.29,0.002004008016032064,0.6436436436436437,0.5928013996006375
0.9608780988150067,999,498,1,356,144,0.993103448275862,0.288,0.002004008016032064,0.6426426426426426,0.5913267673902954
0.961062271261085,999,498,1,357,143,0.9930555555555556,0.286,0.002004008016032064,0.6416416416416416,0.5898488031780691
0.9616693959332697,999,498,1,358,142,0.993006993006993,0.284,0.002004008016032064,0.6406406406406406,0.5883674886515584
0.9617728850319197,999,498,1,359,141,0.9929577464788732,0.282,0.002004008016032064,0.6396396396396397,0.5868828053924406
0.9617971003062513,999,498,1,360,140,0.9929078014184397,0.28,0.002004008016032064,0.6386386386386387,0.5853947348756147
0.9636305822990988,999,498,1,361,139,0.9928571428571429,0.278,0.002004008016032064,0.6376376376376376,0.5839032584683358
0.9647257960806394,999,498,1,362,138,0.9928057553956835,0.276,0.002004008016032064,0.6366366366366366,0.5824083574293443
0.9656776523937753,999,498,1,363,137,0.9927536231884058,0.274,0.002004008016032064,0.6356356356356356,0.5809100129079845
0.9659584765072583,999,498,1,364,136,0.9927007299270073,0.272,0.002004008016032064,0.6346346346346347,0.5794082059433168
0.9660962825371273,999,498,1,365,135,0.9926470588235294,0.27,0.002004008016032064,0.6336336336336337,0.57790291746322
0.9661068826902357,999,498,1,366,134,0.9925925925925926,0.268,0.002004008016032064,0.6326326326326326,0.5763941282834877
0.9663155841819799,999,498,1,367,133,0.9925373134328358,0.266,0.002004008016032064,0.6316316316316316,0.5748818191069133
0.9663341644718776,999,498,1,368,132,0.9924812030075187,0.264,0.002004008016032064,0.6306306306306306,0.5733659705223686
0.9664734558281465,999,498,1,369,131,0.9924242424242424,0.262,0.002004008016032064,0.6296296296296297,0.5718465630038734
0.9673515000737736,999,498,1,370,130,0.9923664122137404,0.26,0.002004008016032064,0.6286286286286287,0.5703235769096556
0.9676932207187576,999,498,1,371,129,0.9923076923076923,0.258,0.002004008016032064,0.6276276276276276,0.5687969924812031
0.9681027247752254,999,498,1,372,128,0.9922480620155039,0.256,0.002004008016032064,0.6266266266266266,0.5672667898423065
0.9683939531507868,999,498,1,373,127,0.9921875,0.254,0.002004008016032064,0.6256256256256256,0.5657329489980938
0.9694185870332475,999,498,1,374,126,0.9921259842519685,0.252,0.002004008016032064,0.6246246246246246,0.564195449834054
0.97,999,498,1,375,125,0.9920634920634921,0.25,0.002004008016032064,0.6236236236236237,0.5626542721150533
0.9702046459214558,999,498,1,375,125,0.9920634920634921,0.25,0.002004008016032064,0.6236236236236237,0.5626542721150533
0.9709236816170046,999,498,1,376,124,0.992,0.248,0.002004008016032064,0.6226226226226226,0.5611093954843408
0.9710173031003129,999,498,1,377,123,0.9919354838709677,0.246,0.002004008016032064,0.6216216216216216,0.5595607994625462
0.9712042878759025,999,499,0,377,123,1.0,0.246,0.0,0.6226226226226226,0.5603408726105356
0.9715836846594406,999,499,0,378,122,1.0,0.244,0.0,0.6216216216216216,0.5587868279368877
0.9716934896630789,999,499,0,379,121,1.0,0.242,0.0,0.6206206206206206,0.5572290107669476
0.9717241739288909,999,499,0,380,120,1.0,0.24,0.0,0.6196196196196196,0.5556674001591835
0.9717717756609888,999,499,0,381,119,1.0,0.238,0.0,0.6186186186186187,0.5541019750445466
0.9718101740903382,999,499,0,382,118,1.0,0.236,0.0,0.6176176176176176,0.5525327142254115
0.9720116442143745,999,499,0,383,117,1.0,0.234,0.0,0.6166166166166166,0.5509595963745061
0.9725632551947772,999,499,0,384,116,1.0,0.232,0.0,0.6156156156156156,0.5493826000338302
0.9726285545544375,999,499,0,385,115,1.0,0.23,0.0,0.6146146146146146,0.5478017036135654
0.9727930674731401,999,499,0,386,114,1.0,0.228,0.0,0.6136136136136137,0.5462168853909736
0.9729863392843263,999,499,0,387,113,1.0,0.226,0.0,0.6126126126126126,0.5446281235092845
0.9734486708396418,999,499,0,388,112,1.0,0.224,0.0,0.6116116116116116,0.5430353959765725
0.9736497450226689,999,499,0,389,111,1.0,0.222,0.0,0.6106106106106106,0.5414386806646236
0.9737628947939297,999,499,0,390,110,1.0,0.22,0.0,0.6096096096096096,0.5398379553077904
0.9741037277266791,999,499,0,391,109,1.0,0.218,0.0,0.6086086086086087,0.5382331975018353
0.9742186238623581,999,499,0,392,108,1.0,0.216,0.0,0.6076076076076076,0.5366243847027641
0.974431718199297,999,499,0,393,107,1.0,0.214,0.0,0.6066066066066066,0.5350114942256469
0.9746517450488912,999,499,0,394,106,1.0,0.212,0.0,0.6056056056056056,0.5333945032434277
0.9747314118409175,999,499,0,395,105,1.0,0.21,0.0,0.6046046046046046,0.5317733887857232
0.9747625260161782,999,499,0,396,104,1.0,0.208,0.0,0.6036036036036037,0.5301481277376077
0.9747811328116588,999,499,0,397,103,1.0,0.206,0.0,0.6026026026026026,0.5285186968383887
0.9749002157915759,999,499,0,398,102,1.0,0.204,0.0,0.6016016016016016,0.5268850726803682
0.9749545588272638,999,499,0,399,101,1.0,0.202,0.0,0.6006006006006006,0.525247231707593
0.9754773704157933,999,499,0,400,100,1.0,0.2,0.0,0.5995995995995996,0.5236051502145923
0.9758194237873434,999,499,0,401,99,1.0,0.198,0.0,0.5985985985985987,0.5219588043451022
0.9759262230498553,999,499,0,402,98,1.0,0.196,0.0,0.5975975975975976,0.5203081700907788
0.9759944699330273,999,499,0,403,97,1.0,0.194,0.0,0.5965965965965966,0.518653223289897
0.9767513143872599,999,499,0,404,96,1.0,0.192,0.0,0.5955955955955956,0.5169939396260376
0.9768480739590771,999,499,0,405,95,1.0,0.19,0.0,0.5945945945945946,0.5153302946267602
0.9772275925861781,999,499,0,406,94,1.0,0.188,0.0,0.5935935935935935,0.5136622636622636
0.9773970400603693,999,499,0,407,93,1.0,0.186,0.0,0.5925925925925926,0.5119898219440326
0.977515055221616,999,499,0,408,92,1.0,0.184,0.0,0.5915915915915916,0.5103129445234709
0.9775899924555076,999,499,0,409,91,1.0,0.182,0.0,0.5905905905905906,0.5086316062905198
0.9780329180394046,999,499,0,410,90,1.0,0.18,0.0,0.5895895895895896,0.506945781972265
0.9788146572641588,999,499,0,411,89,1.0,0.178,0.0,0.5885885885885885,0.5052554461315265
0.9790021332710755,999,499,0,412,88,1.0,0.176,0.0,0.5875875875875876,0.5035605731654365
0.9793287020886091,999,499,0,413,87,1.0,0.174,0.0,0.5865865865865866,0.5018611373040011
0.9794912526779872,999,499,0,414,86,1.0,0.172,0.0,0.5855855855855856,0.5001571126086494
0.98,999,499,0,415,85,1.0,0.17,0.0,0.5845845845845846,0.498448472970766
0.9800715831825391,999,499,0,415,85,1.0,0.17,0.0,0.5845845845845846,0.498448472970766
0.9806986145096809,999,499,0,416,84,1.0,0.168,0.0,0.5835835835835835,0.496735192110209
0.9809306401763613,999,499,0,417,83,1.0,0.166,0.0,0.5825825825825826,0.49501724357381405
0.9809329629616008,999,499,0,418,82,1.0,0.164,0.0,0.5815815815815816,0.4932946007338808
0.9809696304452634,999,499,0,419,81,1.0,0.162,0.0,0.5805805805805806,0.49156723678664654
0.9809719931459946,999,499,0,420,80,1.0,0.16,0.0,0.5795795795795796,0.4898351247507417
0.9813061606440882,999,499,0,421,79,1.0,0.158,0.0,0.5785785785785785,0.48809823746563114
0.9816360268550108,999,499,0,422,78,1.0,0.156,0.0,0.5775775775775776,0.4863565475900385
0.9822984202501089,999,499,0,423,77,1.0,0.154,0.0,0.5765765765765766,0.48461002760035465
0.982378359024244,999,499,0,424,76,1.0,0.152,0.0,0.5755755755755756,0.4828586497890296
0.9826872225600654,999,499,0,425,75,1.0,0.15,0.0,0.5745745745745746,0.4811023862629472
0.9828939887164426,999,499,0,426,74,1.0,0.148,0.0,0.5735735735735735,0.47934120894178445
0.9830220461949604,999,499,0,427,73,1.0,0.146,0.0,0.5725725725725725,0.47757508955635164
0.9831290673681551,999,499,0,428,72,1.0,0.144,0.0,0.5715715715715716,0.4758039996469169
0.983301422730068,999,499,0,429,71,1.0,0.142,0.0,0.5705705705705706,0.4740279105615126
0.9834148484750843,999,499,0,430,70,1.0,0.14,0.0,0.5695695695695696,0.47224679345422377
0.9834682654890412,999,499,0,431,69,1.0,0.138,0.0,0.5685685685685685,0.4704606192834593
0.9835923749565998,999,499,0,432,68,1.0,0.136,0.0,0.5675675675675675,0.4686693588102039
0.9836937311945633,999,499,0,433,67,1.0,0.134,0.0,0.5665665665665666,0.46687298259625304
0.9837353848239501,999,499,0,434,66,1.0,0.132,0.0,0.5655655655655656,0.4650714610024281
0.9839422939832151,999,499,0,435,65,1.0,0.13,0.0,0.5645645645645646,0.4632647641867732
0.9842817956114257,999,499,0,436,64,1.0,0.128,0.0,0.5635635635635635,0.461452862102733
0.9843541503284133,999,499,0,437,63,1.0,0.126,0.0,0.5625625625625625,0.45963572449731094
0.9844464637870431,999,499,0,438,62,1.0,0.124,0.0,0.5615615615615616,0.4578133209092081
0.9844748424343422,999,499,0,439,61,1.0,0.122,0.0,0.5605605605605606,0.45598562066694204
0.9847795024543257,999,499,0,440,60,1.0,0.12,0.0,0.5595595595595596,0.45415259288694615
0.9848176199606039,999,499,0,441,59,1.0,0.118,0.0,0.5585585585585585,0.4523142064716479
0.9849338366699115,999,499,0,442,58,1.0,0.116,0.0,0.5575575575575575,0.45047043010752685
0.9852748792357169,999,499,0,443,57,1.0,0.114,0.0,0.5565565565565566,0.4486212322631526
0.9854999751424871,999,499,0,444,56,1.0,0.112,0.0,0.5555555555555556,0.44676658118720003
0.9856599970655376,999,499,0,445,55,1.0,0.11,0.0,0.5545545545545546,0.4449064449064449
0.9857350115810388,999,499,0,446,54,1.0,0.108,0.0,0.5535535535535535,0.4430407912237367
0.9858337788354847,999,499,0,447,53,1.0,0.106,0.0,0.5525525525525525,0.44116958771595016
0.9860389007153944,999,499,0,448,52,1.0,0.104,0.0,0.5515515515515516,0.4392928017319141
0.9860922923446157,999,499,0,449,51,1.0,0.102,0.0,0.5505505505505506,0.43741040039031875
0.9861582450918589,999,499,0,450,50,1.0,0.1,0.0,0.5495495495495496,0.43552235057759925
0.9863347999289689,999,499,0,451,49,1.0,0.098,0.0,0.5485485485485485,0.4336286189457964
0.986364170695856,999,499,0,452,48,1.0,0.096,0.0,0.5475475475475475,0.43172917191039517
0.9864323484329989,999,499,0,453,47,1.0,0.094,0.0,0.5465465465465466,0.42982397564813773
0.9866824793378841,999,499,0,454,46,1.0,0.092,0.0,0.5455455455455456,0.42791299609481426
0.9872837453646526,999,499,0,455,45,1.0,0.09,0.0,0.5445445445445446,0.42599619894302837
0.9873469982956131,999,499,0,456,44,1.0,0.088,0.0,0.5435435435435435,0.4240735496399385
0.9874129276381273,999,499,0,457,43,1.0,0.086,0.0,0.5425425425425425,0.4221450133849747
0.9876088965239156,999,499,0,458,42,1.0,0.084,0.0,0.5415415415415415,0.4202105551275293
0.9876762885140751,999,499,0,459,41,1.0,0.082,0.0,0.5405405405405406,0.41827013956462333
0.9878195863224923,999,499,0,460,40,1.0,0.08,0.0,0.5395395395395396,0.4163237311385459
0.9878465931762344,999,499,0,461,39,1.0,0.078,0.0,0.5385385385385385,0.41437129403446843
0.9879504166051587,999,499,0,462,38,1.0,0.076,0.0,0.5375375375375375,0.4124127921780313
0.9880760162826472,999,499,0,463,37,1.0,0.074,0.0,0.5365365365365365,0.41044818923290466
0.9881423178572051,999,499,0,464,36,1.0,0.072,0.0,0.5355355355355356,0.4084774485983217
0.9882202180363474,999,499,0,465,35,1.0,0.07,0.0,0.5345345345345346,0.4065005334065836
0.9883268262305677,999,499,0,466,34,1.0,0.068,0.0,0.5335335335335335,0.40451740652053786
0.9885696694114186,999,499,0,467,33,1.0,0.066,0.0,0.5325325325325325,0.40252803053102726
0.9887175164721725,999,499,0,468,32,1.0,0.064,0.0,0.5315315315315315,0.4005323677543107
0.9888841980425926,999,499,0,469,31,1.0,0.062,0.0,0.5305305305305306,0.3985303802294548
0.9892122575386333,999,499,0,470,30,1.0,0.06,0.0,0.5295295295295295,0.39652202971569583
0.9892707334665212,999,499,0,471,29,1.0,0.058,0.0,0.5285285285285285,0.3945072776897727
0.9896210777671721,999,499,0,472,28,1.0,0.056,0.0,0.5275275275275275,0.3924860853432282
0.9896800274613596,999,499,0,473,27,1.0,0.054,0.0,0.5265265265265265,0.39045841357968153
0.989902815953854,999,499,0,474,26,1.0,0.052,0.0,0.5255255255255256,0.3884242230120681
0.99,999,499,0,475,25,1.0,0.05,0.0,0.5245245245245245,0.3863834739598487
0.9901289814117297,999,499,0,475,25,1.0,0.05,0.0,0.5245245245245245,0.3863834739598487
0.9902089161391564,999,499,0,476,24,1.0,0.048,0.0,0.5235235235235235,0.38433612644618687
0.9902992673914343,999,499,0,477,23,1.0,0.046,0.0,0.5225225225225225,0.3822821401950935
0.9905465019109224,999,499,0,478,22,1.0,0.044,0.0,0.5215215215215215,0.3802214746285394
0.9905841491181762,999,499,0,479,21,1.0,0.042,0.0,0.5205205205205206,0.3781540888635339
0.9909565717237511,999,499,0,480,20,1.0,0.04,0.0,0.5195195195195195,0.37607994170917036
0.9909951205519472,999,499,0,481,19,1.0,0.038,0.0,0.5185185185185185,0.37399899166363776
0.9911267314523988,999,499,0,482,18,1.0,0.036,0.0,0.5175175175175175,0.3719111969111969
0.9914840195803467,999,499,0,483,17,1.0,0.034,0.0,0.5165165165165165,0.36981651531912285
0.9914913240695015,999,499,0,484,16,1.0,0.032,0.0,0.5155155155155156,0.3677149044346107
0.9920621493385902,999,499,0,485,15,1.0,0.03,0.0,0.5145145145145145,0.36560632148164635
0.9923041928503215,999,499,0,486,14,1.0,0.028,0.0,0.5135135135135135,0.36349072335784033
0.9929982398879188,999,499,0,487,13,1.0,0.026,0.0,0.5125125125125125,0.3613680666312245
0.9933042097268171,999,499,0,488,12,1.0,0.024,0.0,0.5115115115115115,0.35923830753701214
0.9934531927992127,999,499,0,489,11,1.0,0.022,0.0,0.5105105105105106,0.35710140197431883
0.993989600505495,999,499,0,490,10,1.0,0.02,0.0,0.5095095095095095,0.35495730550284627
0.9942619021706991,999,499,0,491,9,1.0,0.018,0.0,0.5085085085085085,0.3528059733395259
0.9944788496489568,999,499,0,492,8,1.0,0.016,0.0,0.5075075075075075,0.35064736035512345
0.9948162212527425,999,499,0,493,7,1.0,0.014,0.0,0.5065065065065065,0.34848142107080354
0.9950575699965699,999,499,0,494,6,1.0,0.012,0.0,0.5055055055055055,0.34630810965465353
0.9955630244280137,999,499,0,495,5,1.0,0.01,0.0,0.5045045045045045,0.344127379918166
0.9955909754612532,999,499,0,496,4,1.0,0.008,0.0,0.5035035035035035,0.3419391853126793
0.995662832883435,999,499,0,497,3,1.0,0.006,0.0,0.5025025025025025,0.33974347892577644
0.9957626924651393,999,499,0,498,2,1.0,0.004,0.0,0.5015015015015015,0.33754021347764024
0.9960303553048088,999,499,0,499,1,1.0,0.002,0.0,0.5005005005005005,0.33532934131736525
1.0,999,499,0,500,0,,0.0,0.0,0.4994994994994995,0.33311081441922563
1.0000000000000002,999,499,0,500,0,,0.0,0.0,0.4994994994994995,0.33311081441922563
